Open_time,Open_time,Open,High,Low,Close,Volume
2026-01-14 00:00:00,1768348800000,4594.0,4603.4,4594.0,4600.0,251.862
2026-01-14 00:15:00,1768349700000,4600.0,4604.5,4598.0,4604.4,157.576
2026-01-14 00:30:00,1768350600000,4604.4,4604.9,4602.6,4604.2,129.995
2026-01-14 00:45:00,1768351500000,4604.2,4605.1,4600.4,4605.1,175.516
2026-01-14 01:00:00,1768352400000,4605.1,4610.9,4603.2,4610.4,251.99
2026-01-14 01:15:00,1768353300000,4610.4,4612.4,4608.0,4609.4,81.269
2026-01-14 01:30:00,1768354200000,4609.4,4613.1,4608.7,4610.2,119.728
2026-01-14 01:45:00,1768355100000,4610.2,4614.5,4609.1,4614.0,87.774
2026-01-14 02:00:00,1768356000000,4614.0,4614.4,4609.3,4612.3,106.191
2026-01-14 02:15:00,1768356900000,4612.3,4614.9,4611.8,4614.8,84.81
2026-01-14 02:30:00,1768357800000,4614.8,4617.2,4613.4,4616.9,133.9
2026-01-14 02:45:00,1768358700000,4616.9,4617.5,4614.0,4616.3,56.85
2026-01-14 03:00:00,1768359600000,4616.3,4617.4,4613.8,4613.8,65.713
2026-01-14 03:15:00,1768360500000,4613.8,4615.6,4609.0,4609.0,51.715
2026-01-14 03:30:00,1768361400000,4609.0,4619.1,4609.0,4618.7,126.348
2026-01-14 03:45:00,1768362300000,4618.7,4623.8,4618.7,4623.1,87.373
2026-01-14 04:00:00,1768363200000,4623.1,4623.9,4621.1,4621.2,98.038
2026-01-14 04:15:00,1768364100000,4621.2,4623.3,4619.2,4619.3,90.547
2026-01-14 04:30:00,1768365000000,4619.3,4623.1,4619.1,4622.1,198.895
2026-01-14 04:45:00,1768365900000,4622.1,4623.8,4621.5,4622.5,44.801
2026-01-14 05:00:00,1768366800000,4622.5,4632.0,4622.5,4627.4,352.878
2026-01-14 05:15:00,1768367700000,4627.4,4628.4,4625.4,4627.0,126.396
2026-01-14 05:30:00,1768368600000,4627.0,4631.2,4625.5,4629.2,163.55
2026-01-14 05:45:00,1768369500000,4629.2,4631.2,4610.5,4611.9,305.377
2026-01-14 06:00:00,1768370400000,4611.9,4625.9,4611.0,4624.9,235.427
2026-01-14 06:15:00,1768371300000,4624.9,4626.8,4623.4,4625.4,66.845
2026-01-14 06:30:00,1768372200000,4625.4,4625.5,4619.4,4623.6,94.369
2026-01-14 06:45:00,1768373100000,4623.6,4628.5,4623.4,4628.5,53.659
2026-01-14 07:00:00,1768374000000,4628.5,4630.0,4622.8,4624.3,232.966
2026-01-14 07:15:00,1768374900000,4624.3,4630.7,4624.2,4630.1,213.556
2026-01-14 07:30:00,1768375800000,4630.1,4630.7,4627.6,4630.4,321.458
2026-01-14 07:45:00,1768376700000,4630.4,4630.4,4625.7,4626.0,62.415
2026-01-14 08:00:00,1768377600000,4626.0,4626.2,4617.5,4620.5,165.289
2026-01-14 08:15:00,1768378500000,4620.5,4621.1,4614.7,4617.5,226.423
2026-01-14 08:30:00,1768379400000,4617.5,4624.2,4617.0,4624.2,69.484
2026-01-14 08:45:00,1768380300000,4624.2,4628.9,4624.1,4625.6,68.896
2026-01-14 09:00:00,1768381200000,4625.6,4630.0,4625.6,4630.0,71.348
2026-01-14 09:15:00,1768382100000,4630.0,4630.6,4628.1,4629.0,126.432
2026-01-14 09:30:00,1768383000000,4629.0,4629.0,4618.0,4618.7,404.766
2026-01-14 09:45:00,1768383900000,4618.7,4624.7,4613.9,4623.8,787.884
2026-01-14 10:00:00,1768384800000,4623.8,4625.2,4621.2,4625.1,77.011
2026-01-14 10:15:00,1768385700000,4625.1,4628.4,4625.0,4628.1,81.612
2026-01-14 10:30:00,1768386600000,4628.1,4629.0,4625.7,4628.3,57.938
2026-01-14 10:45:00,1768387500000,4628.3,4628.3,4624.0,4624.9,91.893
2026-01-14 11:00:00,1768388400000,4624.9,4628.5,4622.9,4627.8,73.217
2026-01-14 11:15:00,1768389300000,4627.8,4628.6,4622.9,4622.9,30.697
2026-01-14 11:30:00,1768390200000,4622.9,4624.9,4620.8,4623.0,57.407
2026-01-14 11:45:00,1768391100000,4623.0,4623.6,4619.2,4622.2,78.591
2026-01-14 12:00:00,1768392000000,4622.2,4629.7,4622.2,4627.3,138.586
2026-01-14 12:15:00,1768392900000,4627.3,4629.7,4626.5,4628.0,114.066
2026-01-14 12:30:00,1768393800000,4628.0,4629.6,4626.9,4626.9,137.192
2026-01-14 12:45:00,1768394700000,4626.9,4635.7,4626.4,4632.1,324.265
2026-01-14 13:00:00,1768395600000,4632.1,4633.6,4621.6,4621.7,184.627
2026-01-14 13:15:00,1768396500000,4621.7,4627.9,4621.7,4625.0,113.621
2026-01-14 13:30:00,1768397400000,4625.0,4628.9,4619.6,4628.9,208.133
2026-01-14 13:45:00,1768398300000,4628.9,4629.6,4624.4,4628.4,163.581
2026-01-14 14:00:00,1768399200000,4628.4,4630.3,4623.3,4626.2,69.962
2026-01-14 14:15:00,1768400100000,4626.2,4629.7,4624.8,4626.8,172.877
2026-01-14 14:30:00,1768401000000,4626.8,4626.8,4605.4,4611.6,549.74
2026-01-14 14:45:00,1768401900000,4611.6,4612.2,4601.3,4609.4,604.343
2026-01-14 15:00:00,1768402800000,4609.4,4609.4,4593.0,4606.7,896.692
2026-01-14 15:15:00,1768403700000,4606.7,4617.4,4606.4,4607.2,303.961
2026-01-14 15:30:00,1768404600000,4607.2,4612.1,4602.1,4604.7,125.865
2026-01-14 15:45:00,1768405500000,4604.7,4610.3,4603.4,4608.7,74.642
2026-01-14 16:00:00,1768406400000,4608.7,4611.5,4607.7,4609.3,152.261
2026-01-14 16:15:00,1768407300000,4609.3,4615.0,4609.2,4612.5,115.179
2026-01-14 16:30:00,1768408200000,4612.5,4613.1,4604.0,4605.9,235.234
2026-01-14 16:45:00,1768409100000,4605.9,4607.1,4600.2,4607.0,283.656
2026-01-14 17:00:00,1768410000000,4607.0,4607.5,4601.4,4605.4,225.386
2026-01-14 17:15:00,1768410900000,4605.4,4605.4,4596.9,4601.0,319.86
2026-01-14 17:30:00,1768411800000,4601.0,4601.5,4593.7,4596.9,229.827
2026-01-14 17:45:00,1768412700000,4596.9,4605.1,4596.0,4605.0,148.135
2026-01-14 18:00:00,1768413600000,4605.0,4612.0,4603.5,4612.0,192.616
2026-01-14 18:15:00,1768414500000,4612.0,4618.3,4611.9,4618.3,163.984
2026-01-14 18:30:00,1768415400000,4618.3,4620.8,4617.4,4619.5,167.327
2026-01-14 18:45:00,1768416300000,4619.5,4623.8,4618.8,4623.3,121.826
2026-01-14 19:00:00,1768417200000,4623.3,4628.6,4622.5,4624.6,280.028
2026-01-14 19:15:00,1768418100000,4624.6,4628.0,4623.3,4624.7,102.387
2026-01-14 19:30:00,1768419000000,4624.7,4628.1,4624.0,4628.1,51.374
2026-01-14 19:45:00,1768419900000,4628.1,4629.3,4625.3,4627.9,64.178
2026-01-14 20:00:00,1768420800000,4627.9,4628.7,4617.0,4625.1,331.782
2026-01-14 20:15:00,1768421700000,4625.1,4625.4,4621.2,4622.5,171.32
2026-01-14 20:30:00,1768422600000,4622.5,4623.3,4616.7,4616.7,123.061
2026-01-14 20:45:00,1768423500000,4616.7,4622.6,4616.6,4622.6,47.525
2026-01-14 21:00:00,1768424400000,4622.6,4622.6,4614.6,4615.0,77.22
2026-01-14 21:15:00,1768425300000,4615.0,4617.5,4612.5,4613.5,134.894
2026-01-14 21:30:00,1768426200000,4613.5,4614.7,4611.1,4612.7,85.637
2026-01-14 21:45:00,1768427100000,4612.7,4617.7,4608.1,4617.7,376.143
2026-01-14 22:00:00,1768428000000,4617.7,4619.8,4617.7,4619.8,52.195
2026-01-14 22:15:00,1768428900000,4619.8,4622.6,4619.7,4622.6,43.237
2026-01-14 22:30:00,1768429800000,4622.6,4623.4,4622.6,4623.0,46.077
2026-01-14 22:45:00,1768430700000,4623.0,4625.0,4623.0,4624.1,58.514
2026-01-14 23:00:00,1768431600000,4624.1,4624.1,4606.1,4610.4,277.391
2026-01-14 23:15:00,1768432500000,4610.4,4611.8,4600.6,4603.5,178.225
2026-01-14 23:30:00,1768433400000,4603.5,4607.5,4599.1,4600.6,190.751
2026-01-14 23:45:00,1768434300000,4600.6,4610.8,4600.6,4609.8,82.024
2026-01-15 00:00:00,1768435200000,4609.8,4611.5,4607.5,4611.2,55.741
2026-01-15 00:15:00,1768436100000,4611.2,4612.1,4609.4,4610.6,70.392
2026-01-15 00:30:00,1768437000000,4610.6,4611.7,4608.6,4608.6,16.76
2026-01-15 00:45:00,1768437900000,4608.6,4611.6,4605.4,4609.9,29.266
2026-01-15 01:00:00,1768438800000,4609.9,4611.9,4603.2,4604.2,58.599
2026-01-15 01:15:00,1768439700000,4604.2,4605.4,4595.0,4597.1,217.989
2026-01-15 01:30:00,1768440600000,4597.1,4599.3,4583.0,4599.3,614.26
2026-01-15 01:45:00,1768441500000,4599.3,4602.7,4594.4,4597.2,104.397
2026-01-15 02:00:00,1768442400000,4597.2,4609.4,4595.3,4609.4,229.196
2026-01-15 02:15:00,1768443300000,4609.4,4609.9,4603.4,4606.4,124.661
2026-01-15 02:30:00,1768444200000,4606.4,4609.4,4600.4,4602.7,93.196
2026-01-15 02:45:00,1768445100000,4602.7,4602.7,4591.9,4598.5,161.445
2026-01-15 03:00:00,1768446000000,4598.5,4599.2,4586.4,4586.8,98.531
2026-01-15 03:15:00,1768446900000,4586.8,4590.6,4579.2,4582.2,466.066
2026-01-15 03:30:00,1768447800000,4582.2,4593.3,4579.1,4593.1,136.471
2026-01-15 03:45:00,1768448700000,4593.1,4593.1,4586.5,4588.7,53.708
2026-01-15 04:00:00,1768449600000,4588.7,4589.9,4582.7,4589.9,225.363
2026-01-15 04:15:00,1768450500000,4589.9,4592.2,4585.5,4588.3,226.84
2026-01-15 04:30:00,1768451400000,4588.3,4590.3,4584.8,4586.1,30.667
2026-01-15 04:45:00,1768452300000,4586.1,4589.9,4585.2,4587.2,73.922
2026-01-15 05:00:00,1768453200000,4587.2,4587.2,4582.2,4582.2,69.482
2026-01-15 05:15:00,1768454100000,4582.2,4587.2,4576.9,4587.1,282.581
2026-01-15 05:30:00,1768455000000,4587.1,4587.8,4577.3,4583.4,269.801
2026-01-15 05:45:00,1768455900000,4583.4,4591.9,4582.3,4587.9,254.155
2026-01-15 06:00:00,1768456800000,4587.9,4601.4,4587.9,4598.7,187.673
2026-01-15 06:15:00,1768457700000,4598.7,4602.4,4597.9,4598.1,96.362
2026-01-15 06:30:00,1768458600000,4598.1,4600.7,4594.8,4599.0,74.009
2026-01-15 06:45:00,1768459500000,4599.0,4606.0,4597.4,4603.5,88.436
2026-01-15 07:00:00,1768460400000,4603.5,4604.5,4600.0,4602.9,54.691
2026-01-15 07:15:00,1768461300000,4602.9,4607.3,4602.9,4604.3,103.144
2026-01-15 07:30:00,1768462200000,4604.3,4604.8,4595.0,4597.0,185.761
2026-01-15 07:45:00,1768463100000,4597.0,4597.0,4594.3,4595.3,38.822
2026-01-15 08:00:00,1768464000000,4595.3,4597.1,4592.6,4597.1,161.352
2026-01-15 08:15:00,1768464900000,4597.1,4598.3,4595.0,4596.1,42.065
2026-01-15 08:30:00,1768465800000,4596.1,4600.8,4594.0,4600.8,94.54
2026-01-15 08:45:00,1768466700000,4600.8,4600.8,4596.3,4599.1,44.356
2026-01-15 09:00:00,1768467600000,4599.1,4599.1,4595.0,4597.0,56.836
2026-01-15 09:15:00,1768468500000,4597.0,4597.8,4595.8,4597.8,19.689
2026-01-15 09:30:00,1768469400000,4597.8,4602.9,4596.8,4602.8,68.082
2026-01-15 09:45:00,1768470300000,4602.8,4605.1,4602.1,4604.9,104.97
2026-01-15 10:00:00,1768471200000,4604.9,4605.4,4602.4,4604.9,34.222
2026-01-15 10:15:00,1768472100000,4604.9,4607.1,4604.5,4605.1,57.433
2026-01-15 10:30:00,1768473000000,4605.1,4614.6,4604.0,4612.7,570.629
2026-01-15 10:45:00,1768473900000,4612.7,4614.1,4612.2,4613.3,41.232
2026-01-15 11:00:00,1768474800000,4613.3,4614.6,4611.7,4612.2,133.625
2026-01-15 11:15:00,1768475700000,4612.2,4612.8,4610.6,4612.0,42.211
2026-01-15 11:30:00,1768476600000,4612.0,4614.7,4611.9,4612.1,83.306
2026-01-15 11:45:00,1768477500000,4612.1,4612.6,4609.8,4612.4,49.711
2026-01-15 12:00:00,1768478400000,4612.4,4613.0,4609.3,4609.3,56.909
2026-01-15 12:15:00,1768479300000,4609.3,4612.5,4608.7,4610.6,38.773
2026-01-15 12:30:00,1768480200000,4610.6,4612.3,4609.7,4610.0,85.586
2026-01-15 12:45:00,1768481100000,4610.0,4610.0,4603.9,4603.9,475.196
2026-01-15 13:00:00,1768482000000,4603.9,4605.0,4602.3,4603.3,187.004
2026-01-15 13:15:00,1768482900000,4603.3,4604.7,4595.6,4595.7,465.657
2026-01-15 13:30:00,1768483800000,4595.7,4595.7,4583.1,4583.3,566.081
2026-01-15 13:45:00,1768484700000,4583.3,4587.9,4577.0,4583.5,314.298
2026-01-15 14:00:00,1768485600000,4583.5,4593.4,4579.0,4593.4,310.295
2026-01-15 14:15:00,1768486500000,4593.4,4599.0,4592.0,4596.2,250.211
2026-01-15 14:30:00,1768487400000,4596.2,4605.1,4595.3,4595.9,813.082
2026-01-15 14:45:00,1768488300000,4595.9,4606.0,4593.5,4602.9,255.487
2026-01-15 15:00:00,1768489200000,4602.9,4605.9,4597.7,4604.6,188.212
2026-01-15 15:15:00,1768490100000,4604.6,4608.9,4604.1,4606.8,190.245
2026-01-15 15:30:00,1768491000000,4606.8,4607.8,4600.0,4601.9,553.418
2026-01-15 15:45:00,1768491900000,4601.9,4607.6,4601.4,4607.6,268.65
2026-01-15 16:00:00,1768492800000,4607.6,4612.1,4600.7,4611.2,250.582
2026-01-15 16:15:00,1768493700000,4611.2,4614.0,4602.1,4602.1,168.677
2026-01-15 16:30:00,1768494600000,4602.1,4602.8,4597.1,4599.0,135.751
2026-01-15 16:45:00,1768495500000,4599.0,4599.1,4595.0,4599.1,88.639
2026-01-15 17:00:00,1768496400000,4599.1,4603.2,4599.0,4602.6,34.768
2026-01-15 17:15:00,1768497300000,4602.6,4605.5,4600.9,4603.3,58.503
2026-01-15 17:30:00,1768498200000,4603.3,4607.5,4603.1,4606.0,73.058
2026-01-15 17:45:00,1768499100000,4606.0,4608.0,4606.0,4607.8,61.318
2026-01-15 18:00:00,1768500000000,4607.8,4611.3,4607.8,4610.5,47.224
2026-01-15 18:15:00,1768500900000,4610.5,4612.0,4608.7,4610.9,73.478
2026-01-15 18:30:00,1768501800000,4610.9,4610.9,4604.5,4605.4,182.204
2026-01-15 18:45:00,1768502700000,4605.4,4608.2,4604.6,4606.6,149.403
2026-01-15 19:00:00,1768503600000,4606.6,4611.0,4606.6,4610.2,93.317
2026-01-15 19:15:00,1768504500000,4610.2,4610.4,4608.7,4608.8,58.557
2026-01-15 19:30:00,1768505400000,4608.8,4608.8,4606.1,4606.9,37.65
2026-01-15 19:45:00,1768506300000,4606.9,4607.0,4604.6,4606.4,36.1
2026-01-15 20:00:00,1768507200000,4606.4,4606.4,4597.0,4597.6,110.307
2026-01-15 20:15:00,1768508100000,4597.6,4599.9,4594.4,4597.0,83.441
2026-01-15 20:30:00,1768509000000,4597.0,4601.4,4597.0,4600.5,57.668
2026-01-15 20:45:00,1768509900000,4600.5,4601.4,4596.5,4598.5,61.204
2026-01-15 21:00:00,1768510800000,4598.5,4603.8,4597.9,4603.8,58.352
2026-01-15 21:15:00,1768511700000,4603.8,4607.1,4603.8,4607.1,60.806
2026-01-15 21:30:00,1768512600000,4607.1,4607.3,4606.2,4607.3,45.246
2026-01-15 21:45:00,1768513500000,4607.3,4607.6,4606.4,4607.5,35.459
2026-01-15 22:00:00,1768514400000,4607.5,4607.5,4607.3,4607.3,16.465
2026-01-15 22:15:00,1768515300000,4607.3,4607.4,4604.9,4605.0,43.875
2026-01-15 22:30:00,1768516200000,4605.0,4605.1,4603.8,4604.5,51.251
2026-01-15 22:45:00,1768517100000,4604.5,4607.6,4604.4,4607.6,18.394
2026-01-15 23:00:00,1768518000000,4607.6,4610.4,4605.4,4605.4,95.168
2026-01-15 23:15:00,1768518900000,4605.4,4606.0,4601.5,4601.5,65.81
2026-01-15 23:30:00,1768519800000,4601.5,4602.3,4600.0,4600.1,56.555
2026-01-15 23:45:00,1768520700000,4600.1,4602.0,4599.3,4601.9,24.64
2026-01-16 00:00:00,1768521600000,4601.9,4602.0,4597.0,4598.5,52.201
2026-01-16 00:15:00,1768522500000,4598.5,4602.0,4598.3,4599.9,42.261
2026-01-16 00:30:00,1768523400000,4599.9,4599.9,4594.3,4594.3,49.889
2026-01-16 00:45:00,1768524300000,4594.3,4594.4,4592.2,4593.5,29.042
2026-01-16 01:00:00,1768525200000,4593.5,4596.8,4588.6,4596.3,162.007
2026-01-16 01:15:00,1768526100000,4596.3,4598.7,4593.3,4597.5,35.484
2026-01-16 01:30:00,1768527000000,4597.5,4599.5,4594.4,4597.9,33.429
2026-01-16 01:45:00,1768527900000,4597.9,4597.9,4592.6,4593.1,30.099
2026-01-16 02:00:00,1768528800000,4593.1,4595.6,4591.2,4591.3,50.064
2026-01-16 02:15:00,1768529700000,4591.3,4595.9,4591.0,4593.3,24.008
2026-01-16 02:30:00,1768530600000,4593.3,4593.5,4586.5,4589.4,89.568
2026-01-16 02:45:00,1768531500000,4589.4,4591.5,4586.7,4588.6,72.706
2026-01-16 03:00:00,1768532400000,4588.6,4592.8,4588.6,4592.8,37.475
2026-01-16 03:15:00,1768533300000,4592.8,4593.6,4589.5,4589.5,36.348
2026-01-16 03:30:00,1768534200000,4589.5,4591.2,4588.0,4590.6,24.243
2026-01-16 03:45:00,1768535100000,4590.6,4591.4,4590.0,4591.2,85.304
2026-01-16 04:00:00,1768536000000,4591.2,4593.3,4591.0,4593.1,45.261
2026-01-16 04:15:00,1768536900000,4593.1,4594.9,4593.1,4593.1,62.1
2026-01-16 04:30:00,1768537800000,4593.1,4594.4,4591.4,4594.0,55.435
2026-01-16 04:45:00,1768538700000,4594.0,4594.8,4593.9,4594.7,43.763
2026-01-16 05:00:00,1768539600000,4594.7,4594.9,4590.4,4590.4,34.222
2026-01-16 05:15:00,1768540500000,4590.4,4594.8,4590.4,4594.7,16.474
2026-01-16 05:30:00,1768541400000,4594.7,4599.8,4591.7,4599.6,55.201
2026-01-16 05:45:00,1768542300000,4599.6,4608.2,4599.6,4605.1,124.991
2026-01-16 06:00:00,1768543200000,4605.1,4605.1,4598.7,4598.7,69.927
2026-01-16 06:15:00,1768544100000,4598.7,4602.2,4598.4,4599.9,64.247
2026-01-16 06:30:00,1768545000000,4599.9,4600.8,4592.1,4592.1,112.426
2026-01-16 06:45:00,1768545900000,4592.1,4593.5,4590.4,4593.5,50.138
2026-01-16 07:00:00,1768546800000,4593.5,4604.3,4592.1,4604.2,111.307
2026-01-16 07:15:00,1768547700000,4604.2,4604.2,4597.8,4598.6,54.155
2026-01-16 07:30:00,1768548600000,4598.6,4604.3,4595.7,4597.2,103.876
2026-01-16 07:45:00,1768549500000,4597.2,4602.2,4596.6,4601.4,19.318
2026-01-16 08:00:00,1768550400000,4601.4,4602.7,4599.1,4599.1,29.847
2026-01-16 08:15:00,1768551300000,4599.1,4603.0,4598.8,4600.4,47.933
2026-01-16 08:30:00,1768552200000,4600.4,4601.6,4597.1,4597.1,92.272
2026-01-16 08:45:00,1768553100000,4597.1,4601.3,4596.4,4597.7,75.101
2026-01-16 09:00:00,1768554000000,4597.7,4602.4,4597.3,4599.6,24.032
2026-01-16 09:15:00,1768554900000,4599.6,4599.6,4595.1,4595.9,38.846
2026-01-16 09:30:00,1768555800000,4595.9,4598.3,4594.4,4598.3,49.363
2026-01-16 09:45:00,1768556700000,4598.3,4598.3,4595.8,4595.9,34.132
2026-01-16 10:00:00,1768557600000,4595.9,4601.8,4595.9,4601.4,68.19
2026-01-16 10:15:00,1768558500000,4601.4,4604.5,4601.4,4603.5,38.09
2026-01-16 10:30:00,1768559400000,4603.5,4603.5,4601.6,4601.6,11.466
2026-01-16 10:45:00,1768560300000,4601.6,4601.7,4595.0,4595.0,64.85
2026-01-16 11:00:00,1768561200000,4595.0,4600.1,4594.4,4600.1,79.535
2026-01-16 11:15:00,1768562100000,4600.1,4604.0,4600.1,4603.9,38.505
2026-01-16 11:30:00,1768563000000,4603.9,4607.8,4603.4,4607.5,134.356
2026-01-16 11:45:00,1768563900000,4607.5,4608.1,4606.3,4606.4,60.697
2026-01-16 12:00:00,1768564800000,4606.4,4606.4,4603.6,4603.6,32.375
2026-01-16 12:15:00,1768565700000,4603.6,4605.8,4599.1,4600.3,62.96
2026-01-16 12:30:00,1768566600000,4600.3,4600.3,4597.2,4597.4,86.038
2026-01-16 12:45:00,1768567500000,4597.4,4598.9,4593.1,4597.1,163.48
2026-01-16 13:00:00,1768568400000,4597.1,4599.4,4591.0,4592.0,178.877
2026-01-16 13:15:00,1768569300000,4592.0,4592.1,4581.5,4584.2,469.256
2026-01-16 13:30:00,1768570200000,4584.2,4596.3,4583.5,4595.5,151.186
2026-01-16 13:45:00,1768571100000,4595.5,4597.9,4593.1,4596.9,78.14
2026-01-16 14:00:00,1768572000000,4596.9,4603.6,4594.7,4602.3,150.553
2026-01-16 14:15:00,1768572900000,4602.3,4604.1,4595.9,4596.0,114.171
2026-01-16 14:30:00,1768573800000,4596.0,4605.6,4593.5,4602.9,203.76
2026-01-16 14:45:00,1768574700000,4602.9,4607.7,4602.1,4602.1,131.114
2026-01-16 15:00:00,1768575600000,4602.1,4612.7,4602.0,4608.9,236.781
2026-01-16 15:15:00,1768576500000,4608.9,4610.4,4562.9,4562.9,1193.686
2026-01-16 15:30:00,1768577400000,4562.9,4566.6,4537.8,4555.0,1995.624
2026-01-16 15:45:00,1768578300000,4555.0,4574.8,4555.0,4570.9,786.863
2026-01-16 16:00:00,1768579200000,4570.9,4589.4,4569.0,4589.4,617.268
2026-01-16 16:15:00,1768580100000,4589.4,4590.9,4581.6,4588.0,475.848
2026-01-16 16:30:00,1768581000000,4588.0,4594.8,4584.0,4593.4,288.879
2026-01-16 16:45:00,1768581900000,4593.4,4594.1,4579.6,4587.7,194.317
2026-01-16 17:00:00,1768582800000,4587.7,4590.2,4582.5,4587.8,210.753
2026-01-16 17:15:00,1768583700000,4587.8,4588.0,4576.1,4577.1,121.055
2026-01-16 17:30:00,1768584600000,4577.1,4582.7,4576.1,4578.5,67.972
2026-01-16 17:45:00,1768585500000,4578.5,4580.8,4577.2,4580.2,34.685
2026-01-16 18:00:00,1768586400000,4580.2,4585.2,4579.2,4582.8,97.923
2026-01-16 18:15:00,1768587300000,4582.8,4588.6,4580.6,4587.7,39.339
2026-01-16 18:30:00,1768588200000,4587.7,4591.6,4586.7,4591.6,70.612
2026-01-16 18:45:00,1768589100000,4591.6,4591.6,4581.0,4581.3,57.332
2026-01-16 19:00:00,1768590000000,4581.3,4585.2,4580.2,4581.4,57.832
2026-01-16 19:15:00,1768590900000,4581.4,4582.3,4579.5,4581.1,69.971
2026-01-16 19:30:00,1768591800000,4581.1,4587.2,4581.1,4585.8,97.311
2026-01-16 19:45:00,1768592700000,4585.8,4587.9,4585.6,4587.3,43.189
2026-01-16 20:00:00,1768593600000,4587.3,4590.7,4586.5,4588.0,352.289
2026-01-16 20:15:00,1768594500000,4588.0,4588.0,4583.8,4584.3,132.903
2026-01-16 20:30:00,1768595400000,4584.3,4584.3,4578.6,4581.8,76.478
2026-01-16 20:45:00,1768596300000,4581.8,4584.7,4578.9,4578.9,31.636
2026-01-16 21:00:00,1768597200000,4578.9,4582.0,4578.8,4582.0,86.185
2026-01-16 21:15:00,1768598100000,4582.0,4592.5,4582.0,4587.4,87.685
2026-01-16 21:30:00,1768599000000,4587.4,4590.7,4587.4,4590.1,13.94
2026-01-16 21:45:00,1768599900000,4590.1,4592.7,4590.1,4592.7,50.233
2026-01-16 22:00:00,1768600800000,4592.7,4592.8,4592.6,4592.7,10.985
2026-01-16 22:15:00,1768601700000,4592.7,4592.7,4592.5,4592.5,20.019
2026-01-16 22:30:00,1768602600000,4592.5,4594.2,4592.5,4593.6,29.676
2026-01-16 22:45:00,1768603500000,4593.6,4594.2,4592.8,4593.6,3.945
2026-01-16 23:00:00,1768604400000,4593.6,4594.3,4591.1,4593.2,85.671
2026-01-16 23:15:00,1768605300000,4593.2,4593.3,4592.5,4592.5,23.27
2026-01-16 23:30:00,1768606200000,4592.5,4592.6,4592.0,4592.0,17.624
2026-01-16 23:45:00,1768607100000,4592.0,4592.0,4590.6,4590.7,44.97
2026-01-17 00:00:00,1768608000000,4590.7,4592.2,4588.7,4588.8,116.084
2026-01-17 00:15:00,1768608900000,4588.8,4593.1,4588.7,4593.0,22.209
2026-01-17 00:30:00,1768609800000,4593.0,4593.1,4593.0,4593.0,8.25
2026-01-17 00:45:00,1768610700000,4593.0,4593.1,4591.3,4591.3,31.134
2026-01-17 01:00:00,1768611600000,4591.3,4591.4,4591.3,4591.3,4.665
2026-01-17 01:15:00,1768612500000,4591.3,4591.6,4590.2,4590.3,37.697
2026-01-17 01:30:00,1768613400000,4590.3,4590.3,4590.2,4590.2,2.341
2026-01-17 01:45:00,1768614300000,4590.2,4590.3,4589.2,4589.4,11.572
2026-01-17 02:00:00,1768615200000,4589.4,4589.8,4588.8,4589.8,37.242
2026-01-17 02:15:00,1768616100000,4589.8,4591.6,4589.8,4591.0,19.562
2026-01-17 02:30:00,1768617000000,4591.0,4591.1,4590.8,4590.8,4.791
2026-01-17 02:45:00,1768617900000,4590.8,4592.8,4590.7,4592.6,42.62
2026-01-17 03:00:00,1768618800000,4592.6,4593.9,4592.5,4593.9,7.78
2026-01-17 03:15:00,1768619700000,4593.9,4593.9,4593.4,4593.5,10.725
2026-01-17 03:30:00,1768620600000,4593.5,4594.4,4593.4,4594.3,10.158
2026-01-17 03:45:00,1768621500000,4594.3,4594.4,4594.2,4594.3,10.072
2026-01-17 04:00:00,1768622400000,4594.3,4594.4,4594.2,4594.4,9.676
2026-01-17 04:15:00,1768623300000,4594.4,4594.4,4593.7,4593.7,19.311
2026-01-17 04:30:00,1768624200000,4593.7,4593.8,4593.0,4593.1,9.112
2026-01-17 04:45:00,1768625100000,4593.1,4593.1,4593.0,4593.1,0.358
2026-01-17 05:00:00,1768626000000,4593.1,4593.5,4592.5,4592.5,17.013
2026-01-17 05:15:00,1768626900000,4592.5,4592.6,4592.5,4592.5,6.637
2026-01-17 05:30:00,1768627800000,4592.5,4592.6,4592.4,4592.4,11.153
2026-01-17 05:45:00,1768628700000,4592.4,4592.5,4592.4,4592.4,0.932
2026-01-17 06:00:00,1768629600000,4592.4,4592.5,4592.4,4592.5,4.0
2026-01-17 06:15:00,1768630500000,4592.5,4592.5,4592.4,4592.4,2.459
2026-01-17 06:30:00,1768631400000,4592.4,4592.5,4592.4,4592.5,10.088
2026-01-17 06:45:00,1768632300000,4592.5,4592.5,4592.4,4592.5,5.262
2026-01-17 07:00:00,1768633200000,4592.5,4592.5,4592.1,4592.4,25.668
2026-01-17 07:15:00,1768634100000,4592.4,4592.5,4592.1,4592.1,11.619
2026-01-17 07:30:00,1768635000000,4592.1,4592.2,4592.1,4592.2,15.22
2026-01-17 07:45:00,1768635900000,4592.2,4592.2,4592.1,4592.1,5.493
2026-01-17 08:00:00,1768636800000,4592.1,4592.5,4592.1,4592.4,49.013
2026-01-17 08:15:00,1768637700000,4592.4,4592.5,4592.4,4592.5,18.967
2026-01-17 08:30:00,1768638600000,4592.5,4592.5,4592.4,4592.4,20.457
2026-01-17 08:45:00,1768639500000,4592.4,4592.5,4592.4,4592.4,3.061
2026-01-17 09:00:00,1768640400000,4592.4,4592.5,4590.2,4590.7,56.428
2026-01-17 09:15:00,1768641300000,4590.7,4590.8,4590.7,4590.8,14.517
2026-01-17 09:30:00,1768642200000,4590.8,4591.0,4590.7,4590.9,13.234
2026-01-17 09:45:00,1768643100000,4590.9,4592.8,4590.9,4592.8,48.759
2026-01-17 10:00:00,1768644000000,4592.8,4594.3,4592.7,4594.2,24.469
2026-01-17 10:15:00,1768644900000,4594.2,4594.3,4592.3,4592.4,19.405
2026-01-17 10:30:00,1768645800000,4592.4,4592.5,4592.3,4592.5,16.759
2026-01-17 10:45:00,1768646700000,4592.5,4597.1,4592.4,4597.1,71.303
2026-01-17 11:00:00,1768647600000,4597.1,4597.2,4594.7,4595.4,37.74
2026-01-17 11:15:00,1768648500000,4595.4,4595.4,4595.3,4595.3,7.424
2026-01-17 11:30:00,1768649400000,4595.3,4595.5,4595.3,4595.5,6.701
2026-01-17 11:45:00,1768650300000,4595.5,4596.3,4595.4,4596.3,6.685
2026-01-17 12:00:00,1768651200000,4596.3,4596.7,4596.2,4596.5,8.039
2026-01-17 12:15:00,1768652100000,4596.5,4597.3,4596.4,4597.2,12.57
2026-01-17 12:30:00,1768653000000,4597.2,4598.2,4596.0,4596.4,67.044
2026-01-17 12:45:00,1768653900000,4596.4,4596.5,4595.7,4595.7,17.615
2026-01-17 13:00:00,1768654800000,4595.7,4595.8,4594.3,4594.4,17.916
2026-01-17 13:15:00,1768655700000,4594.4,4594.5,4594.4,4594.5,4.806
2026-01-17 13:30:00,1768656600000,4594.5,4596.0,4594.4,4596.0,10.639
2026-01-17 13:45:00,1768657500000,4596.0,4596.0,4595.2,4595.3,18.741
2026-01-17 14:00:00,1768658400000,4595.3,4595.4,4595.3,4595.4,2.654
2026-01-17 14:15:00,1768659300000,4595.4,4595.4,4595.3,4595.4,5.382
2026-01-17 14:30:00,1768660200000,4595.4,4597.4,4595.3,4597.3,24.273
2026-01-17 14:45:00,1768661100000,4597.3,4597.4,4594.0,4594.1,67.661
2026-01-17 15:00:00,1768662000000,4594.1,4594.1,4592.8,4593.3,16.542
2026-01-17 15:15:00,1768662900000,4593.3,4595.0,4593.3,4594.9,15.089
2026-01-17 15:30:00,1768663800000,4594.9,4595.0,4593.3,4593.4,25.842
2026-01-17 15:45:00,1768664700000,4593.4,4594.2,4593.4,4594.0,14.172
2026-01-17 16:00:00,1768665600000,4594.0,4594.0,4592.2,4592.4,74.59
2026-01-17 16:15:00,1768666500000,4592.4,4592.4,4592.3,4592.4,8.449
2026-01-17 16:30:00,1768667400000,4592.4,4595.7,4592.3,4595.7,26.665
2026-01-17 16:45:00,1768668300000,4595.7,4596.7,4595.6,4596.6,15.366
2026-01-17 17:00:00,1768669200000,4596.6,4596.9,4596.6,4596.7,23.066
2026-01-17 17:15:00,1768670100000,4596.7,4596.9,4596.4,4596.7,18.73
2026-01-17 17:30:00,1768671000000,4596.7,4596.7,4595.4,4595.5,27.457
2026-01-17 17:45:00,1768671900000,4595.5,4595.5,4595.3,4595.3,2.465
2026-01-17 18:00:00,1768672800000,4595.3,4597.0,4594.9,4597.0,13.605
2026-01-17 18:15:00,1768673700000,4597.0,4597.0,4595.8,4596.5,21.764
2026-01-17 18:30:00,1768674600000,4596.5,4596.5,4595.7,4595.7,10.697
2026-01-17 18:45:00,1768675500000,4595.7,4596.6,4594.6,4594.6,46.71
2026-01-17 19:00:00,1768676400000,4594.6,4596.6,4594.4,4596.6,41.368
2026-01-17 19:15:00,1768677300000,4596.6,4596.6,4596.1,4596.1,19.149
2026-01-17 19:30:00,1768678200000,4596.1,4596.2,4596.1,4596.1,4.798
2026-01-17 19:45:00,1768679100000,4596.1,4596.5,4594.0,4595.8,75.233
2026-01-17 20:00:00,1768680000000,4595.8,4596.3,4595.7,4596.2,4.713
2026-01-17 20:15:00,1768680900000,4596.2,4596.3,4596.2,4596.3,0.207
2026-01-17 20:30:00,1768681800000,4596.3,4596.3,4596.2,4596.3,4.301
2026-01-17 20:45:00,1768682700000,4596.3,4596.3,4596.2,4596.3,0.552
2026-01-17 21:00:00,1768683600000,4596.3,4596.3,4596.2,4596.2,6.46
2026-01-17 21:15:00,1768684500000,4596.2,4596.3,4595.0,4595.0,11.995
2026-01-17 21:30:00,1768685400000,4595.0,4595.1,4595.0,4595.0,1.373
2026-01-17 21:45:00,1768686300000,4595.0,4596.2,4595.0,4596.2,13.375
2026-01-17 22:00:00,1768687200000,4596.2,4596.3,4596.2,4596.3,0.153
2026-01-17 22:15:00,1768688100000,4596.3,4599.9,4596.3,4597.7,188.96
2026-01-17 22:30:00,1768689000000,4597.7,4598.1,4596.1,4598.1,16.775
2026-01-17 22:45:00,1768689900000,4598.1,4598.1,4597.5,4597.5,3.027
2026-01-17 23:00:00,1768690800000,4597.5,4598.3,4596.7,4597.8,28.456
2026-01-17 23:15:00,1768691700000,4597.8,4597.9,4597.2,4597.6,16.767
2026-01-17 23:30:00,1768692600000,4597.6,4598.0,4597.6,4598.0,5.082
2026-01-17 23:45:00,1768693500000,4598.0,4598.1,4598.0,4598.1,9.803
2026-01-18 00:00:00,1768694400000,4598.1,4598.3,4598.0,4598.3,9.866
2026-01-18 00:15:00,1768695300000,4598.3,4598.4,4598.0,4598.2,26.314
2026-01-18 00:30:00,1768696200000,4598.2,4598.2,4598.1,4598.2,4.942
2026-01-18 00:45:00,1768697100000,4598.2,4599.1,4598.1,4599.1,15.497
2026-01-18 01:00:00,1768698000000,4599.1,4600.0,4599.0,4599.9,34.613
2026-01-18 01:15:00,1768698900000,4599.9,4600.4,4599.9,4600.3,12.242
2026-01-18 01:30:00,1768699800000,4600.3,4600.4,4600.3,4600.3,18.126
2026-01-18 01:45:00,1768700700000,4600.3,4600.4,4600.3,4600.3,12.616
2026-01-18 02:00:00,1768701600000,4600.3,4600.4,4600.3,4600.3,11.36
2026-01-18 02:15:00,1768702500000,4600.3,4600.8,4600.3,4600.7,30.974
2026-01-18 02:30:00,1768703400000,4600.7,4600.8,4599.9,4600.0,64.941
2026-01-18 02:45:00,1768704300000,4600.0,4600.0,4599.9,4600.0,32.036
2026-01-18 03:00:00,1768705200000,4600.0,4600.0,4599.9,4599.9,12.675
2026-01-18 03:15:00,1768706100000,4599.9,4600.0,4599.9,4600.0,2.926
2026-01-18 03:30:00,1768707000000,4600.0,4600.0,4599.0,4599.1,14.276
2026-01-18 03:45:00,1768707900000,4599.1,4599.1,4598.9,4599.0,11.501
2026-01-18 04:00:00,1768708800000,4599.0,4599.0,4598.5,4598.6,22.926
2026-01-18 04:15:00,1768709700000,4598.6,4598.6,4598.5,4598.5,12.46
2026-01-18 04:30:00,1768710600000,4598.5,4598.6,4598.5,4598.6,5.613
2026-01-18 04:45:00,1768711500000,4598.6,4599.4,4598.5,4599.3,56.185
2026-01-18 05:00:00,1768712400000,4599.3,4599.6,4599.3,4599.6,2.425
2026-01-18 05:15:00,1768713300000,4599.6,4600.0,4599.6,4600.0,30.31
2026-01-18 05:30:00,1768714200000,4600.0,4600.0,4599.9,4600.0,8.396
2026-01-18 05:45:00,1768715100000,4600.0,4600.0,4599.9,4600.0,90.383
2026-01-18 06:00:00,1768716000000,4600.0,4600.0,4599.9,4600.0,15.386
2026-01-18 06:15:00,1768716900000,4600.0,4600.0,4598.4,4598.5,43.138
2026-01-18 06:30:00,1768717800000,4598.5,4600.0,4598.5,4599.4,95.11
2026-01-18 06:45:00,1768718700000,4599.4,4600.0,4599.4,4599.9,29.499
2026-01-18 07:00:00,1768719600000,4599.9,4600.0,4599.9,4600.0,8.62
2026-01-18 07:15:00,1768720500000,4600.0,4600.0,4599.9,4600.0,18.301
2026-01-18 07:30:00,1768721400000,4600.0,4600.0,4599.9,4599.9,36.055
2026-01-18 07:45:00,1768722300000,4599.9,4600.0,4599.7,4600.0,175.374
2026-01-18 08:00:00,1768723200000,4600.0,4606.0,4599.9,4605.5,443.5
2026-01-18 08:15:00,1768724100000,4605.5,4606.1,4603.6,4604.9,277.596
2026-01-18 08:30:00,1768725000000,4604.9,4604.9,4603.8,4604.8,73.382
2026-01-18 08:45:00,1768725900000,4604.8,4604.8,4604.7,4604.8,12.61
2026-01-18 09:00:00,1768726800000,4604.8,4604.8,4604.5,4604.5,17.484
2026-01-18 09:15:00,1768727700000,4604.5,4604.6,4602.4,4602.5,59.261
2026-01-18 09:30:00,1768728600000,4602.5,4602.6,4602.4,4602.5,10.889
2026-01-18 09:45:00,1768729500000,4602.5,4602.7,4602.5,4602.7,16.106
2026-01-18 10:00:00,1768730400000,4602.7,4602.7,4602.6,4602.7,7.184
2026-01-18 10:15:00,1768731300000,4602.7,4602.9,4602.6,4602.9,13.481
2026-01-18 10:30:00,1768732200000,4602.9,4603.4,4602.8,4603.3,18.774
2026-01-18 10:45:00,1768733100000,4603.3,4604.7,4603.3,4604.7,21.948
2026-01-18 11:00:00,1768734000000,4604.7,4605.2,4604.6,4605.1,50.643
2026-01-18 11:15:00,1768734900000,4605.1,4605.1,4605.0,4605.1,8.251
2026-01-18 11:30:00,1768735800000,4605.1,4605.1,4603.6,4603.9,36.738
2026-01-18 11:45:00,1768736700000,4603.9,4603.9,4603.8,4603.9,17.015
2026-01-18 12:00:00,1768737600000,4603.9,4604.0,4603.6,4603.8,26.063
2026-01-18 12:15:00,1768738500000,4603.8,4603.9,4602.7,4602.8,36.221
2026-01-18 12:30:00,1768739400000,4602.8,4602.8,4602.7,4602.8,3.708
2026-01-18 12:45:00,1768740300000,4602.8,4602.9,4602.7,4602.9,24.059
2026-01-18 13:00:00,1768741200000,4602.9,4602.9,4602.8,4602.9,8.098
2026-01-18 13:15:00,1768742100000,4602.9,4603.8,4602.8,4603.7,26.791
2026-01-18 13:30:00,1768743000000,4603.7,4603.8,4603.3,4603.8,52.864
2026-01-18 13:45:00,1768743900000,4603.8,4603.8,4603.2,4603.3,16.585
2026-01-18 14:00:00,1768744800000,4603.3,4603.8,4603.2,4603.7,11.748
2026-01-18 14:15:00,1768745700000,4603.7,4604.4,4603.7,4604.4,10.318
2026-01-18 14:30:00,1768746600000,4604.4,4606.7,4604.3,4606.6,57.511
2026-01-18 14:45:00,1768747500000,4606.6,4606.7,4606.2,4606.3,33.911
2026-01-18 15:00:00,1768748400000,4606.3,4606.3,4605.3,4605.3,37.415
2026-01-18 15:15:00,1768749300000,4605.3,4605.5,4605.3,4605.5,32.973
2026-01-18 15:30:00,1768750200000,4605.5,4605.5,4605.4,4605.5,24.825
2026-01-18 15:45:00,1768751100000,4605.5,4605.5,4605.4,4605.4,11.508
2026-01-18 16:00:00,1768752000000,4605.4,4606.3,4605.0,4606.3,123.687
2026-01-18 16:15:00,1768752900000,4606.3,4606.4,4605.8,4605.9,65.498
2026-01-18 16:30:00,1768753800000,4605.9,4605.9,4604.9,4604.9,19.825
2026-01-18 16:45:00,1768754700000,4604.9,4605.0,4604.9,4605.0,27.954
2026-01-18 17:00:00,1768755600000,4605.0,4605.0,4604.9,4605.0,36.514
2026-01-18 17:15:00,1768756500000,4605.0,4605.1,4604.9,4605.1,25.25
2026-01-18 17:30:00,1768757400000,4605.1,4605.3,4605.0,4605.2,21.789
2026-01-18 17:45:00,1768758300000,4605.2,4606.0,4605.2,4606.0,73.524
2026-01-18 18:00:00,1768759200000,4606.0,4607.0,4606.0,4606.6,130.653
2026-01-18 18:15:00,1768760100000,4606.6,4607.0,4606.5,4607.0,88.081
2026-01-18 18:30:00,1768761000000,4607.0,4607.4,4606.9,4607.4,91.978
2026-01-18 18:45:00,1768761900000,4607.4,4608.3,4607.3,4608.3,48.974
2026-01-18 19:00:00,1768762800000,4608.3,4608.6,4608.2,4608.6,63.468
2026-01-18 19:15:00,1768763700000,4608.6,4608.9,4608.5,4608.9,90.447
2026-01-18 19:30:00,1768764600000,4608.9,4609.0,4606.3,4606.4,164.212
2026-01-18 19:45:00,1768765500000,4606.4,4606.4,4606.3,4606.4,53.551
2026-01-18 20:00:00,1768766400000,4606.4,4606.8,4606.3,4606.8,44.049
2026-01-18 20:15:00,1768767300000,4606.8,4607.2,4606.8,4607.2,70.328
2026-01-18 20:30:00,1768768200000,4607.2,4608.6,4607.1,4608.5,123.001
2026-01-18 20:45:00,1768769100000,4608.5,4608.9,4607.3,4607.4,100.025
2026-01-18 21:00:00,1768770000000,4607.4,4609.1,4607.3,4609.0,85.994
2026-01-18 21:15:00,1768770900000,4609.0,4610.0,4608.9,4610.0,103.713
2026-01-18 21:30:00,1768771800000,4610.0,4610.0,4609.9,4610.0,34.772
2026-01-18 21:45:00,1768772700000,4610.0,4610.1,4609.9,4610.1,6.55
2026-01-18 22:00:00,1768773600000,4610.1,4610.4,4610.1,4610.3,12.398
2026-01-18 22:15:00,1768774500000,4610.3,4611.4,4607.9,4609.7,209.717
2026-01-18 22:30:00,1768775400000,4609.7,4609.8,4608.8,4609.2,36.387
2026-01-18 22:45:00,1768776300000,4609.2,4609.6,4603.0,4604.2,212.18
2026-01-18 23:00:00,1768777200000,4604.2,4657.1,4604.2,4651.0,2500.65
2026-01-18 23:15:00,1768778100000,4651.0,4679.8,4650.9,4675.2,1028.953
2026-01-18 23:30:00,1768779000000,4675.2,4684.3,4660.3,4666.1,896.222
2026-01-18 23:45:00,1768779900000,4666.1,4671.2,4659.9,4667.6,391.027
2026-01-19 00:00:00,1768780800000,4667.6,4672.0,4658.6,4659.3,692.886
2026-01-19 00:15:00,1768781700000,4659.3,4670.4,4656.9,4670.1,352.174
2026-01-19 00:30:00,1768782600000,4670.1,4673.9,4667.4,4669.6,352.384
2026-01-19 00:45:00,1768783500000,4669.6,4670.3,4665.0,4666.8,319.074
2026-01-19 01:00:00,1768784400000,4666.8,4669.4,4654.0,4655.2,361.275
2026-01-19 01:15:00,1768785300000,4655.2,4659.8,4647.7,4654.4,281.465
2026-01-19 01:30:00,1768786200000,4654.4,4655.8,4649.6,4655.3,174.598
2026-01-19 01:45:00,1768787100000,4655.3,4660.4,4651.2,4651.3,154.764
2026-01-19 02:00:00,1768788000000,4651.3,4658.3,4647.6,4653.6,158.855
2026-01-19 02:15:00,1768788900000,4653.6,4654.8,4650.3,4652.7,128.888
2026-01-19 02:30:00,1768789800000,4652.7,4655.6,4650.5,4652.7,99.832
2026-01-19 02:45:00,1768790700000,4652.7,4657.0,4648.0,4654.8,157.825
2026-01-19 03:00:00,1768791600000,4654.8,4661.9,4654.8,4661.9,57.173
2026-01-19 03:15:00,1768792500000,4661.9,4662.5,4658.0,4658.4,34.261
2026-01-19 03:30:00,1768793400000,4658.4,4659.6,4656.2,4657.2,44.535
2026-01-19 03:45:00,1768794300000,4657.2,4657.3,4653.1,4653.1,103.172
2026-01-19 04:00:00,1768795200000,4653.1,4655.5,4653.0,4655.5,32.006
2026-01-19 04:15:00,1768796100000,4655.5,4657.8,4654.3,4657.0,444.223
2026-01-19 04:30:00,1768797000000,4657.0,4657.2,4654.8,4656.7,137.105
2026-01-19 04:45:00,1768797900000,4656.7,4661.1,4656.6,4660.0,226.376
2026-01-19 05:00:00,1768798800000,4660.0,4668.2,4660.0,4666.8,372.562
2026-01-19 05:15:00,1768799700000,4666.8,4669.0,4664.7,4665.5,402.85
2026-01-19 05:30:00,1768800600000,4665.5,4669.7,4661.6,4662.0,154.281
2026-01-19 05:45:00,1768801500000,4662.0,4668.7,4661.9,4667.1,179.222
2026-01-19 06:00:00,1768802400000,4667.1,4667.2,4663.9,4667.2,46.916
2026-01-19 06:15:00,1768803300000,4667.2,4669.0,4666.0,4666.9,41.862
2026-01-19 06:30:00,1768804200000,4666.9,4672.0,4666.9,4668.8,54.873
2026-01-19 06:45:00,1768805100000,4668.8,4674.0,4668.7,4673.7,155.857
2026-01-19 07:00:00,1768806000000,4673.7,4674.7,4664.6,4664.9,319.619
2026-01-19 07:15:00,1768806900000,4664.9,4665.0,4660.2,4663.0,145.895
2026-01-19 07:30:00,1768807800000,4663.0,4664.9,4661.1,4661.2,68.978
2026-01-19 07:45:00,1768808700000,4661.2,4662.0,4658.7,4661.0,70.006
2026-01-19 08:00:00,1768809600000,4661.0,4670.0,4660.1,4665.8,109.114
2026-01-19 08:15:00,1768810500000,4665.8,4667.5,4663.4,4665.8,46.747
2026-01-19 08:30:00,1768811400000,4665.8,4667.0,4663.9,4664.1,33.578
2026-01-19 08:45:00,1768812300000,4664.1,4665.6,4659.8,4660.9,55.335
2026-01-19 09:00:00,1768813200000,4660.9,4666.8,4659.8,4666.5,46.241
2026-01-19 09:15:00,1768814100000,4666.5,4668.2,4663.1,4663.1,87.652
2026-01-19 09:30:00,1768815000000,4663.1,4666.7,4662.5,4666.7,45.053
2026-01-19 09:45:00,1768815900000,4666.7,4666.9,4664.5,4665.0,29.28
2026-01-19 10:00:00,1768816800000,4665.0,4666.8,4664.0,4666.8,37.691
2026-01-19 10:15:00,1768817700000,4666.8,4667.8,4664.5,4664.6,40.24
2026-01-19 10:30:00,1768818600000,4664.6,4664.6,4660.1,4660.1,64.06
2026-01-19 10:45:00,1768819500000,4660.1,4664.4,4660.1,4662.3,58.297
2026-01-19 11:00:00,1768820400000,4662.3,4663.5,4660.3,4661.3,51.796
2026-01-19 11:15:00,1768821300000,4661.3,4662.7,4659.4,4662.7,46.552
2026-01-19 11:30:00,1768822200000,4662.7,4663.3,4656.5,4660.7,69.901
2026-01-19 11:45:00,1768823100000,4660.7,4662.9,4658.5,4659.2,107.564
2026-01-19 12:00:00,1768824000000,4659.2,4663.6,4658.4,4663.5,48.911
2026-01-19 12:15:00,1768824900000,4663.5,4669.9,4663.5,4669.8,124.12
2026-01-19 12:30:00,1768825800000,4669.8,4670.6,4668.1,4668.7,119.347
2026-01-19 12:45:00,1768826700000,4668.7,4669.4,4665.8,4669.3,32.355
2026-01-19 13:00:00,1768827600000,4669.3,4669.9,4666.4,4669.0,82.941
2026-01-19 13:15:00,1768828500000,4669.0,4669.6,4667.5,4669.6,122.24
2026-01-19 13:30:00,1768829400000,4669.6,4671.5,4665.3,4665.6,164.372
2026-01-19 13:45:00,1768830300000,4665.6,4666.7,4663.3,4663.7,67.354
2026-01-19 14:00:00,1768831200000,4663.7,4664.9,4661.4,4662.9,81.989
2026-01-19 14:15:00,1768832100000,4662.9,4666.8,4662.8,4666.8,53.301
2026-01-19 14:30:00,1768833000000,4666.8,4668.8,4663.9,4665.8,55.004
2026-01-19 14:45:00,1768833900000,4665.8,4668.0,4665.1,4666.7,88.889
2026-01-19 15:00:00,1768834800000,4666.7,4668.8,4664.6,4666.7,83.201
2026-01-19 15:15:00,1768835700000,4666.7,4667.0,4663.5,4664.3,23.629
2026-01-19 15:30:00,1768836600000,4664.3,4668.9,4664.3,4668.4,53.01
2026-01-19 15:45:00,1768837500000,4668.4,4674.0,4668.4,4673.1,213.465
2026-01-19 16:00:00,1768838400000,4673.1,4673.3,4669.2,4671.3,114.567
2026-01-19 16:15:00,1768839300000,4671.3,4671.3,4669.3,4670.5,45.966
2026-01-19 16:30:00,1768840200000,4670.5,4671.0,4669.4,4671.0,41.242
2026-01-19 16:45:00,1768841100000,4671.0,4672.5,4670.1,4672.5,84.704
2026-01-19 17:00:00,1768842000000,4672.5,4672.5,4669.8,4669.9,55.172
2026-01-19 17:15:00,1768842900000,4669.9,4670.1,4667.8,4668.7,70.906
2026-01-19 17:30:00,1768843800000,4668.7,4674.8,4668.6,4674.8,43.946
2026-01-19 17:45:00,1768844700000,4674.8,4676.9,4673.8,4674.8,115.712
2026-01-19 18:00:00,1768845600000,4674.8,4674.8,4672.8,4672.9,15.117
2026-01-19 18:15:00,1768846500000,4672.9,4678.0,4672.9,4677.5,47.745
2026-01-19 18:30:00,1768847400000,4677.5,4677.6,4674.8,4677.4,51.518
2026-01-19 18:45:00,1768848300000,4677.4,4677.4,4674.6,4675.4,28.927
2026-01-19 19:00:00,1768849200000,4675.4,4675.5,4670.6,4670.7,66.72
2026-01-19 19:15:00,1768850100000,4670.7,4670.7,4666.3,4669.3,83.869
2026-01-19 19:30:00,1768851000000,4669.3,4669.3,4668.5,4669.1,41.197
2026-01-19 19:45:00,1768851900000,4669.1,4669.2,4668.4,4668.4,34.254
2026-01-19 20:00:00,1768852800000,4668.4,4668.5,4666.5,4666.5,49.791
2026-01-19 20:15:00,1768853700000,4666.5,4670.2,4666.5,4670.1,101.513
2026-01-19 20:30:00,1768854600000,4670.1,4670.1,4669.9,4669.9,15.49
2026-01-19 20:45:00,1768855500000,4669.9,4670.7,4669.9,4670.7,14.524
2026-01-19 21:00:00,1768856400000,4670.7,4671.6,4670.6,4671.5,11.966
2026-01-19 21:15:00,1768857300000,4671.5,4672.2,4671.1,4672.2,31.752
2026-01-19 21:30:00,1768858200000,4672.2,4673.8,4672.1,4673.3,37.023
2026-01-19 21:45:00,1768859100000,4673.3,4673.3,4671.0,4671.8,27.782
2026-01-19 22:00:00,1768860000000,4671.8,4672.0,4670.5,4672.0,23.721
2026-01-19 22:15:00,1768860900000,4672.0,4674.0,4671.9,4674.0,14.105
2026-01-19 22:30:00,1768861800000,4674.0,4675.5,4673.9,4674.0,54.859
2026-01-19 22:45:00,1768862700000,4674.0,4675.7,4674.0,4675.7,45.002
2026-01-19 23:00:00,1768863600000,4675.7,4675.7,4668.1,4669.7,156.199
2026-01-19 23:15:00,1768864500000,4669.7,4671.8,4666.4,4666.5,79.178
2026-01-19 23:30:00,1768865400000,4666.5,4668.0,4664.8,4666.3,58.37
2026-01-19 23:45:00,1768866300000,4666.3,4666.3,4665.2,4665.3,15.116
2026-01-20 00:00:00,1768867200000,4665.3,4666.5,4665.0,4666.1,62.59
2026-01-20 00:15:00,1768868100000,4666.1,4666.5,4659.8,4659.8,139.355
2026-01-20 00:30:00,1768869000000,4659.8,4664.3,4659.6,4662.3,33.351
2026-01-20 00:45:00,1768869900000,4662.3,4663.2,4660.1,4660.1,39.459
2026-01-20 01:00:00,1768870800000,4660.1,4671.6,4660.1,4668.3,112.411
2026-01-20 01:15:00,1768871700000,4668.3,4670.5,4665.4,4669.1,26.62
2026-01-20 01:30:00,1768872600000,4669.1,4673.5,4669.1,4671.3,39.84
2026-01-20 01:45:00,1768873500000,4671.3,4672.0,4664.2,4667.0,86.102
2026-01-20 02:00:00,1768874400000,4667.0,4669.4,4664.5,4664.5,41.685
2026-01-20 02:15:00,1768875300000,4664.5,4670.1,4664.5,4669.6,58.02
2026-01-20 02:30:00,1768876200000,4669.6,4671.2,4668.9,4671.1,53.944
2026-01-20 02:45:00,1768877100000,4671.1,4671.2,4666.0,4666.7,35.373
2026-01-20 03:00:00,1768878000000,4666.7,4669.2,4665.3,4669.0,49.23
2026-01-20 03:15:00,1768878900000,4669.0,4671.0,4669.0,4670.8,38.661
2026-01-20 03:30:00,1768879800000,4670.8,4674.9,4670.7,4674.5,119.453
2026-01-20 03:45:00,1768880700000,4674.5,4676.0,4674.4,4675.3,365.115
2026-01-20 04:00:00,1768881600000,4675.3,4678.1,4675.3,4678.1,153.474
2026-01-20 04:15:00,1768882500000,4678.1,4683.1,4678.0,4683.0,327.43
2026-01-20 04:30:00,1768883400000,4683.0,4688.8,4681.8,4686.3,241.354
2026-01-20 04:45:00,1768884300000,4686.3,4692.0,4685.2,4692.0,182.372
2026-01-20 05:00:00,1768885200000,4692.0,4695.5,4691.3,4695.4,202.504
2026-01-20 05:15:00,1768886100000,4695.4,4695.5,4691.5,4692.0,111.322
2026-01-20 05:30:00,1768887000000,4692.0,4702.5,4690.2,4702.0,439.71
2026-01-20 05:45:00,1768887900000,4702.0,4712.3,4702.0,4712.0,402.159
2026-01-20 06:00:00,1768888800000,4712.0,4714.1,4705.4,4710.1,407.907
2026-01-20 06:15:00,1768889700000,4710.1,4711.4,4705.3,4709.4,195.56
2026-01-20 06:30:00,1768890600000,4709.4,4711.1,4703.6,4707.5,197.795
2026-01-20 06:45:00,1768891500000,4707.5,4711.5,4706.0,4710.0,193.925
2026-01-20 07:00:00,1768892400000,4710.0,4713.0,4709.3,4711.8,180.982
2026-01-20 07:15:00,1768893300000,4711.8,4720.6,4711.7,4715.2,435.57
2026-01-20 07:30:00,1768894200000,4715.2,4720.7,4715.1,4718.8,183.258
2026-01-20 07:45:00,1768895100000,4718.8,4720.4,4713.7,4713.8,154.826
2026-01-20 08:00:00,1768896000000,4713.8,4724.1,4713.6,4723.4,252.321
2026-01-20 08:15:00,1768896900000,4723.4,4723.5,4717.4,4717.4,182.795
2026-01-20 08:30:00,1768897800000,4717.4,4721.6,4714.6,4720.7,275.999
2026-01-20 08:45:00,1768898700000,4720.7,4729.7,4720.7,4726.1,307.767
2026-01-20 09:00:00,1768899600000,4726.1,4729.6,4723.2,4723.3,232.791
2026-01-20 09:15:00,1768900500000,4723.3,4731.2,4720.6,4730.6,191.796
2026-01-20 09:30:00,1768901400000,4730.6,4733.7,4730.6,4732.4,151.642
2026-01-20 09:45:00,1768902300000,4732.4,4734.8,4729.4,4730.4,504.555
2026-01-20 10:00:00,1768903200000,4730.4,4731.9,4727.6,4727.8,148.712
2026-01-20 10:15:00,1768904100000,4727.8,4729.8,4726.5,4726.5,110.959
2026-01-20 10:30:00,1768905000000,4726.5,4726.6,4721.2,4722.3,152.929
2026-01-20 10:45:00,1768905900000,4722.3,4725.0,4721.2,4723.8,46.943
2026-01-20 11:00:00,1768906800000,4723.8,4725.2,4720.5,4723.3,135.395
2026-01-20 11:15:00,1768907700000,4723.3,4725.6,4723.0,4724.7,73.617
2026-01-20 11:30:00,1768908600000,4724.7,4728.9,4723.4,4728.5,138.954
2026-01-20 11:45:00,1768909500000,4728.5,4731.8,4728.4,4730.2,113.434
2026-01-20 12:00:00,1768910400000,4730.2,4730.2,4726.0,4726.9,94.218
2026-01-20 12:15:00,1768911300000,4726.9,4727.4,4722.8,4722.8,176.366
2026-01-20 12:30:00,1768912200000,4722.8,4726.5,4721.6,4723.6,183.7
2026-01-20 12:45:00,1768913100000,4723.6,4725.4,4722.8,4724.6,123.889
2026-01-20 13:00:00,1768914000000,4724.6,4724.6,4719.1,4721.8,250.59
2026-01-20 13:15:00,1768914900000,4721.8,4723.0,4713.9,4716.4,191.978
2026-01-20 13:30:00,1768915800000,4716.4,4727.5,4713.4,4727.4,303.896
2026-01-20 13:45:00,1768916700000,4727.4,4734.0,4725.3,4734.0,256.791
2026-01-20 14:00:00,1768917600000,4734.0,4747.1,4731.6,4739.7,752.135
2026-01-20 14:15:00,1768918500000,4739.7,4749.4,4739.3,4749.4,183.974
2026-01-20 14:30:00,1768919400000,4749.4,4749.4,4728.0,4737.1,426.975
2026-01-20 14:45:00,1768920300000,4737.1,4740.0,4732.7,4738.4,167.982
2026-01-20 15:00:00,1768921200000,4738.4,4745.0,4736.7,4742.4,322.626
2026-01-20 15:15:00,1768922100000,4742.4,4742.4,4722.2,4723.8,230.1
2026-01-20 15:30:00,1768923000000,4723.8,4733.4,4722.7,4730.8,176.043
2026-01-20 15:45:00,1768923900000,4730.8,4737.8,4730.1,4737.2,140.036
2026-01-20 16:00:00,1768924800000,4737.2,4741.0,4729.1,4740.2,136.887
2026-01-20 16:15:00,1768925700000,4740.2,4741.4,4734.6,4739.9,185.278
2026-01-20 16:30:00,1768926600000,4739.9,4744.2,4739.8,4743.8,95.514
2026-01-20 16:45:00,1768927500000,4743.8,4758.9,4743.8,4753.2,416.25
2026-01-20 17:00:00,1768928400000,4753.2,4754.8,4746.4,4754.3,278.589
2026-01-20 17:15:00,1768929300000,4754.3,4756.1,4752.4,4754.8,184.009
2026-01-20 17:30:00,1768930200000,4754.8,4756.9,4753.2,4756.8,122.485
2026-01-20 17:45:00,1768931100000,4756.8,4763.3,4752.9,4759.7,291.54
2026-01-20 18:00:00,1768932000000,4759.7,4765.0,4759.3,4763.6,164.659
2026-01-20 18:15:00,1768932900000,4763.6,4766.9,4760.1,4761.0,211.842
2026-01-20 18:30:00,1768933800000,4761.0,4762.1,4757.8,4757.9,117.142
2026-01-20 18:45:00,1768934700000,4757.9,4759.2,4754.5,4759.2,117.641
2026-01-20 19:00:00,1768935600000,4759.2,4760.3,4757.2,4760.3,75.609
2026-01-20 19:15:00,1768936500000,4760.3,4766.6,4759.3,4760.9,142.6
2026-01-20 19:30:00,1768937400000,4760.9,4764.5,4758.7,4764.2,108.497
2026-01-20 19:45:00,1768938300000,4764.2,4764.8,4760.5,4761.8,41.766
2026-01-20 20:00:00,1768939200000,4761.8,4761.8,4757.4,4761.8,67.429
2026-01-20 20:15:00,1768940100000,4761.8,4761.8,4749.5,4751.3,183.322
2026-01-20 20:30:00,1768941000000,4751.3,4755.6,4750.2,4750.8,37.593
2026-01-20 20:45:00,1768941900000,4750.8,4758.7,4750.8,4758.1,73.346
2026-01-20 21:00:00,1768942800000,4758.1,4761.6,4758.1,4761.1,33.489
2026-01-20 21:15:00,1768943700000,4761.1,4763.6,4761.1,4761.6,106.487
2026-01-20 21:30:00,1768944600000,4761.6,4761.6,4758.8,4760.3,34.908
2026-01-20 21:45:00,1768945500000,4760.3,4764.9,4760.3,4764.8,51.493
2026-01-20 22:00:00,1768946400000,4764.8,4771.4,4764.8,4771.2,165.311
2026-01-20 22:15:00,1768947300000,4771.2,4775.3,4771.2,4775.1,199.282
2026-01-20 22:30:00,1768948200000,4775.1,4776.5,4768.8,4776.4,350.745
2026-01-20 22:45:00,1768949100000,4776.4,4776.5,4772.1,4774.4,98.452
2026-01-20 23:00:00,1768950000000,4774.4,4774.4,4761.1,4761.7,279.167
2026-01-20 23:15:00,1768950900000,4761.7,4765.3,4761.6,4763.9,267.319
2026-01-20 23:30:00,1768951800000,4763.9,4776.0,4763.0,4776.0,125.347
2026-01-20 23:45:00,1768952700000,4776.0,4788.0,4776.0,4781.4,546.742
2026-01-21 00:00:00,1768953600000,4781.4,4784.3,4777.8,4783.9,303.374
2026-01-21 00:15:00,1768954500000,4783.9,4787.7,4781.8,4786.3,377.262
2026-01-21 00:30:00,1768955400000,4786.3,4794.8,4785.3,4793.8,301.069
2026-01-21 00:45:00,1768956300000,4793.8,4794.9,4791.3,4792.3,163.568
2026-01-21 01:00:00,1768957200000,4792.3,4818.6,4791.4,4816.2,584.914
2026-01-21 01:15:00,1768958100000,4816.2,4835.0,4814.0,4834.3,638.756
2026-01-21 01:30:00,1768959000000,4834.3,4844.1,4823.4,4828.3,493.035
2026-01-21 01:45:00,1768959900000,4828.3,4851.0,4827.9,4842.7,370.181
2026-01-21 02:00:00,1768960800000,4842.7,4848.6,4831.9,4835.2,221.869
2026-01-21 02:15:00,1768961700000,4835.2,4836.0,4825.8,4832.7,230.066
2026-01-21 02:30:00,1768962600000,4832.7,4847.4,4831.2,4839.5,215.195
2026-01-21 02:45:00,1768963500000,4839.5,4844.4,4836.1,4843.9,105.186
2026-01-21 03:00:00,1768964400000,4843.9,4857.1,4841.6,4841.7,385.035
2026-01-21 03:15:00,1768965300000,4841.7,4844.5,4835.5,4840.7,283.841
2026-01-21 03:30:00,1768966200000,4840.7,4852.0,4839.4,4849.1,235.761
2026-01-21 03:45:00,1768967100000,4849.1,4852.5,4846.5,4851.4,194.45
2026-01-21 04:00:00,1768968000000,4851.4,4852.0,4844.1,4849.3,219.361
2026-01-21 04:15:00,1768968900000,4849.3,4859.2,4849.2,4854.8,151.573
2026-01-21 04:30:00,1768969800000,4854.8,4870.7,4854.8,4870.6,492.459
2026-01-21 04:45:00,1768970700000,4870.6,4877.6,4867.7,4871.7,283.819
2026-01-21 05:00:00,1768971600000,4871.7,4872.0,4864.0,4871.4,189.835
2026-01-21 05:15:00,1768972500000,4871.4,4879.3,4869.1,4873.7,231.457
2026-01-21 05:30:00,1768973400000,4873.7,4883.8,4870.1,4876.3,250.114
2026-01-21 05:45:00,1768974300000,4876.3,4881.8,4874.9,4875.4,169.803
2026-01-21 06:00:00,1768975200000,4875.4,4879.7,4868.3,4875.2,243.682
2026-01-21 06:15:00,1768976100000,4875.2,4892.8,4875.0,4889.0,311.535
2026-01-21 06:30:00,1768977000000,4889.0,4891.0,4863.1,4866.5,479.707
2026-01-21 06:45:00,1768977900000,4866.5,4869.9,4851.2,4852.6,564.54
2026-01-21 07:00:00,1768978800000,4852.6,4852.6,4838.8,4841.2,680.916
2026-01-21 07:15:00,1768979700000,4841.2,4856.1,4838.4,4854.1,281.372
2026-01-21 07:30:00,1768980600000,4854.1,4857.8,4845.5,4855.5,285.952
2026-01-21 07:45:00,1768981500000,4855.5,4863.7,4853.9,4862.2,171.225
2026-01-21 08:00:00,1768982400000,4862.2,4870.8,4860.8,4866.6,293.953
2026-01-21 08:15:00,1768983300000,4866.6,4876.0,4866.5,4874.3,146.581
2026-01-21 08:30:00,1768984200000,4874.3,4875.3,4864.9,4868.3,255.809
2026-01-21 08:45:00,1768985100000,4868.3,4869.6,4857.4,4859.5,256.555
2026-01-21 09:00:00,1768986000000,4859.5,4868.1,4858.5,4867.1,114.936
2026-01-21 09:15:00,1768986900000,4867.1,4881.6,4865.2,4881.4,160.086
2026-01-21 09:30:00,1768987800000,4881.4,4882.0,4871.7,4873.0,211.643
2026-01-21 09:45:00,1768988700000,4873.0,4873.1,4866.0,4866.4,119.941
2026-01-21 10:00:00,1768989600000,4866.4,4874.5,4866.3,4870.9,192.096
2026-01-21 10:15:00,1768990500000,4870.9,4871.0,4867.0,4867.8,104.718
2026-01-21 10:30:00,1768991400000,4867.8,4871.9,4867.3,4871.7,101.19
2026-01-21 10:45:00,1768992300000,4871.7,4873.0,4869.6,4869.6,83.851
2026-01-21 11:00:00,1768993200000,4869.6,4871.4,4867.5,4871.1,70.633
2026-01-21 11:15:00,1768994100000,4871.1,4876.6,4871.1,4872.6,98.482
2026-01-21 11:30:00,1768995000000,4872.6,4872.6,4867.3,4868.7,89.162
2026-01-21 11:45:00,1768995900000,4868.7,4873.4,4861.5,4872.7,163.314
2026-01-21 12:00:00,1768996800000,4872.7,4873.8,4868.6,4869.5,230.293
2026-01-21 12:15:00,1768997700000,4869.5,4871.9,4863.6,4871.9,326.923
2026-01-21 12:30:00,1768998600000,4871.9,4877.5,4871.0,4872.2,160.965
2026-01-21 12:45:00,1768999500000,4872.2,4872.5,4863.8,4870.0,214.127
2026-01-21 13:00:00,1769000400000,4870.0,4875.1,4864.2,4874.1,274.973
2026-01-21 13:15:00,1769001300000,4874.1,4875.6,4866.6,4872.5,161.216
2026-01-21 13:30:00,1769002200000,4872.5,4883.4,4871.8,4881.4,220.351
2026-01-21 13:45:00,1769003100000,4881.4,4884.4,4875.4,4884.0,183.635
2026-01-21 14:00:00,1769004000000,4884.0,4885.1,4845.6,4850.1,1673.724
2026-01-21 14:15:00,1769004900000,4850.1,4867.7,4848.4,4865.0,617.751
2026-01-21 14:30:00,1769005800000,4865.0,4874.5,4854.3,4864.7,481.672
2026-01-21 14:45:00,1769006700000,4864.7,4866.3,4852.0,4855.8,386.473
2026-01-21 15:00:00,1769007600000,4855.8,4870.7,4853.1,4864.3,367.475
2026-01-21 15:15:00,1769008500000,4864.3,4865.3,4813.3,4833.7,2193.056
2026-01-21 15:30:00,1769009400000,4833.7,4846.6,4833.4,4838.9,464.016
2026-01-21 15:45:00,1769010300000,4838.9,4854.8,4836.6,4849.7,300.32
2026-01-21 16:00:00,1769011200000,4849.7,4856.0,4846.2,4848.6,264.499
2026-01-21 16:15:00,1769012100000,4848.6,4854.1,4833.0,4841.9,391.816
2026-01-21 16:30:00,1769013000000,4841.9,4850.9,4837.0,4837.0,314.492
2026-01-21 16:45:00,1769013900000,4837.0,4840.6,4825.2,4837.1,639.59
2026-01-21 17:00:00,1769014800000,4837.1,4837.3,4819.0,4822.4,346.462
2026-01-21 17:15:00,1769015700000,4822.4,4828.5,4819.3,4822.7,381.652
2026-01-21 17:30:00,1769016600000,4822.7,4822.8,4806.4,4812.2,460.206
2026-01-21 17:45:00,1769017500000,4812.2,4829.7,4812.2,4829.6,198.698
2026-01-21 18:00:00,1769018400000,4829.6,4835.8,4826.7,4830.5,261.793
2026-01-21 18:15:00,1769019300000,4830.5,4839.0,4823.4,4837.1,188.338
2026-01-21 18:30:00,1769020200000,4837.1,4841.5,4834.0,4841.4,147.105
2026-01-21 18:45:00,1769021100000,4841.4,4854.0,4840.2,4853.9,301.487
2026-01-21 19:00:00,1769022000000,4853.9,4856.0,4848.1,4853.4,211.076
2026-01-21 19:15:00,1769022900000,4853.4,4857.8,4812.2,4821.9,1337.055
2026-01-21 19:30:00,1769023800000,4821.9,4825.5,4771.8,4772.7,1885.532
2026-01-21 19:45:00,1769024700000,4772.7,4787.6,4761.9,4786.5,1080.631
2026-01-21 20:00:00,1769025600000,4786.5,4793.3,4779.2,4791.3,574.537
2026-01-21 20:15:00,1769026500000,4791.3,4804.3,4790.1,4800.9,364.851
2026-01-21 20:30:00,1769027400000,4800.9,4825.0,4800.5,4824.6,444.533
2026-01-21 20:45:00,1769028300000,4824.6,4830.0,4820.3,4829.1,236.771
2026-01-21 21:00:00,1769029200000,4829.1,4829.3,4815.9,4826.7,229.889
2026-01-21 21:15:00,1769030100000,4826.7,4840.0,4826.6,4833.3,301.102
2026-01-21 21:30:00,1769031000000,4833.3,4840.0,4833.3,4836.8,82.622
2026-01-21 21:45:00,1769031900000,4836.8,4839.9,4829.4,4832.5,200.976
2026-01-21 22:00:00,1769032800000,4832.5,4832.6,4824.2,4824.7,260.729
2026-01-21 22:15:00,1769033700000,4824.7,4832.0,4822.3,4832.0,158.215
2026-01-21 22:30:00,1769034600000,4832.0,4836.4,4824.0,4828.2,269.703
2026-01-21 22:45:00,1769035500000,4828.2,4828.3,4823.3,4827.2,55.512
2026-01-21 23:00:00,1769036400000,4827.2,4834.3,4806.3,4817.4,477.411
2026-01-21 23:15:00,1769037300000,4817.4,4817.8,4785.2,4795.6,428.734
2026-01-21 23:30:00,1769038200000,4795.6,4802.3,4786.5,4787.3,277.336
2026-01-21 23:45:00,1769039100000,4787.3,4799.1,4781.8,4781.8,227.917
2026-01-22 00:00:00,1769040000000,4781.8,4795.2,4781.0,4791.9,412.314
2026-01-22 00:15:00,1769040900000,4791.9,4791.9,4782.5,4785.5,145.508
2026-01-22 00:30:00,1769041800000,4785.5,4795.3,4782.9,4794.1,153.166
2026-01-22 00:45:00,1769042700000,4794.1,4799.4,4789.0,4797.7,129.098
2026-01-22 01:00:00,1769043600000,4797.7,4798.1,4776.1,4792.0,331.328
2026-01-22 01:15:00,1769044500000,4792.0,4809.4,4789.6,4797.9,189.496
2026-01-22 01:30:00,1769045400000,4797.9,4804.2,4795.9,4802.2,463.817
2026-01-22 01:45:00,1769046300000,4802.2,4803.2,4798.1,4798.1,68.187
2026-01-22 02:00:00,1769047200000,4798.1,4798.1,4788.6,4792.4,167.985
2026-01-22 02:15:00,1769048100000,4792.4,4793.6,4786.3,4786.9,115.013
2026-01-22 02:30:00,1769049000000,4786.9,4786.9,4776.0,4782.4,307.136
2026-01-22 02:45:00,1769049900000,4782.4,4792.4,4782.4,4790.6,241.618
2026-01-22 03:00:00,1769050800000,4790.6,4791.7,4785.7,4789.5,129.407
2026-01-22 03:15:00,1769051700000,4789.5,4794.6,4787.0,4793.1,92.627
2026-01-22 03:30:00,1769052600000,4793.1,4794.2,4791.7,4792.3,55.763
2026-01-22 03:45:00,1769053500000,4792.3,4796.4,4791.7,4796.1,43.299
2026-01-22 04:00:00,1769054400000,4796.1,4799.6,4795.8,4799.3,74.709
2026-01-22 04:15:00,1769055300000,4799.3,4800.0,4796.4,4797.0,54.572
2026-01-22 04:30:00,1769056200000,4797.0,4799.8,4796.1,4797.7,141.834
2026-01-22 04:45:00,1769057100000,4797.7,4799.0,4796.0,4799.0,38.014
2026-01-22 05:00:00,1769058000000,4799.0,4802.2,4795.2,4801.6,40.933
2026-01-22 05:15:00,1769058900000,4801.6,4801.6,4796.8,4796.9,25.343
2026-01-22 05:30:00,1769059800000,4796.9,4803.0,4796.9,4802.7,46.508
2026-01-22 05:45:00,1769060700000,4802.7,4821.9,4802.7,4820.9,385.813
2026-01-22 06:00:00,1769061600000,4820.9,4824.4,4816.9,4818.1,150.543
2026-01-22 06:15:00,1769062500000,4818.1,4828.6,4817.2,4826.1,100.25
2026-01-22 06:30:00,1769063400000,4826.1,4828.0,4824.2,4824.5,106.216
2026-01-22 06:45:00,1769064300000,4824.5,4826.2,4822.5,4826.1,37.47
2026-01-22 07:00:00,1769065200000,4826.1,4835.1,4826.1,4834.3,108.959
2026-01-22 07:15:00,1769066100000,4834.3,4838.9,4832.9,4837.8,105.292
2026-01-22 07:30:00,1769067000000,4837.8,4838.9,4834.2,4834.2,59.729
2026-01-22 07:45:00,1769067900000,4834.2,4836.6,4832.3,4834.7,55.566
2026-01-22 08:00:00,1769068800000,4834.7,4835.9,4824.1,4827.5,219.025
2026-01-22 08:15:00,1769069700000,4827.5,4830.8,4825.8,4828.0,80.917
2026-01-22 08:30:00,1769070600000,4828.0,4828.4,4822.1,4826.6,129.038
2026-01-22 08:45:00,1769071500000,4826.6,4832.2,4826.3,4830.9,65.385
2026-01-22 09:00:00,1769072400000,4830.9,4838.3,4830.0,4834.4,98.362
2026-01-22 09:15:00,1769073300000,4834.4,4834.4,4828.5,4830.3,84.815
2026-01-22 09:30:00,1769074200000,4830.3,4831.0,4815.1,4817.0,164.187
2026-01-22 09:45:00,1769075100000,4817.0,4823.2,4816.2,4823.2,64.881
2026-01-22 10:00:00,1769076000000,4823.2,4825.5,4820.1,4822.7,88.093
2026-01-22 10:15:00,1769076900000,4822.7,4826.5,4821.9,4826.2,66.996
2026-01-22 10:30:00,1769077800000,4826.2,4829.1,4823.9,4828.5,58.435
2026-01-22 10:45:00,1769078700000,4828.5,4831.8,4828.5,4829.2,150.098
2026-01-22 11:00:00,1769079600000,4829.2,4831.3,4826.7,4826.7,69.959
2026-01-22 11:15:00,1769080500000,4826.7,4828.8,4824.4,4827.6,77.645
2026-01-22 11:30:00,1769081400000,4827.6,4831.0,4826.0,4831.0,72.546
2026-01-22 11:45:00,1769082300000,4831.0,4838.0,4831.0,4832.6,224.23
2026-01-22 12:00:00,1769083200000,4832.6,4832.6,4825.1,4826.0,130.672
2026-01-22 12:15:00,1769084100000,4826.0,4832.0,4826.0,4832.0,22.892
2026-01-22 12:30:00,1769085000000,4832.0,4832.6,4830.1,4830.1,37.863
2026-01-22 12:45:00,1769085900000,4830.1,4830.1,4819.8,4819.8,98.773
2026-01-22 13:00:00,1769086800000,4819.8,4827.0,4817.1,4827.0,111.342
2026-01-22 13:15:00,1769087700000,4827.0,4835.0,4827.0,4827.9,133.143
2026-01-22 13:30:00,1769088600000,4827.9,4827.9,4812.0,4814.8,289.662
2026-01-22 13:45:00,1769089500000,4814.8,4822.6,4812.0,4822.1,157.46
2026-01-22 14:00:00,1769090400000,4822.1,4824.9,4820.4,4823.1,123.622
2026-01-22 14:15:00,1769091300000,4823.1,4830.9,4823.0,4830.8,129.175
2026-01-22 14:30:00,1769092200000,4830.8,4849.6,4829.7,4848.5,715.793
2026-01-22 14:45:00,1769093100000,4848.5,4849.1,4838.2,4838.2,199.402
2026-01-22 15:00:00,1769094000000,4838.2,4842.5,4830.5,4842.1,416.674
2026-01-22 15:15:00,1769094900000,4842.1,4858.4,4839.3,4856.2,396.031
2026-01-22 15:30:00,1769095800000,4856.2,4868.2,4855.5,4865.4,690.413
2026-01-22 15:45:00,1769096700000,4865.4,4875.0,4863.6,4870.9,416.445
2026-01-22 16:00:00,1769097600000,4870.9,4877.0,4869.4,4874.3,221.04
2026-01-22 16:15:00,1769098500000,4874.3,4879.5,4871.8,4876.5,227.257
2026-01-22 16:30:00,1769099400000,4876.5,4882.8,4872.5,4879.9,322.77
2026-01-22 16:45:00,1769100300000,4879.9,4883.1,4875.0,4877.8,210.748
2026-01-22 17:00:00,1769101200000,4877.8,4883.0,4871.3,4879.1,463.404
2026-01-22 17:15:00,1769102100000,4879.1,4897.0,4876.9,4891.2,429.434
2026-01-22 17:30:00,1769103000000,4891.2,4899.3,4890.9,4899.2,438.03
2026-01-22 17:45:00,1769103900000,4899.2,4908.5,4897.0,4906.0,614.142
2026-01-22 18:00:00,1769104800000,4906.0,4917.0,4903.3,4909.8,674.579
2026-01-22 18:15:00,1769105700000,4909.8,4913.8,4907.8,4909.1,222.615
2026-01-22 18:30:00,1769106600000,4909.1,4914.4,4907.6,4912.9,183.063
2026-01-22 18:45:00,1769107500000,4912.9,4920.6,4910.6,4918.1,361.076
2026-01-22 19:00:00,1769108400000,4918.1,4926.2,4918.0,4926.2,335.158
2026-01-22 19:15:00,1769109300000,4926.2,4926.2,4911.1,4915.0,296.006
2026-01-22 19:30:00,1769110200000,4915.0,4918.4,4915.0,4916.1,124.608
2026-01-22 19:45:00,1769111100000,4916.1,4916.1,4905.7,4911.5,181.503
2026-01-22 20:00:00,1769112000000,4911.5,4926.8,4911.5,4926.8,171.118
2026-01-22 20:15:00,1769112900000,4926.8,4930.0,4926.4,4927.8,256.048
2026-01-22 20:30:00,1769113800000,4927.8,4929.3,4920.8,4924.1,186.777
2026-01-22 20:45:00,1769114700000,4924.1,4925.8,4916.2,4917.0,182.352
2026-01-22 21:00:00,1769115600000,4917.0,4922.0,4915.4,4922.0,204.322
2026-01-22 21:15:00,1769116500000,4922.0,4925.4,4921.3,4925.4,114.517
2026-01-22 21:30:00,1769117400000,4925.4,4942.4,4924.7,4941.0,513.724
2026-01-22 21:45:00,1769118300000,4941.0,4942.8,4936.6,4937.5,166.383
2026-01-22 22:00:00,1769119200000,4937.5,4940.2,4936.5,4936.5,126.241
2026-01-22 22:15:00,1769120100000,4936.5,4944.1,4936.5,4943.4,101.977
2026-01-22 22:30:00,1769121000000,4943.4,4944.2,4941.1,4943.2,107.375
2026-01-22 22:45:00,1769121900000,4943.2,4945.1,4938.6,4940.9,145.948
2026-01-22 23:00:00,1769122800000,4940.9,4962.1,4940.9,4945.0,721.998
2026-01-22 23:15:00,1769123700000,4945.0,4946.8,4939.7,4940.2,352.388
2026-01-22 23:30:00,1769124600000,4940.2,4940.2,4930.1,4939.4,384.089
2026-01-22 23:45:00,1769125500000,4939.4,4960.9,4939.4,4959.4,275.029
2026-01-23 00:00:00,1769126400000,4959.4,4963.8,4952.6,4952.8,295.049
2026-01-23 00:15:00,1769127300000,4952.8,4958.6,4948.5,4951.7,114.883
2026-01-23 00:30:00,1769128200000,4951.7,4956.1,4947.6,4948.2,216.393
2026-01-23 00:45:00,1769129100000,4948.2,4965.9,4948.0,4964.8,233.986
2026-01-23 01:00:00,1769130000000,4964.8,4967.3,4936.8,4948.2,748.939
2026-01-23 01:15:00,1769130900000,4948.2,4952.4,4942.5,4945.8,266.504
2026-01-23 01:30:00,1769131800000,4945.8,4954.2,4945.8,4950.9,117.539
2026-01-23 01:45:00,1769132700000,4950.9,4961.1,4950.8,4952.5,142.865
2026-01-23 02:00:00,1769133600000,4952.5,4954.4,4946.2,4947.2,81.763
2026-01-23 02:15:00,1769134500000,4947.2,4951.7,4946.2,4951.3,151.107
2026-01-23 02:30:00,1769135400000,4951.3,4956.9,4951.3,4956.8,75.424
2026-01-23 02:45:00,1769136300000,4956.8,4962.7,4955.0,4955.0,207.409
2026-01-23 03:00:00,1769137200000,4955.0,4958.3,4952.4,4952.9,205.588
2026-01-23 03:15:00,1769138100000,4952.9,4953.0,4938.3,4943.1,245.702
2026-01-23 03:30:00,1769139000000,4943.1,4950.8,4942.3,4947.9,97.343
2026-01-23 03:45:00,1769139900000,4947.9,4951.7,4947.0,4951.3,112.975
2026-01-23 04:00:00,1769140800000,4951.3,4952.6,4950.5,4952.1,57.049
2026-01-23 04:15:00,1769141700000,4952.1,4952.4,4949.1,4950.6,96.954
2026-01-23 04:30:00,1769142600000,4950.6,4955.5,4950.6,4954.6,109.263
2026-01-23 04:45:00,1769143500000,4954.6,4956.2,4953.8,4954.6,149.774
2026-01-23 05:00:00,1769144400000,4954.6,4955.0,4953.1,4954.9,113.206
2026-01-23 05:15:00,1769145300000,4954.9,4958.0,4954.5,4955.7,184.592
2026-01-23 05:30:00,1769146200000,4955.7,4959.0,4954.7,4958.9,190.167
2026-01-23 05:45:00,1769147100000,4958.9,4965.6,4958.9,4959.9,409.248
2026-01-23 06:00:00,1769148000000,4959.9,4960.9,4944.9,4951.0,466.885
2026-01-23 06:15:00,1769148900000,4951.0,4959.4,4950.9,4954.2,287.552
2026-01-23 06:30:00,1769149800000,4954.2,4956.0,4951.9,4954.3,150.407
2026-01-23 06:45:00,1769150700000,4954.3,4956.9,4952.0,4955.6,105.312
2026-01-23 07:00:00,1769151600000,4955.6,4958.9,4954.4,4956.4,186.974
2026-01-23 07:15:00,1769152500000,4956.4,4959.1,4954.2,4959.0,363.488
2026-01-23 07:30:00,1769153400000,4959.0,4960.1,4950.1,4950.1,432.563
2026-01-23 07:45:00,1769154300000,4950.1,4952.0,4946.6,4946.6,168.336
2026-01-23 08:00:00,1769155200000,4946.6,4947.9,4940.4,4942.7,300.361
2026-01-23 08:15:00,1769156100000,4942.7,4942.7,4901.5,4913.2,1645.953
2026-01-23 08:30:00,1769157000000,4913.2,4925.8,4910.9,4925.7,598.45
2026-01-23 08:45:00,1769157900000,4925.7,4925.8,4910.8,4914.5,391.655
2026-01-23 09:00:00,1769158800000,4914.5,4920.7,4912.0,4913.5,184.173
2026-01-23 09:15:00,1769159700000,4913.5,4916.0,4903.9,4906.8,371.545
2026-01-23 09:30:00,1769160600000,4906.8,4920.0,4906.2,4918.9,355.298
2026-01-23 09:45:00,1769161500000,4918.9,4923.7,4917.0,4921.1,138.088
2026-01-23 10:00:00,1769162400000,4921.1,4923.8,4920.0,4923.6,131.118
2026-01-23 10:15:00,1769163300000,4923.6,4935.5,4923.5,4931.8,215.315
2026-01-23 10:30:00,1769164200000,4931.8,4933.5,4928.8,4932.2,262.552
2026-01-23 10:45:00,1769165100000,4932.2,4934.0,4929.7,4934.0,121.504
2026-01-23 11:00:00,1769166000000,4934.0,4934.0,4923.0,4923.9,503.12
2026-01-23 11:15:00,1769166900000,4923.9,4928.8,4918.0,4927.6,737.819
2026-01-23 11:30:00,1769167800000,4927.6,4932.0,4927.0,4930.9,250.57
2026-01-23 11:45:00,1769168700000,4930.9,4931.8,4928.9,4929.5,90.602
2026-01-23 12:00:00,1769169600000,4929.5,4940.1,4925.3,4940.1,193.565
2026-01-23 12:15:00,1769170500000,4940.1,4943.7,4937.5,4941.4,237.033
2026-01-23 12:30:00,1769171400000,4941.4,4944.5,4939.3,4942.5,215.104
2026-01-23 12:45:00,1769172300000,4942.5,4949.4,4942.4,4945.9,231.874
2026-01-23 13:00:00,1769173200000,4945.9,4955.8,4942.2,4946.9,450.092
2026-01-23 13:15:00,1769174100000,4946.9,4947.2,4931.3,4939.1,277.598
2026-01-23 13:30:00,1769175000000,4939.1,4946.0,4936.1,4939.9,255.044
2026-01-23 13:45:00,1769175900000,4939.9,4947.1,4938.8,4946.8,264.186
2026-01-23 14:00:00,1769176800000,4946.8,4953.0,4942.1,4950.9,157.93
2026-01-23 14:15:00,1769177700000,4950.9,4951.0,4945.4,4945.4,81.517
2026-01-23 14:30:00,1769178600000,4945.4,4954.7,4940.0,4952.2,320.308
2026-01-23 14:45:00,1769179500000,4952.2,4959.4,4948.5,4948.8,325.595
2026-01-23 15:00:00,1769180400000,4948.8,4959.5,4944.3,4958.3,226.87
2026-01-23 15:15:00,1769181300000,4958.3,4958.9,4938.5,4950.1,1760.787
2026-01-23 15:30:00,1769182200000,4950.1,4963.1,4949.6,4963.1,292.171
2026-01-23 15:45:00,1769183100000,4963.1,4968.5,4957.2,4964.7,607.242
2026-01-23 16:00:00,1769184000000,4964.7,4982.2,4962.5,4978.3,1209.622
2026-01-23 16:15:00,1769184900000,4978.3,4990.9,4978.0,4990.4,701.19
2026-01-23 16:30:00,1769185800000,4990.4,4992.2,4983.1,4985.0,470.739
2026-01-23 16:45:00,1769186700000,4985.0,4985.0,4978.4,4982.6,386.862
2026-01-23 17:00:00,1769187600000,4982.6,4991.7,4981.2,4989.9,309.445
2026-01-23 17:15:00,1769188500000,4989.9,4993.0,4985.7,4986.8,283.965
2026-01-23 17:30:00,1769189400000,4986.8,4990.7,4986.8,4987.3,223.692
2026-01-23 17:45:00,1769190300000,4987.3,4987.4,4964.8,4968.5,604.909
2026-01-23 18:00:00,1769191200000,4968.5,4985.7,4967.8,4984.8,197.714
2026-01-23 18:15:00,1769192100000,4984.8,4986.9,4981.2,4982.3,91.331
2026-01-23 18:30:00,1769193000000,4982.3,4982.6,4967.1,4967.3,190.602
2026-01-23 18:45:00,1769193900000,4967.3,4971.2,4960.1,4968.6,267.562
2026-01-23 19:00:00,1769194800000,4968.6,4980.2,4968.6,4976.7,142.022
2026-01-23 19:15:00,1769195700000,4976.7,4981.3,4976.6,4981.1,110.589
2026-01-23 19:30:00,1769196600000,4981.1,4982.3,4977.0,4980.2,148.858
2026-01-23 19:45:00,1769197500000,4980.2,4994.1,4980.2,4987.3,337.585
2026-01-23 20:00:00,1769198400000,4987.3,4987.5,4973.9,4982.9,266.941
2026-01-23 20:15:00,1769199300000,4982.9,4988.9,4981.5,4983.2,158.453
2026-01-23 20:30:00,1769200200000,4983.2,4984.0,4979.2,4983.9,96.338
2026-01-23 20:45:00,1769201100000,4983.9,4984.4,4981.5,4983.1,135.241
2026-01-23 21:00:00,1769202000000,4983.1,4988.0,4981.0,4986.2,94.614
2026-01-23 21:15:00,1769202900000,4986.2,4988.6,4981.9,4985.7,153.083
2026-01-23 21:30:00,1769203800000,4985.7,4986.9,4985.5,4986.7,82.981
2026-01-23 21:45:00,1769204700000,4986.7,4993.3,4985.8,4989.5,140.838
2026-01-23 22:00:00,1769205600000,4989.5,4992.3,4989.5,4991.6,69.081
2026-01-23 22:15:00,1769206500000,4991.6,4991.7,4984.8,4986.7,107.996
2026-01-23 22:30:00,1769207400000,4986.7,4986.8,4981.9,4982.9,423.264
2026-01-23 22:45:00,1769208300000,4982.9,4983.0,4981.8,4981.9,48.762
2026-01-23 23:00:00,1769209200000,4981.9,4982.0,4981.5,4981.9,97.357
2026-01-23 23:15:00,1769210100000,4981.9,4986.1,4981.8,4986.1,39.943
2026-01-23 23:30:00,1769211000000,4986.1,4993.5,4985.6,4993.5,241.619
2026-01-23 23:45:00,1769211900000,4993.5,4993.5,4992.0,4992.1,90.252
2026-01-24 00:00:00,1769212800000,4992.1,4997.0,4992.1,4995.1,250.701
2026-01-24 00:15:00,1769213700000,4995.1,4995.2,4990.9,4994.1,58.739
2026-01-24 00:30:00,1769214600000,4994.1,4996.7,4993.2,4995.9,105.428
2026-01-24 00:45:00,1769215500000,4995.9,5003.0,4994.6,4994.7,583.23
2026-01-24 01:00:00,1769216400000,4994.7,5000.3,4990.5,4997.5,280.787
2026-01-24 01:15:00,1769217300000,4997.5,5002.1,4996.1,5002.0,185.89
2026-01-24 01:30:00,1769218200000,5002.0,5004.0,5000.8,5003.6,310.249
2026-01-24 01:45:00,1769219100000,5003.6,5006.1,5000.8,5001.3,226.91
2026-01-24 02:00:00,1769220000000,5001.3,5002.6,4996.8,5002.6,122.455
2026-01-24 02:15:00,1769220900000,5002.6,5003.9,4997.8,4999.4,105.627
2026-01-24 02:30:00,1769221800000,4999.4,5004.1,4999.4,5002.6,103.649
2026-01-24 02:45:00,1769222700000,5002.6,5003.6,5000.8,5001.0,139.421
2026-01-24 03:00:00,1769223600000,5001.0,5003.1,4999.3,5001.7,170.656
2026-01-24 03:15:00,1769224500000,5001.7,5009.0,5001.1,5002.2,318.201
2026-01-24 03:30:00,1769225400000,5002.2,5002.5,4997.0,5002.5,181.869
2026-01-24 03:45:00,1769226300000,5002.5,5008.6,5002.5,5005.2,141.179
2026-01-24 04:00:00,1769227200000,5005.2,5005.2,4998.1,5000.9,112.196
2026-01-24 04:15:00,1769228100000,5000.9,5004.4,5000.6,5000.7,62.433
2026-01-24 04:30:00,1769229000000,5000.7,5002.0,5000.3,5001.1,121.259
2026-01-24 04:45:00,1769229900000,5001.1,5001.4,5001.0,5001.1,37.966
2026-01-24 05:00:00,1769230800000,5001.1,5001.1,4998.1,4998.2,66.426
2026-01-24 05:15:00,1769231700000,4998.2,4998.2,4992.0,4994.9,111.0
2026-01-24 05:30:00,1769232600000,4994.9,4996.7,4994.1,4995.5,78.055
2026-01-24 05:45:00,1769233500000,4995.5,4996.5,4992.5,4992.5,32.359
2026-01-24 06:00:00,1769234400000,4992.5,4993.9,4991.7,4993.9,33.494
2026-01-24 06:15:00,1769235300000,4993.9,4999.7,4993.9,4999.7,70.571
2026-01-24 06:30:00,1769236200000,4999.7,4999.7,4996.9,4997.0,73.58
2026-01-24 06:45:00,1769237100000,4997.0,4997.4,4995.5,4995.5,45.424
2026-01-24 07:00:00,1769238000000,4995.5,4995.6,4993.8,4993.9,35.914
2026-01-24 07:15:00,1769238900000,4993.9,4998.0,4993.9,4996.3,64.309
2026-01-24 07:30:00,1769239800000,4996.3,4998.8,4996.3,4998.8,75.076
2026-01-24 07:45:00,1769240700000,4998.8,4998.9,4996.0,4996.8,63.467
2026-01-24 08:00:00,1769241600000,4996.8,4997.0,4994.2,4995.3,99.027
2026-01-24 08:15:00,1769242500000,4995.3,4999.0,4995.1,4998.6,55.267
2026-01-24 08:30:00,1769243400000,4998.6,5000.8,4998.6,5000.7,47.598
2026-01-24 08:45:00,1769244300000,5000.7,5000.8,4999.9,5000.0,67.849
2026-01-24 09:00:00,1769245200000,5000.0,5002.8,5000.0,5002.3,115.525
2026-01-24 09:15:00,1769246100000,5002.3,5003.5,5001.6,5003.5,136.836
2026-01-24 09:30:00,1769247000000,5003.5,5004.3,5003.3,5004.0,127.166
2026-01-24 09:45:00,1769247900000,5004.0,5004.5,5004.0,5004.4,61.271
2026-01-24 10:00:00,1769248800000,5004.4,5004.9,5003.4,5004.8,108.71
2026-01-24 10:15:00,1769249700000,5004.8,5005.4,5004.4,5005.4,57.06
2026-01-24 10:30:00,1769250600000,5005.4,5005.4,5005.3,5005.4,16.854
2026-01-24 10:45:00,1769251500000,5005.4,5006.0,5005.3,5005.9,35.969
2026-01-24 11:00:00,1769252400000,5005.9,5006.3,5002.3,5003.9,211.991
2026-01-24 11:15:00,1769253300000,5003.9,5005.2,5000.1,5000.5,215.374
2026-01-24 11:30:00,1769254200000,5000.5,5000.6,5000.5,5000.6,32.528
2026-01-24 11:45:00,1769255100000,5000.6,5001.0,5000.5,5000.9,65.111
2026-01-24 12:00:00,1769256000000,5000.9,5001.0,5000.4,5001.0,28.909
2026-01-24 12:15:00,1769256900000,5001.0,5005.6,5000.9,5005.6,26.962
2026-01-24 12:30:00,1769257800000,5005.6,5005.6,5002.2,5002.4,62.463
2026-01-24 12:45:00,1769258700000,5002.4,5011.0,5002.3,5006.3,402.009
2026-01-24 13:00:00,1769259600000,5006.3,5008.6,5006.2,5008.6,67.144
2026-01-24 13:15:00,1769260500000,5008.6,5009.6,5008.1,5008.2,65.542
2026-01-24 13:30:00,1769261400000,5008.2,5011.2,5008.1,5010.4,59.741
2026-01-24 13:45:00,1769262300000,5010.4,5015.5,5010.3,5015.1,257.635
2026-01-24 14:00:00,1769263200000,5015.1,5019.0,5014.8,5016.5,191.804
2026-01-24 14:15:00,1769264100000,5016.5,5016.6,5013.4,5013.4,168.99
2026-01-24 14:30:00,1769265000000,5013.4,5014.1,5011.3,5012.7,123.476
2026-01-24 14:45:00,1769265900000,5012.7,5014.1,5009.8,5014.1,98.729
2026-01-24 15:00:00,1769266800000,5014.1,5014.7,5010.0,5011.9,107.099
2026-01-24 15:15:00,1769267700000,5011.9,5029.8,5011.9,5019.4,476.52
2026-01-24 15:30:00,1769268600000,5019.4,5028.9,5018.2,5020.0,235.51
2026-01-24 15:45:00,1769269500000,5020.0,5027.9,5020.0,5025.7,347.786
2026-01-24 16:00:00,1769270400000,5025.7,5027.6,5024.5,5027.2,183.866
2026-01-24 16:15:00,1769271300000,5027.2,5033.9,5020.3,5027.3,422.361
2026-01-24 16:30:00,1769272200000,5027.3,5037.2,5025.6,5034.6,278.415
2026-01-24 16:45:00,1769273100000,5034.6,5066.3,5034.6,5048.5,1142.953
2026-01-24 17:00:00,1769274000000,5048.5,5056.6,5038.0,5056.5,437.488
2026-01-24 17:15:00,1769274900000,5056.5,5056.8,5044.0,5051.4,201.807
2026-01-24 17:30:00,1769275800000,5051.4,5051.5,5041.3,5041.4,247.735
2026-01-24 17:45:00,1769276700000,5041.4,5048.6,5041.3,5046.0,144.018
2026-01-24 18:00:00,1769277600000,5046.0,5049.8,5036.4,5042.4,350.027
2026-01-24 18:15:00,1769278500000,5042.4,5048.2,5038.4,5040.0,207.887
2026-01-24 18:30:00,1769279400000,5040.0,5053.0,5037.8,5048.6,126.83
2026-01-24 18:45:00,1769280300000,5048.6,5058.9,5048.6,5054.2,239.987
2026-01-24 19:00:00,1769281200000,5054.2,5058.7,5042.7,5046.9,160.95
2026-01-24 19:15:00,1769282100000,5046.9,5054.0,5044.0,5054.0,128.21
2026-01-24 19:30:00,1769283000000,5054.0,5054.0,5048.2,5051.2,77.203
2026-01-24 19:45:00,1769283900000,5051.2,5055.0,5048.3,5049.9,94.695
2026-01-24 20:00:00,1769284800000,5049.9,5058.9,5049.8,5057.2,113.265
2026-01-24 20:15:00,1769285700000,5057.2,5069.8,5057.1,5060.0,394.715
2026-01-24 20:30:00,1769286600000,5060.0,5062.7,5049.2,5056.6,224.402
2026-01-24 20:45:00,1769287500000,5056.6,5062.5,5043.2,5055.4,301.583
2026-01-24 21:00:00,1769288400000,5055.4,5061.4,5054.2,5055.8,187.798
2026-01-24 21:15:00,1769289300000,5055.8,5064.7,5053.0,5064.4,185.966
2026-01-24 21:30:00,1769290200000,5064.4,5071.7,5062.9,5070.0,268.168
2026-01-24 21:45:00,1769291100000,5070.0,5075.0,5066.7,5073.8,159.868
2026-01-24 22:00:00,1769292000000,5073.8,5073.9,5063.0,5065.5,226.871
2026-01-24 22:15:00,1769292900000,5065.5,5066.2,5050.6,5052.8,197.115
2026-01-24 22:30:00,1769293800000,5052.8,5059.5,5052.0,5052.9,120.901
2026-01-24 22:45:00,1769294700000,5052.9,5056.7,5051.3,5051.4,119.822
2026-01-24 23:00:00,1769295600000,5051.4,5051.4,5043.0,5043.3,214.814
2026-01-24 23:15:00,1769296500000,5043.3,5043.3,5032.2,5037.7,409.368
2026-01-24 23:30:00,1769297400000,5037.7,5045.0,5034.9,5042.1,178.899
2026-01-24 23:45:00,1769298300000,5042.1,5042.1,5022.2,5022.3,344.799
2026-01-25 00:00:00,1769299200000,5022.3,5037.2,5022.2,5034.1,270.575
2026-01-25 00:15:00,1769300100000,5034.1,5037.0,5031.6,5035.5,115.524
2026-01-25 00:30:00,1769301000000,5035.5,5039.1,5033.1,5036.6,125.808
2026-01-25 00:45:00,1769301900000,5036.6,5048.2,5034.1,5044.1,259.631
2026-01-25 01:00:00,1769302800000,5044.1,5046.8,5038.1,5038.2,92.367
2026-01-25 01:15:00,1769303700000,5038.2,5041.7,5036.9,5041.4,104.861
2026-01-25 01:30:00,1769304600000,5041.4,5043.5,5037.4,5037.9,76.418
2026-01-25 01:45:00,1769305500000,5037.9,5037.9,5029.1,5036.7,166.248
2026-01-25 02:00:00,1769306400000,5036.7,5045.7,5036.4,5041.0,216.0
2026-01-25 02:15:00,1769307300000,5041.0,5041.0,5034.7,5038.2,173.62
2026-01-25 02:30:00,1769308200000,5038.2,5045.9,5035.8,5041.3,229.165
2026-01-25 02:45:00,1769309100000,5041.3,5043.7,5038.3,5039.4,78.735
2026-01-25 03:00:00,1769310000000,5039.4,5041.9,5035.0,5039.2,62.133
2026-01-25 03:15:00,1769310900000,5039.2,5042.8,5037.5,5038.7,138.716
2026-01-25 03:30:00,1769311800000,5038.7,5038.8,5035.5,5036.2,60.885
2026-01-25 03:45:00,1769312700000,5036.2,5039.7,5035.0,5039.1,87.905
2026-01-25 04:00:00,1769313600000,5039.1,5043.9,5037.2,5039.4,109.755
2026-01-25 04:15:00,1769314500000,5039.4,5040.0,5037.2,5037.3,59.869
2026-01-25 04:30:00,1769315400000,5037.3,5038.3,5037.2,5038.2,78.51
2026-01-25 04:45:00,1769316300000,5038.2,5038.3,5036.1,5037.8,91.69
2026-01-25 05:00:00,1769317200000,5037.8,5037.9,5036.1,5037.2,58.856
2026-01-25 05:15:00,1769318100000,5037.2,5042.2,5037.2,5037.6,111.491
2026-01-25 05:30:00,1769319000000,5037.6,5043.2,5037.5,5043.2,132.89
2026-01-25 05:45:00,1769319900000,5043.2,5051.7,5041.7,5050.8,168.763
2026-01-25 06:00:00,1769320800000,5050.8,5052.6,5048.1,5050.9,154.482
2026-01-25 06:15:00,1769321700000,5050.9,5052.7,5048.4,5050.9,91.837
2026-01-25 06:30:00,1769322600000,5050.9,5051.7,5043.7,5045.1,151.589
2026-01-25 06:45:00,1769323500000,5045.1,5051.6,5044.2,5051.5,33.273
2026-01-25 07:00:00,1769324400000,5051.5,5054.7,5047.9,5050.2,80.298
2026-01-25 07:15:00,1769325300000,5050.2,5054.1,5048.3,5053.3,86.363
2026-01-25 07:30:00,1769326200000,5053.3,5056.8,5051.4,5053.3,162.282
2026-01-25 07:45:00,1769327100000,5053.3,5054.0,5051.1,5052.1,66.951
2026-01-25 08:00:00,1769328000000,5052.1,5058.7,5052.0,5053.3,153.528
2026-01-25 08:15:00,1769328900000,5053.3,5053.3,5039.8,5041.9,419.983
2026-01-25 08:30:00,1769329800000,5041.9,5044.3,5037.7,5037.9,107.6
2026-01-25 08:45:00,1769330700000,5037.9,5037.9,5015.7,5031.0,489.714
2026-01-25 09:00:00,1769331600000,5031.0,5032.9,5025.7,5028.6,117.271
2026-01-25 09:15:00,1769332500000,5028.6,5032.4,5028.6,5030.9,55.978
2026-01-25 09:30:00,1769333400000,5030.9,5031.5,5026.4,5031.5,133.683
2026-01-25 09:45:00,1769334300000,5031.5,5031.8,5029.4,5031.8,81.85
2026-01-25 10:00:00,1769335200000,5031.8,5032.4,5030.4,5031.8,50.17
2026-01-25 10:15:00,1769336100000,5031.8,5031.9,5021.9,5021.9,144.419
2026-01-25 10:30:00,1769337000000,5021.9,5022.2,5008.4,5018.8,682.726
2026-01-25 10:45:00,1769337900000,5018.8,5025.9,5018.7,5022.5,126.978
2026-01-25 11:00:00,1769338800000,5022.5,5027.2,5022.4,5027.0,34.676
2026-01-25 11:15:00,1769339700000,5027.0,5034.0,5026.4,5028.5,183.862
2026-01-25 11:30:00,1769340600000,5028.5,5034.2,5028.4,5032.3,74.368
2026-01-25 11:45:00,1769341500000,5032.3,5033.2,5032.2,5032.3,35.15
2026-01-25 12:00:00,1769342400000,5032.3,5032.3,5029.0,5030.0,108.072
2026-01-25 12:15:00,1769343300000,5030.0,5032.0,5029.9,5032.0,33.791
2026-01-25 12:30:00,1769344200000,5032.0,5034.9,5031.9,5034.8,54.387
2026-01-25 12:45:00,1769345100000,5034.8,5038.1,5021.1,5029.5,193.961
2026-01-25 13:00:00,1769346000000,5029.5,5032.0,5024.6,5027.6,157.856
2026-01-25 13:15:00,1769346900000,5027.6,5029.9,5024.2,5029.3,44.348
2026-01-25 13:30:00,1769347800000,5029.3,5030.0,5025.2,5026.7,84.334
2026-01-25 13:45:00,1769348700000,5026.7,5029.9,5025.2,5029.9,43.737
2026-01-25 14:00:00,1769349600000,5029.9,5035.0,5027.3,5032.8,113.08
2026-01-25 14:15:00,1769350500000,5032.8,5037.2,5032.0,5037.2,104.728
2026-01-25 14:30:00,1769351400000,5037.2,5043.3,5037.1,5040.8,209.303
2026-01-25 14:45:00,1769352300000,5040.8,5043.3,5040.8,5041.9,51.404
2026-01-25 15:00:00,1769353200000,5041.9,5041.9,5033.0,5035.1,96.526
2026-01-25 15:15:00,1769354100000,5035.1,5035.2,5027.1,5032.1,138.736
2026-01-25 15:30:00,1769355000000,5032.1,5032.6,5028.9,5032.4,31.014
2026-01-25 15:45:00,1769355900000,5032.4,5033.2,5027.5,5030.5,74.197
2026-01-25 16:00:00,1769356800000,5030.5,5041.2,5030.4,5041.1,216.722
2026-01-25 16:15:00,1769357700000,5041.1,5061.7,5041.1,5058.4,389.759
2026-01-25 16:30:00,1769358600000,5058.4,5064.6,5055.1,5061.2,271.992
2026-01-25 16:45:00,1769359500000,5061.2,5061.6,5050.4,5053.4,183.477
2026-01-25 17:00:00,1769360400000,5053.4,5058.0,5053.3,5058.0,56.784
2026-01-25 17:15:00,1769361300000,5058.0,5066.3,5057.9,5066.0,145.931
2026-01-25 17:30:00,1769362200000,5066.0,5093.2,5065.9,5083.0,812.952
2026-01-25 17:45:00,1769363100000,5083.0,5090.0,5080.5,5087.2,307.977
2026-01-25 18:00:00,1769364000000,5087.2,5087.2,5067.1,5075.2,391.47
2026-01-25 18:15:00,1769364900000,5075.2,5077.5,5048.3,5059.9,457.078
2026-01-25 18:30:00,1769365800000,5059.9,5069.2,5055.3,5065.9,172.696
2026-01-25 18:45:00,1769366700000,5065.9,5066.0,5052.3,5056.8,126.09
2026-01-25 19:00:00,1769367600000,5056.8,5060.9,5052.4,5059.4,147.401
2026-01-25 19:15:00,1769368500000,5059.4,5068.0,5056.0,5061.6,282.78
2026-01-25 19:30:00,1769369400000,5061.6,5070.7,5059.1,5062.1,172.026
2026-01-25 19:45:00,1769370300000,5062.1,5070.0,5059.1,5063.3,120.543
2026-01-25 20:00:00,1769371200000,5063.3,5071.6,5060.5,5062.2,173.695
2026-01-25 20:15:00,1769372100000,5062.2,5067.4,5060.1,5067.4,44.287
2026-01-25 20:30:00,1769373000000,5067.4,5068.9,5066.5,5067.9,43.423
2026-01-25 20:45:00,1769373900000,5067.9,5068.0,5065.5,5068.0,35.075
2026-01-25 21:00:00,1769374800000,5068.0,5070.3,5054.1,5060.7,176.303
2026-01-25 21:15:00,1769375700000,5060.7,5060.7,5050.0,5056.9,114.149
2026-01-25 21:30:00,1769376600000,5056.9,5058.6,5055.2,5055.8,69.922
2026-01-25 21:45:00,1769377500000,5055.8,5064.8,5051.2,5064.8,99.512
2026-01-25 22:00:00,1769378400000,5064.8,5066.7,5060.1,5062.3,146.476
2026-01-25 22:15:00,1769379300000,5062.3,5068.0,5062.2,5067.7,70.286
2026-01-25 22:30:00,1769380200000,5067.7,5067.8,5050.5,5051.1,155.137
2026-01-25 22:45:00,1769381100000,5051.1,5067.7,5050.5,5065.8,214.176
2026-01-25 23:00:00,1769382000000,5065.8,5065.8,5010.0,5030.1,2304.143
2026-01-25 23:15:00,1769382900000,5030.1,5039.7,5021.6,5027.4,677.893
2026-01-25 23:30:00,1769383800000,5027.4,5039.5,5027.1,5035.9,437.125
2026-01-25 23:45:00,1769384700000,5035.9,5047.2,5035.8,5045.9,281.591
2026-01-26 00:00:00,1769385600000,5045.9,5055.4,5045.9,5050.8,641.951
2026-01-26 00:15:00,1769386500000,5050.8,5054.0,5043.5,5053.9,273.709
2026-01-26 00:30:00,1769387400000,5053.9,5063.3,5053.9,5060.9,350.786
2026-01-26 00:45:00,1769388300000,5060.9,5063.1,5050.5,5052.6,263.528
2026-01-26 01:00:00,1769389200000,5052.6,5063.8,5036.4,5063.8,1007.969
2026-01-26 01:15:00,1769390100000,5063.8,5080.9,5063.7,5080.5,604.659
2026-01-26 01:30:00,1769391000000,5080.5,5089.8,5076.2,5087.4,534.754
2026-01-26 01:45:00,1769391900000,5087.4,5088.9,5074.4,5077.1,511.22
2026-01-26 02:00:00,1769392800000,5077.1,5084.2,5073.8,5081.6,430.071
2026-01-26 02:15:00,1769393700000,5081.6,5097.5,5080.0,5093.0,517.182
2026-01-26 02:30:00,1769394600000,5093.0,5097.9,5085.6,5094.1,240.746
2026-01-26 02:45:00,1769395500000,5094.1,5095.3,5085.0,5085.2,398.621
2026-01-26 03:00:00,1769396400000,5085.2,5086.8,5073.3,5086.3,494.375
2026-01-26 03:15:00,1769397300000,5086.3,5089.3,5077.8,5081.2,245.021
2026-01-26 03:30:00,1769398200000,5081.2,5084.3,5077.2,5079.4,544.826
2026-01-26 03:45:00,1769399100000,5079.4,5079.9,5070.4,5078.2,297.457
2026-01-26 04:00:00,1769400000000,5078.2,5080.1,5075.7,5078.5,371.704
2026-01-26 04:15:00,1769400900000,5078.5,5079.6,5075.7,5076.5,185.498
2026-01-26 04:30:00,1769401800000,5076.5,5076.6,5069.2,5069.9,257.944
2026-01-26 04:45:00,1769402700000,5069.9,5076.0,5063.3,5074.4,265.824
2026-01-26 05:00:00,1769403600000,5074.4,5077.1,5061.8,5066.0,331.832
2026-01-26 05:15:00,1769404500000,5066.0,5071.6,5059.3,5071.3,206.85
2026-01-26 05:30:00,1769405400000,5071.3,5073.2,5061.1,5066.6,386.528
2026-01-26 05:45:00,1769406300000,5066.6,5083.3,5065.3,5080.1,296.523
2026-01-26 06:00:00,1769407200000,5080.1,5086.8,5075.0,5076.3,343.456
2026-01-26 06:15:00,1769408100000,5076.3,5081.7,5072.6,5080.6,203.632
2026-01-26 06:30:00,1769409000000,5080.6,5096.2,5080.6,5096.2,272.974
2026-01-26 06:45:00,1769409900000,5096.2,5115.8,5082.0,5082.1,996.832
2026-01-26 07:00:00,1769410800000,5082.1,5096.1,5080.0,5096.1,273.115
2026-01-26 07:15:00,1769411700000,5096.1,5100.8,5094.9,5100.1,259.313
2026-01-26 07:30:00,1769412600000,5100.1,5100.2,5091.4,5093.0,150.199
2026-01-26 07:45:00,1769413500000,5093.0,5098.6,5093.0,5094.7,110.949
2026-01-26 08:00:00,1769414400000,5094.7,5100.6,5093.1,5100.6,297.077
2026-01-26 08:15:00,1769415300000,5100.6,5104.8,5100.6,5102.7,276.059
2026-01-26 08:30:00,1769416200000,5102.7,5104.7,5096.3,5097.5,342.185
2026-01-26 08:45:00,1769417100000,5097.5,5098.4,5086.3,5088.6,358.614
2026-01-26 09:00:00,1769418000000,5088.6,5098.1,5088.5,5095.8,226.627
2026-01-26 09:15:00,1769418900000,5095.8,5102.3,5095.1,5102.3,178.852
2026-01-26 09:30:00,1769419800000,5102.3,5104.4,5095.2,5098.8,368.163
2026-01-26 09:45:00,1769420700000,5098.8,5100.0,5083.4,5090.0,358.233
2026-01-26 10:00:00,1769421600000,5090.0,5095.5,5084.8,5094.9,174.058
2026-01-26 10:15:00,1769422500000,5094.9,5096.0,5093.2,5093.5,141.714
2026-01-26 10:30:00,1769423400000,5093.5,5099.8,5092.7,5098.5,100.213
2026-01-26 10:45:00,1769424300000,5098.5,5099.4,5096.8,5098.2,109.172
2026-01-26 11:00:00,1769425200000,5098.2,5098.4,5095.9,5095.9,357.854
2026-01-26 11:15:00,1769426100000,5095.9,5095.9,5085.8,5093.6,176.199
2026-01-26 11:30:00,1769427000000,5093.6,5099.2,5091.5,5097.6,102.818
2026-01-26 11:45:00,1769427900000,5097.6,5100.6,5095.1,5097.0,197.371
2026-01-26 12:00:00,1769428800000,5097.0,5099.8,5094.6,5097.1,106.049
2026-01-26 12:15:00,1769429700000,5097.1,5102.8,5094.2,5096.1,156.378
2026-01-26 12:30:00,1769430600000,5096.1,5096.6,5086.6,5090.1,353.182
2026-01-26 12:45:00,1769431500000,5090.1,5091.6,5084.4,5084.9,256.881
2026-01-26 13:00:00,1769432400000,5084.9,5086.7,5070.3,5084.5,729.549
2026-01-26 13:15:00,1769433300000,5084.5,5088.0,5073.3,5077.0,350.505
2026-01-26 13:30:00,1769434200000,5077.0,5077.5,5057.0,5075.3,563.385
2026-01-26 13:45:00,1769435100000,5075.3,5080.9,5072.0,5073.2,192.97
2026-01-26 14:00:00,1769436000000,5073.2,5077.6,5062.5,5076.8,238.535
2026-01-26 14:15:00,1769436900000,5076.8,5086.0,5070.0,5082.4,309.334
2026-01-26 14:30:00,1769437800000,5082.4,5094.4,5079.8,5085.8,617.277
2026-01-26 14:45:00,1769438700000,5085.8,5099.7,5085.3,5099.2,334.858
2026-01-26 15:00:00,1769439600000,5099.2,5100.0,5089.5,5099.4,288.758
2026-01-26 15:15:00,1769440500000,5099.4,5100.7,5088.7,5093.8,325.579
2026-01-26 15:30:00,1769441400000,5093.8,5095.5,5079.5,5082.8,299.699
2026-01-26 15:45:00,1769442300000,5082.8,5097.8,5082.5,5095.0,249.008
2026-01-26 16:00:00,1769443200000,5095.0,5111.0,5094.9,5108.3,664.586
2026-01-26 16:15:00,1769444100000,5108.3,5110.0,5080.3,5082.8,604.578
2026-01-26 16:30:00,1769445000000,5082.8,5089.4,5074.0,5084.2,409.362
2026-01-26 16:45:00,1769445900000,5084.2,5099.0,5084.2,5095.4,271.718
2026-01-26 17:00:00,1769446800000,5095.4,5102.5,5092.1,5101.1,165.065
2026-01-26 17:15:00,1769447700000,5101.1,5101.2,5087.8,5095.1,246.268
2026-01-26 17:30:00,1769448600000,5095.1,5107.1,5089.3,5107.0,187.064
2026-01-26 17:45:00,1769449500000,5107.0,5109.1,5101.6,5104.6,268.632
2026-01-26 18:00:00,1769450400000,5104.6,5106.0,5083.1,5083.7,304.386
2026-01-26 18:15:00,1769451300000,5083.7,5095.2,5083.6,5090.8,217.906
2026-01-26 18:30:00,1769452200000,5090.8,5090.8,5067.6,5071.5,540.371
2026-01-26 18:45:00,1769453100000,5071.5,5087.9,5071.1,5075.9,324.025
2026-01-26 19:00:00,1769454000000,5075.9,5076.4,5044.3,5067.8,1424.255
2026-01-26 19:15:00,1769454900000,5067.8,5067.9,5028.2,5033.6,1067.213
2026-01-26 19:30:00,1769455800000,5033.6,5048.8,5030.8,5038.9,506.096
2026-01-26 19:45:00,1769456700000,5038.9,5041.9,5015.0,5033.7,994.319
2026-01-26 20:00:00,1769457600000,5033.7,5059.9,5032.6,5055.5,505.789
2026-01-26 20:15:00,1769458500000,5055.5,5059.8,5047.0,5059.7,519.974
2026-01-26 20:30:00,1769459400000,5059.7,5066.0,5042.2,5052.3,378.629
2026-01-26 20:45:00,1769460300000,5052.3,5064.3,5050.0,5059.7,193.99
2026-01-26 21:00:00,1769461200000,5059.7,5063.0,5040.6,5041.5,366.44
2026-01-26 21:15:00,1769462100000,5041.5,5041.5,5017.4,5025.1,591.416
2026-01-26 21:30:00,1769463000000,5025.1,5025.8,4995.1,5006.9,2074.38
2026-01-26 21:45:00,1769463900000,5006.9,5018.9,5006.4,5012.6,489.905
2026-01-26 22:00:00,1769464800000,5012.6,5019.2,5006.3,5013.8,482.005
2026-01-26 22:15:00,1769465700000,5013.8,5013.8,5001.0,5001.4,349.257
2026-01-26 22:30:00,1769466600000,5001.4,5009.7,4999.6,5001.6,396.387
2026-01-26 22:45:00,1769467500000,5001.6,5002.4,4973.7,4994.6,1401.553
2026-01-26 23:00:00,1769468400000,4994.6,5039.6,4994.6,5038.8,1496.215
2026-01-26 23:15:00,1769469300000,5038.8,5047.2,5036.6,5042.9,336.8
2026-01-26 23:30:00,1769470200000,5042.9,5059.8,5039.2,5058.5,358.478
2026-01-26 23:45:00,1769471100000,5058.5,5065.0,5043.2,5043.2,483.055
2026-01-27 00:00:00,1769472000000,5043.2,5055.1,5037.1,5053.6,444.851
2026-01-27 00:15:00,1769472900000,5053.6,5055.1,5046.5,5046.7,124.084
2026-01-27 00:30:00,1769473800000,5046.7,5050.7,5029.1,5032.6,202.567
2026-01-27 00:45:00,1769474700000,5032.6,5035.6,5013.2,5032.2,699.434
2026-01-27 01:00:00,1769475600000,5032.2,5065.8,5019.5,5065.8,633.925
2026-01-27 01:15:00,1769476500000,5065.8,5073.9,5060.1,5064.5,430.15
2026-01-27 01:30:00,1769477400000,5064.5,5067.8,5052.5,5059.8,181.034
2026-01-27 01:45:00,1769478300000,5059.8,5064.6,5055.1,5058.3,141.676
2026-01-27 02:00:00,1769479200000,5058.3,5065.0,5049.2,5061.8,201.192
2026-01-27 02:15:00,1769480100000,5061.8,5067.4,5058.6,5066.6,291.195
2026-01-27 02:30:00,1769481000000,5066.6,5076.2,5065.4,5076.1,314.08
2026-01-27 02:45:00,1769481900000,5076.1,5076.5,5063.3,5070.4,150.008
2026-01-27 03:00:00,1769482800000,5070.4,5070.9,5061.0,5062.8,85.885
2026-01-27 03:15:00,1769483700000,5062.8,5067.9,5057.3,5061.4,335.221
2026-01-27 03:30:00,1769484600000,5061.4,5071.8,5061.0,5070.4,142.766
2026-01-27 03:45:00,1769485500000,5070.4,5074.6,5069.0,5073.5,109.552
2026-01-27 04:00:00,1769486400000,5073.5,5074.6,5066.5,5066.8,103.129
2026-01-27 04:15:00,1769487300000,5066.8,5072.7,5066.8,5069.8,88.078
2026-01-27 04:30:00,1769488200000,5069.8,5070.0,5059.0,5062.4,175.39
2026-01-27 04:45:00,1769489100000,5062.4,5066.4,5058.5,5064.2,136.973
2026-01-27 05:00:00,1769490000000,5064.2,5064.5,5055.3,5059.1,127.718
2026-01-27 05:15:00,1769490900000,5059.1,5062.2,5055.8,5061.3,65.567
2026-01-27 05:30:00,1769491800000,5061.3,5070.8,5057.3,5070.8,163.587
2026-01-27 05:45:00,1769492700000,5070.8,5078.5,5070.2,5077.6,334.011
2026-01-27 06:00:00,1769493600000,5077.6,5081.3,5072.3,5077.6,147.973
2026-01-27 06:15:00,1769494500000,5077.6,5081.7,5074.8,5078.2,167.57
2026-01-27 06:30:00,1769495400000,5078.2,5081.9,5074.8,5079.4,86.544
2026-01-27 06:45:00,1769496300000,5079.4,5088.0,5078.8,5081.4,387.157
2026-01-27 07:00:00,1769497200000,5081.4,5089.2,5079.3,5081.7,312.709
2026-01-27 07:15:00,1769498100000,5081.7,5085.4,5079.2,5083.5,321.674
2026-01-27 07:30:00,1769499000000,5083.5,5096.9,5083.2,5090.1,510.509
2026-01-27 07:45:00,1769499900000,5090.1,5092.9,5084.4,5084.7,165.407
2026-01-27 08:00:00,1769500800000,5084.7,5084.9,5078.0,5082.8,136.836
2026-01-27 08:15:00,1769501700000,5082.8,5083.8,5074.0,5074.1,83.179
2026-01-27 08:30:00,1769502600000,5074.1,5078.7,5071.5,5078.4,143.304
2026-01-27 08:45:00,1769503500000,5078.4,5082.7,5076.1,5077.4,269.057
2026-01-27 09:00:00,1769504400000,5077.4,5081.9,5075.8,5081.8,187.303
2026-01-27 09:15:00,1769505300000,5081.8,5085.7,5081.7,5085.6,104.304
2026-01-27 09:30:00,1769506200000,5085.6,5092.6,5084.8,5088.5,203.287
2026-01-27 09:45:00,1769507100000,5088.5,5096.6,5083.2,5096.6,166.972
2026-01-27 10:00:00,1769508000000,5096.6,5096.6,5090.0,5094.9,133.736
2026-01-27 10:15:00,1769508900000,5094.9,5095.6,5088.0,5088.3,179.238
2026-01-27 10:30:00,1769509800000,5088.3,5088.4,5083.6,5086.0,86.396
2026-01-27 10:45:00,1769510700000,5086.0,5086.8,5083.5,5086.8,83.992
2026-01-27 11:00:00,1769511600000,5086.8,5090.5,5084.9,5090.5,129.415
2026-01-27 11:15:00,1769512500000,5090.5,5091.6,5087.0,5088.0,146.349
2026-01-27 11:30:00,1769513400000,5088.0,5088.6,5085.0,5086.7,107.11
2026-01-27 11:45:00,1769514300000,5086.7,5086.8,5070.0,5078.5,323.33
2026-01-27 12:00:00,1769515200000,5078.5,5082.7,5078.2,5082.3,143.381
2026-01-27 12:15:00,1769516100000,5082.3,5082.3,5074.9,5078.7,198.437
2026-01-27 12:30:00,1769517000000,5078.7,5089.1,5078.7,5088.3,182.389
2026-01-27 12:45:00,1769517900000,5088.3,5089.7,5080.9,5083.7,151.088
2026-01-27 13:00:00,1769518800000,5083.7,5089.7,5079.2,5088.2,129.645
2026-01-27 13:15:00,1769519700000,5088.2,5090.0,5076.1,5079.4,209.759
2026-01-27 13:30:00,1769520600000,5079.4,5084.8,5072.0,5074.0,230.169
2026-01-27 13:45:00,1769521500000,5074.0,5081.2,5072.7,5077.5,69.158
2026-01-27 14:00:00,1769522400000,5077.5,5077.5,5054.2,5059.7,642.708
2026-01-27 14:15:00,1769523300000,5059.7,5064.4,5045.8,5059.0,633.595
2026-01-27 14:30:00,1769524200000,5059.0,5078.5,5058.7,5075.8,513.151
2026-01-27 14:45:00,1769525100000,5075.8,5075.9,5051.8,5054.5,476.978
2026-01-27 15:00:00,1769526000000,5054.5,5068.6,5049.1,5056.8,381.347
2026-01-27 15:15:00,1769526900000,5056.8,5073.9,5055.6,5067.2,325.823
2026-01-27 15:30:00,1769527800000,5067.2,5083.9,5066.1,5078.2,428.263
2026-01-27 15:45:00,1769528700000,5078.2,5086.8,5077.9,5086.8,168.92
2026-01-27 16:00:00,1769529600000,5086.8,5094.9,5081.0,5093.3,353.809
2026-01-27 16:15:00,1769530500000,5093.3,5099.0,5090.2,5094.8,398.633
2026-01-27 16:30:00,1769531400000,5094.8,5095.0,5082.0,5084.6,420.009
2026-01-27 16:45:00,1769532300000,5084.6,5088.0,5080.3,5084.6,270.319
2026-01-27 17:00:00,1769533200000,5084.6,5088.9,5078.0,5088.8,277.77
2026-01-27 17:15:00,1769534100000,5088.8,5090.8,5077.5,5084.2,334.371
2026-01-27 17:30:00,1769535000000,5084.2,5086.5,5075.3,5078.4,247.843
2026-01-27 17:45:00,1769535900000,5078.4,5081.6,5075.2,5078.3,210.779
2026-01-27 18:00:00,1769536800000,5078.3,5083.4,5074.5,5079.6,204.816
2026-01-27 18:15:00,1769537700000,5079.6,5085.8,5077.2,5082.9,210.363
2026-01-27 18:30:00,1769538600000,5082.9,5088.1,5082.9,5084.2,193.961
2026-01-27 18:45:00,1769539500000,5084.2,5091.9,5084.2,5085.5,185.511
2026-01-27 19:00:00,1769540400000,5085.5,5085.6,5079.2,5085.5,145.877
2026-01-27 19:15:00,1769541300000,5085.5,5087.5,5083.8,5086.0,99.613
2026-01-27 19:30:00,1769542200000,5086.0,5091.3,5086.0,5091.2,101.913
2026-01-27 19:45:00,1769543100000,5091.2,5096.7,5089.1,5096.5,151.229
2026-01-27 20:00:00,1769544000000,5096.5,5142.5,5096.1,5140.7,1852.094
2026-01-27 20:15:00,1769544900000,5140.7,5150.0,5131.9,5140.8,983.578
2026-01-27 20:30:00,1769545800000,5140.8,5146.6,5132.4,5140.3,558.178
2026-01-27 20:45:00,1769546700000,5140.3,5182.2,5140.3,5175.4,1677.623
2026-01-27 21:00:00,1769547600000,5175.4,5186.0,5169.0,5175.8,723.113
2026-01-27 21:15:00,1769548500000,5175.8,5179.3,5168.1,5172.9,404.119
2026-01-27 21:30:00,1769549400000,5172.9,5185.0,5170.0,5184.9,426.373
2026-01-27 21:45:00,1769550300000,5184.9,5189.5,5173.7,5179.5,539.923
2026-01-27 22:00:00,1769551200000,5179.5,5180.0,5169.2,5169.3,191.538
2026-01-27 22:15:00,1769552100000,5169.3,5182.7,5169.3,5182.7,186.588
2026-01-27 22:30:00,1769553000000,5182.7,5199.5,5179.2,5193.6,613.147
2026-01-27 22:45:00,1769553900000,5193.6,5198.6,5189.3,5193.3,301.805
2026-01-27 23:00:00,1769554800000,5193.3,5194.7,5170.1,5172.2,634.375
2026-01-27 23:15:00,1769555700000,5172.2,5173.2,5161.4,5170.8,443.404
2026-01-27 23:30:00,1769556600000,5170.8,5172.8,5166.0,5166.7,145.531
2026-01-27 23:45:00,1769557500000,5166.7,5179.3,5166.4,5174.3,136.12
2026-01-28 00:00:00,1769558400000,5174.3,5175.4,5160.3,5168.0,121.742
2026-01-28 00:15:00,1769559300000,5168.0,5168.8,5163.6,5165.8,84.782
2026-01-28 00:30:00,1769560200000,5165.8,5173.0,5165.8,5169.9,93.273
2026-01-28 00:45:00,1769561100000,5169.9,5183.9,5169.9,5175.2,277.985
2026-01-28 01:00:00,1769562000000,5175.2,5204.7,5172.1,5194.0,813.314
2026-01-28 01:15:00,1769562900000,5194.0,5199.8,5186.5,5198.2,262.796
2026-01-28 01:30:00,1769563800000,5198.2,5218.1,5191.1,5217.5,689.111
2026-01-28 01:45:00,1769564700000,5217.5,5229.3,5208.5,5209.6,1280.99
2026-01-28 02:00:00,1769565600000,5209.6,5222.5,5207.3,5214.9,584.277
2026-01-28 02:15:00,1769566500000,5214.9,5226.5,5214.0,5223.5,287.494
2026-01-28 02:30:00,1769567400000,5223.5,5236.1,5223.3,5227.9,575.082
2026-01-28 02:45:00,1769568300000,5227.9,5240.0,5227.9,5238.6,445.454
2026-01-28 03:00:00,1769569200000,5238.6,5254.5,5238.3,5250.9,821.45
2026-01-28 03:15:00,1769570100000,5250.9,5253.9,5243.0,5243.3,380.506
2026-01-28 03:30:00,1769571000000,5243.3,5248.2,5232.0,5240.1,415.436
2026-01-28 03:45:00,1769571900000,5240.1,5250.2,5237.8,5240.1,245.361
2026-01-28 04:00:00,1769572800000,5240.1,5247.4,5240.1,5242.5,152.374
2026-01-28 04:15:00,1769573700000,5242.5,5248.3,5241.3,5244.5,254.621
2026-01-28 04:30:00,1769574600000,5244.5,5247.6,5242.3,5247.6,88.053
2026-01-28 04:45:00,1769575500000,5247.6,5253.9,5241.7,5252.6,232.661
2026-01-28 05:00:00,1769576400000,5252.6,5264.2,5247.6,5259.0,594.794
2026-01-28 05:15:00,1769577300000,5259.0,5270.1,5257.9,5266.2,465.752
2026-01-28 05:30:00,1769578200000,5266.2,5274.3,5258.6,5271.3,429.786
2026-01-28 05:45:00,1769579100000,5271.3,5272.7,5265.8,5269.6,295.81
2026-01-28 06:00:00,1769580000000,5269.6,5269.8,5258.8,5265.0,438.69
2026-01-28 06:15:00,1769580900000,5265.0,5271.0,5258.5,5261.0,205.8
2026-01-28 06:30:00,1769581800000,5261.0,5269.6,5260.9,5267.4,140.023
2026-01-28 06:45:00,1769582700000,5267.4,5276.2,5263.0,5274.6,357.195
2026-01-28 07:00:00,1769583600000,5274.6,5284.0,5270.1,5279.6,379.965
2026-01-28 07:15:00,1769584500000,5279.6,5290.2,5279.3,5288.4,671.88
2026-01-28 07:30:00,1769585400000,5288.4,5291.9,5277.6,5286.5,375.754
2026-01-28 07:45:00,1769586300000,5286.5,5299.0,5282.9,5294.7,537.96
2026-01-28 08:00:00,1769587200000,5294.7,5304.2,5291.6,5298.4,535.439
2026-01-28 08:15:00,1769588100000,5298.4,5309.0,5295.3,5306.7,371.37
2026-01-28 08:30:00,1769589000000,5306.7,5319.4,5298.6,5298.7,840.811
2026-01-28 08:45:00,1769589900000,5298.7,5304.1,5288.6,5302.8,544.081
2026-01-28 09:00:00,1769590800000,5302.8,5304.3,5285.7,5286.3,743.385
2026-01-28 09:15:00,1769591700000,5286.3,5286.6,5272.8,5280.7,1117.706
2026-01-28 09:30:00,1769592600000,5280.7,5284.1,5266.7,5270.5,681.972
2026-01-28 09:45:00,1769593500000,5270.5,5281.8,5270.4,5281.3,353.78
2026-01-28 10:00:00,1769594400000,5281.3,5290.0,5276.5,5287.6,359.723
2026-01-28 10:15:00,1769595300000,5287.6,5287.6,5279.2,5282.6,347.85
2026-01-28 10:30:00,1769596200000,5282.6,5282.8,5271.7,5277.9,1043.968
2026-01-28 10:45:00,1769597100000,5277.9,5284.7,5274.6,5275.0,334.597
2026-01-28 11:00:00,1769598000000,5275.0,5275.0,5241.5,5264.0,1366.499
2026-01-28 11:15:00,1769598900000,5264.0,5265.3,5249.5,5263.3,671.764
2026-01-28 11:30:00,1769599800000,5263.3,5265.6,5255.0,5265.3,196.938
2026-01-28 11:45:00,1769600700000,5265.3,5271.3,5263.2,5264.6,368.512
2026-01-28 12:00:00,1769601600000,5264.6,5267.2,5254.0,5263.6,480.562
2026-01-28 12:15:00,1769602500000,5263.6,5271.6,5260.8,5262.8,586.846
2026-01-28 12:30:00,1769603400000,5262.8,5277.0,5262.8,5274.3,285.996
2026-01-28 12:45:00,1769604300000,5274.3,5283.9,5269.6,5283.8,307.583
2026-01-28 13:00:00,1769605200000,5283.8,5294.5,5273.6,5280.3,787.963
2026-01-28 13:15:00,1769606100000,5280.3,5290.0,5278.3,5286.4,426.025
2026-01-28 13:30:00,1769607000000,5286.4,5290.0,5263.2,5266.0,507.634
2026-01-28 13:45:00,1769607900000,5266.0,5272.8,5261.3,5270.9,269.374
2026-01-28 14:00:00,1769608800000,5270.9,5274.0,5253.0,5265.9,541.405
2026-01-28 14:15:00,1769609700000,5265.9,5273.2,5262.7,5262.7,379.868
2026-01-28 14:30:00,1769610600000,5262.7,5285.3,5255.2,5280.3,757.708
2026-01-28 14:45:00,1769611500000,5280.3,5290.8,5272.5,5289.3,610.517
2026-01-28 15:00:00,1769612400000,5289.3,5301.4,5241.7,5262.5,2828.431
2026-01-28 15:15:00,1769613300000,5262.5,5278.7,5253.4,5274.4,1076.562
2026-01-28 15:30:00,1769614200000,5274.4,5287.5,5272.2,5284.8,593.12
2026-01-28 15:45:00,1769615100000,5284.8,5285.1,5271.6,5282.8,248.418
2026-01-28 16:00:00,1769616000000,5282.8,5291.4,5278.5,5287.5,421.636
2026-01-28 16:15:00,1769616900000,5287.5,5296.0,5287.1,5290.5,440.41
2026-01-28 16:30:00,1769617800000,5290.5,5291.5,5280.3,5286.4,142.429
2026-01-28 16:45:00,1769618700000,5286.4,5303.1,5285.3,5303.0,467.699
2026-01-28 17:00:00,1769619600000,5303.0,5310.8,5296.9,5299.0,689.495
2026-01-28 17:15:00,1769620500000,5299.0,5307.0,5292.7,5305.3,390.071
2026-01-28 17:30:00,1769621400000,5305.3,5305.3,5286.8,5291.5,609.779
2026-01-28 17:45:00,1769622300000,5291.5,5305.9,5288.6,5300.0,412.729
2026-01-28 18:00:00,1769623200000,5300.0,5307.2,5295.4,5303.1,204.186
2026-01-28 18:15:00,1769624100000,5303.1,5329.1,5301.4,5310.3,1077.26
2026-01-28 18:30:00,1769625000000,5310.3,5313.2,5275.4,5280.3,1574.278
2026-01-28 18:45:00,1769625900000,5280.3,5289.9,5278.4,5288.0,517.372
2026-01-28 19:00:00,1769626800000,5288.0,5301.5,5275.2,5301.5,961.173
2026-01-28 19:15:00,1769627700000,5301.5,5306.0,5289.2,5289.2,421.056
2026-01-28 19:30:00,1769628600000,5289.2,5316.7,5287.4,5316.0,656.136
2026-01-28 19:45:00,1769629500000,5316.0,5336.7,5312.1,5329.4,937.791
2026-01-28 20:00:00,1769630400000,5329.4,5342.3,5326.5,5329.8,710.484
2026-01-28 20:15:00,1769631300000,5329.8,5360.2,5324.6,5359.6,1014.136
2026-01-28 20:30:00,1769632200000,5359.6,5396.0,5358.6,5388.4,1901.757
2026-01-28 20:45:00,1769633100000,5388.4,5394.7,5371.0,5379.9,1366.405
2026-01-28 21:00:00,1769634000000,5379.9,5400.9,5379.9,5387.6,1169.487
2026-01-28 21:15:00,1769634900000,5387.6,5392.1,5383.5,5386.2,651.894
2026-01-28 21:30:00,1769635800000,5386.2,5392.4,5383.6,5390.3,312.967
2026-01-28 21:45:00,1769636700000,5390.3,5431.6,5388.7,5425.4,1812.884
2026-01-28 22:00:00,1769637600000,5425.4,5430.8,5414.6,5417.0,894.074
2026-01-28 22:15:00,1769638500000,5417.0,5434.5,5416.9,5429.9,1134.933
2026-01-28 22:30:00,1769639400000,5429.9,5432.0,5425.4,5431.7,340.329
2026-01-28 22:45:00,1769640300000,5431.7,5436.7,5426.4,5435.5,259.082
2026-01-28 23:00:00,1769641200000,5435.5,5481.4,5430.7,5480.1,2747.107
2026-01-28 23:15:00,1769642100000,5480.1,5500.5,5477.9,5494.4,2542.718
2026-01-28 23:30:00,1769643000000,5494.4,5607.9,5493.4,5534.5,6044.875
2026-01-28 23:45:00,1769643900000,5534.5,5546.1,5490.0,5522.6,3294.132
2026-01-29 00:00:00,1769644800000,5522.6,5522.8,5468.0,5507.4,2184.616
2026-01-29 00:15:00,1769645700000,5507.4,5513.7,5471.9,5508.9,794.697
2026-01-29 00:30:00,1769646600000,5508.9,5540.6,5504.4,5520.0,1036.061
2026-01-29 00:45:00,1769647500000,5520.0,5535.2,5511.8,5532.8,919.401
2026-01-29 01:00:00,1769648400000,5532.8,5538.2,5457.6,5492.5,2157.527
2026-01-29 01:15:00,1769649300000,5492.5,5520.8,5492.3,5517.3,784.301
2026-01-29 01:30:00,1769650200000,5517.3,5555.6,5517.3,5545.9,1070.853
2026-01-29 01:45:00,1769651100000,5545.9,5556.2,5531.4,5552.3,1151.421
2026-01-29 02:00:00,1769652000000,5552.3,5552.4,5515.5,5530.6,1080.599
2026-01-29 02:15:00,1769652900000,5530.6,5534.6,5516.4,5534.5,791.11
2026-01-29 02:30:00,1769653800000,5534.5,5558.5,5529.6,5536.8,1133.479
2026-01-29 02:45:00,1769654700000,5536.8,5552.2,5532.6,5542.7,775.744
2026-01-29 03:00:00,1769655600000,5542.7,5555.0,5519.1,5546.1,894.25
2026-01-29 03:15:00,1769656500000,5546.1,5549.6,5528.6,5528.6,652.093
2026-01-29 03:30:00,1769657400000,5528.6,5543.5,5528.4,5534.7,495.23
2026-01-29 03:45:00,1769658300000,5534.7,5555.4,5533.9,5553.8,791.348
2026-01-29 04:00:00,1769659200000,5553.8,5559.5,5542.2,5542.4,496.124
2026-01-29 04:15:00,1769660100000,5542.4,5557.3,5541.0,5555.1,303.308
2026-01-29 04:30:00,1769661000000,5555.1,5572.3,5551.8,5566.5,687.595
2026-01-29 04:45:00,1769661900000,5566.5,5570.5,5560.2,5567.7,468.33
2026-01-29 05:00:00,1769662800000,5567.7,5570.0,5560.0,5567.3,689.214
2026-01-29 05:15:00,1769663700000,5567.3,5567.8,5528.5,5550.0,1315.841
2026-01-29 05:30:00,1769664600000,5550.0,5563.7,5549.9,5556.6,547.623
2026-01-29 05:45:00,1769665500000,5556.6,5572.1,5556.1,5571.1,449.438
2026-01-29 06:00:00,1769666400000,5571.1,5598.4,5571.1,5598.2,1851.032
2026-01-29 06:15:00,1769667300000,5598.2,5607.9,5588.0,5596.9,1383.193
2026-01-29 06:30:00,1769668200000,5596.9,5598.2,5588.9,5593.0,845.965
2026-01-29 06:45:00,1769669100000,5593.0,5594.6,5568.0,5576.2,933.314
2026-01-29 07:00:00,1769670000000,5576.2,5588.0,5575.1,5576.4,529.824
2026-01-29 07:15:00,1769670900000,5576.4,5578.1,5549.1,5556.4,1133.059
2026-01-29 07:30:00,1769671800000,5556.4,5572.5,5556.3,5563.7,654.243
2026-01-29 07:45:00,1769672700000,5563.7,5566.5,5558.9,5563.6,404.815
2026-01-29 08:00:00,1769673600000,5563.6,5569.5,5537.0,5547.7,944.933
2026-01-29 08:15:00,1769674500000,5547.7,5553.4,5535.0,5542.1,621.191
2026-01-29 08:30:00,1769675400000,5542.1,5543.5,5487.4,5495.2,2107.599
2026-01-29 08:45:00,1769676300000,5495.2,5529.9,5484.8,5521.6,1331.877
2026-01-29 09:00:00,1769677200000,5521.6,5529.8,5512.9,5521.4,597.616
2026-01-29 09:15:00,1769678100000,5521.4,5533.4,5514.7,5530.0,408.771
2026-01-29 09:30:00,1769679000000,5530.0,5550.3,5526.4,5541.8,1063.839
2026-01-29 09:45:00,1769679900000,5541.8,5545.1,5529.9,5531.5,436.823
2026-01-29 10:00:00,1769680800000,5531.5,5540.3,5520.1,5540.3,404.655
2026-01-29 10:15:00,1769681700000,5540.3,5541.7,5522.1,5526.5,280.151
2026-01-29 10:30:00,1769682600000,5526.5,5526.6,5513.9,5524.1,487.594
2026-01-29 10:45:00,1769683500000,5524.1,5524.7,5498.0,5499.3,481.63
2026-01-29 11:00:00,1769684400000,5499.3,5518.2,5485.3,5518.2,1291.159
2026-01-29 11:15:00,1769685300000,5518.2,5531.2,5517.8,5531.2,368.803
2026-01-29 11:30:00,1769686200000,5531.2,5534.5,5524.4,5530.4,549.893
2026-01-29 11:45:00,1769687100000,5530.4,5543.8,5530.4,5537.9,1098.358
2026-01-29 12:00:00,1769688000000,5537.9,5556.1,5534.3,5551.0,603.258
2026-01-29 12:15:00,1769688900000,5551.0,5562.3,5543.6,5560.0,1200.381
2026-01-29 12:30:00,1769689800000,5560.0,5565.7,5546.9,5549.3,1071.13
2026-01-29 12:45:00,1769690700000,5549.3,5560.3,5546.7,5550.7,543.619
2026-01-29 13:00:00,1769691600000,5550.7,5557.5,5534.0,5536.1,847.861
2026-01-29 13:15:00,1769692500000,5536.1,5546.0,5530.8,5540.3,653.657
2026-01-29 13:30:00,1769693400000,5540.3,5552.2,5521.2,5547.8,637.521
2026-01-29 13:45:00,1769694300000,5547.8,5547.8,5528.0,5529.9,630.915
2026-01-29 14:00:00,1769695200000,5529.9,5557.9,5529.9,5549.6,550.757
2026-01-29 14:15:00,1769696100000,5549.6,5566.4,5537.3,5560.3,1328.265
2026-01-29 14:30:00,1769697000000,5560.3,5561.6,5517.2,5532.9,1599.078
2026-01-29 14:45:00,1769697900000,5532.9,5537.0,5506.4,5510.3,1796.68
2026-01-29 15:00:00,1769698800000,5510.3,5510.3,5380.1,5397.3,8528.421
2026-01-29 15:15:00,1769699700000,5397.3,5400.4,5153.4,5224.0,23666.781
2026-01-29 15:30:00,1769700600000,5224.0,5286.6,5146.1,5169.1,16154.312
2026-01-29 15:45:00,1769701500000,5169.1,5255.9,5164.0,5223.4,6311.39
2026-01-29 16:00:00,1769702400000,5223.4,5301.5,5210.0,5299.0,6364.172
2026-01-29 16:15:00,1769703300000,5299.0,5314.4,5252.7,5306.5,3475.818
2026-01-29 16:30:00,1769704200000,5306.5,5325.7,5262.7,5289.2,3880.722
2026-01-29 16:45:00,1769705100000,5289.2,5294.7,5249.6,5282.4,2993.123
2026-01-29 17:00:00,1769706000000,5282.4,5316.2,5282.4,5314.2,2065.438
2026-01-29 17:15:00,1769706900000,5314.2,5383.4,5312.7,5377.6,3540.383
2026-01-29 17:30:00,1769707800000,5377.6,5389.9,5355.1,5384.3,2046.033
2026-01-29 17:45:00,1769708700000,5384.3,5386.6,5333.0,5350.7,2558.474
2026-01-29 18:00:00,1769709600000,5350.7,5374.5,5343.3,5370.0,1593.312
2026-01-29 18:15:00,1769710500000,5370.0,5373.3,5320.9,5341.1,2013.218
2026-01-29 18:30:00,1769711400000,5341.1,5371.0,5333.5,5353.0,1704.204
2026-01-29 18:45:00,1769712300000,5353.0,5372.7,5350.0,5351.7,1081.695
2026-01-29 19:00:00,1769713200000,5351.7,5355.8,5320.0,5321.0,2000.617
2026-01-29 19:15:00,1769714100000,5321.0,5344.9,5320.0,5329.5,1378.87
2026-01-29 19:30:00,1769715000000,5329.5,5337.0,5303.4,5327.1,2365.0
2026-01-29 19:45:00,1769715900000,5327.1,5335.2,5312.1,5318.8,1106.291
2026-01-29 20:00:00,1769716800000,5318.8,5321.8,5292.1,5306.5,1229.36
2026-01-29 20:15:00,1769717700000,5306.5,5337.3,5302.2,5329.8,678.178
2026-01-29 20:30:00,1769718600000,5329.8,5371.6,5323.3,5368.5,1017.863
2026-01-29 20:45:00,1769719500000,5368.5,5417.5,5367.2,5407.3,1779.713
2026-01-29 21:00:00,1769720400000,5407.3,5419.8,5394.4,5411.5,1284.079
2026-01-29 21:15:00,1769721300000,5411.5,5436.9,5401.2,5422.1,1232.369
2026-01-29 21:30:00,1769722200000,5422.1,5424.0,5390.1,5393.3,1357.72
2026-01-29 21:45:00,1769723100000,5393.3,5409.0,5379.5,5388.9,1298.17
2026-01-29 22:00:00,1769724000000,5388.9,5397.3,5380.2,5394.4,898.88
2026-01-29 22:15:00,1769724900000,5394.4,5395.3,5387.8,5391.1,534.367
2026-01-29 22:30:00,1769725800000,5391.1,5395.6,5383.5,5391.3,283.617
2026-01-29 22:45:00,1769726700000,5391.3,5402.3,5386.5,5401.0,171.704
2026-01-29 23:00:00,1769727600000,5401.0,5461.0,5392.0,5436.5,3120.465
2026-01-29 23:15:00,1769728500000,5436.5,5441.8,5403.3,5428.1,1427.701
2026-01-29 23:30:00,1769729400000,5428.1,5450.5,5418.0,5450.5,421.531
2026-01-29 23:45:00,1769730300000,5450.5,5457.0,5442.4,5449.7,410.388
2026-01-30 00:00:00,1769731200000,5449.7,5462.3,5443.4,5455.0,453.627
2026-01-30 00:15:00,1769732100000,5455.0,5460.0,5427.6,5433.1,930.829
2026-01-30 00:30:00,1769733000000,5433.1,5444.2,5415.1,5416.8,847.331
2026-01-30 00:45:00,1769733900000,5416.8,5429.0,5397.2,5416.7,1129.669
2026-01-30 01:00:00,1769734800000,5416.7,5418.5,5317.8,5320.5,3686.537
2026-01-30 01:15:00,1769735700000,5320.5,5371.2,5315.3,5364.8,1615.605
2026-01-30 01:30:00,1769736600000,5364.8,5382.3,5353.3,5355.0,1384.572
2026-01-30 01:45:00,1769737500000,5355.0,5356.0,5305.0,5311.2,1940.311
2026-01-30 02:00:00,1769738400000,5311.2,5324.7,5213.3,5226.4,4112.957
2026-01-30 02:15:00,1769739300000,5226.4,5229.4,5130.4,5187.7,6878.117
2026-01-30 02:30:00,1769740200000,5187.7,5242.5,5153.1,5226.8,3505.909
2026-01-30 02:45:00,1769741100000,5226.8,5254.2,5210.9,5230.8,1963.607
2026-01-30 03:00:00,1769742000000,5230.8,5235.8,5183.3,5195.3,1828.919
2026-01-30 03:15:00,1769742900000,5195.3,5219.1,5187.3,5211.4,1179.111
2026-01-30 03:30:00,1769743800000,5211.4,5234.3,5168.5,5170.7,1970.582
2026-01-30 03:45:00,1769744700000,5170.7,5211.1,5165.9,5207.2,1304.444
2026-01-30 04:00:00,1769745600000,5207.2,5238.5,5204.8,5227.4,1091.795
2026-01-30 04:15:00,1769746500000,5227.4,5242.3,5208.9,5219.9,1031.052
2026-01-30 04:30:00,1769747400000,5219.9,5237.8,5215.3,5215.9,801.315
2026-01-30 04:45:00,1769748300000,5215.9,5226.4,5210.8,5225.1,414.828
2026-01-30 05:00:00,1769749200000,5225.1,5237.3,5215.0,5236.7,558.59
2026-01-30 05:15:00,1769750100000,5236.7,5251.6,5235.6,5241.4,778.293
2026-01-30 05:30:00,1769751000000,5241.4,5251.7,5227.0,5243.4,1140.577
2026-01-30 05:45:00,1769751900000,5243.4,5245.4,5187.4,5192.0,929.229
2026-01-30 06:00:00,1769752800000,5192.0,5211.3,5183.4,5198.7,1064.058
2026-01-30 06:15:00,1769753700000,5198.7,5205.1,5166.8,5166.8,1173.545
2026-01-30 06:30:00,1769754600000,5166.8,5188.4,5161.5,5167.6,1197.443
2026-01-30 06:45:00,1769755500000,5167.6,5179.3,5150.0,5158.7,1546.778
2026-01-30 07:00:00,1769756400000,5158.7,5193.3,5134.0,5184.8,1681.316
2026-01-30 07:15:00,1769757300000,5184.8,5196.7,5175.6,5181.1,1055.349
2026-01-30 07:30:00,1769758200000,5181.1,5185.0,5131.2,5153.9,2057.438
2026-01-30 07:45:00,1769759100000,5153.9,5189.3,5152.2,5187.3,973.601
2026-01-30 08:00:00,1769760000000,5187.3,5187.5,5151.3,5156.2,1268.341
2026-01-30 08:15:00,1769760900000,5156.2,5179.8,5147.7,5164.1,986.109
2026-01-30 08:30:00,1769761800000,5164.1,5166.4,5069.9,5107.2,5810.849
2026-01-30 08:45:00,1769762700000,5107.2,5137.2,5103.9,5127.2,1411.161
2026-01-30 09:00:00,1769763600000,5127.2,5141.7,5027.3,5042.9,3497.959
2026-01-30 09:15:00,1769764500000,5042.9,5081.4,5036.2,5043.7,2144.169
2026-01-30 09:30:00,1769765400000,5043.7,5080.1,4997.0,4997.3,2947.732
2026-01-30 09:45:00,1769766300000,4997.3,5044.3,4958.1,5028.7,6924.417
2026-01-30 10:00:00,1769767200000,5028.7,5064.0,5017.0,5052.3,2321.634
2026-01-30 10:15:00,1769768100000,5052.3,5090.1,5046.8,5071.6,1845.091
2026-01-30 10:30:00,1769769000000,5071.6,5100.0,5067.0,5089.9,1566.949
2026-01-30 10:45:00,1769769900000,5089.9,5128.5,5087.9,5126.7,1699.141
2026-01-30 11:00:00,1769770800000,5126.7,5133.8,5101.2,5127.7,1171.432
2026-01-30 11:15:00,1769771700000,5127.7,5139.2,5119.3,5137.0,1597.004
2026-01-30 11:30:00,1769772600000,5137.0,5148.7,5128.3,5130.8,901.87
2026-01-30 11:45:00,1769773500000,5130.8,5158.9,5101.0,5148.9,1925.008
2026-01-30 12:00:00,1769774400000,5148.9,5157.9,5135.0,5138.2,1120.611
2026-01-30 12:15:00,1769775300000,5138.2,5148.7,5117.5,5127.2,1184.948
2026-01-30 12:30:00,1769776200000,5127.2,5142.6,5112.4,5122.4,1058.213
2026-01-30 12:45:00,1769777100000,5122.4,5124.1,5067.1,5075.6,3091.806
2026-01-30 13:00:00,1769778000000,5075.6,5106.2,5067.2,5088.9,3009.856
2026-01-30 13:15:00,1769778900000,5088.9,5088.9,5028.7,5043.8,2469.075
2026-01-30 13:30:00,1769779800000,5043.8,5062.2,5027.0,5053.2,2027.796
2026-01-30 13:45:00,1769780700000,5053.2,5053.2,5011.2,5036.9,1674.218
2026-01-30 14:00:00,1769781600000,5036.9,5086.3,5035.3,5068.1,2429.305
2026-01-30 14:15:00,1769782500000,5068.1,5100.0,5054.7,5087.4,1477.105
2026-01-30 14:30:00,1769783400000,5087.4,5124.3,5073.5,5093.1,3672.634
2026-01-30 14:45:00,1769784300000,5093.1,5108.9,5030.2,5047.3,3392.74
2026-01-30 15:00:00,1769785200000,5047.3,5059.9,4997.0,5042.3,5355.98
2026-01-30 15:15:00,1769786100000,5042.3,5073.5,5042.0,5060.8,2252.138
2026-01-30 15:30:00,1769787000000,5060.8,5084.6,5055.8,5072.9,1875.412
2026-01-30 15:45:00,1769787900000,5072.9,5085.3,5050.2,5059.2,1056.43
2026-01-30 16:00:00,1769788800000,5059.2,5061.8,5030.5,5044.0,1217.72
2026-01-30 16:15:00,1769789700000,5044.0,5047.4,5002.7,5011.6,2501.074
2026-01-30 16:30:00,1769790600000,5011.6,5029.4,4976.7,5022.8,3659.999
2026-01-30 16:45:00,1769791500000,5022.8,5026.1,4960.0,4998.6,3519.196
2026-01-30 17:00:00,1769792400000,4998.6,4998.6,4918.0,4931.2,4895.71
2026-01-30 17:15:00,1769793300000,4931.2,4959.3,4918.1,4947.4,6063.91
2026-01-30 17:30:00,1769794200000,4947.4,4947.4,4863.7,4885.0,7286.851
2026-01-30 17:45:00,1769795100000,4885.0,4900.3,4828.1,4870.1,9089.512
2026-01-30 18:00:00,1769796000000,4870.1,4906.2,4813.0,4835.0,8483.449
2026-01-30 18:15:00,1769796900000,4835.0,4843.6,4722.8,4771.1,15721.92
2026-01-30 18:30:00,1769797800000,4771.1,4818.1,4713.6,4802.9,14603.748
2026-01-30 18:45:00,1769798700000,4802.9,4905.7,4797.4,4892.0,9673.218
2026-01-30 19:00:00,1769799600000,4892.0,4928.1,4882.0,4899.6,6385.726
2026-01-30 19:15:00,1769800500000,4899.6,4908.2,4850.1,4901.6,3573.758
2026-01-30 19:30:00,1769801400000,4901.6,4936.3,4892.7,4934.7,3247.42
2026-01-30 19:45:00,1769802300000,4934.7,4953.8,4920.1,4937.8,3126.338
2026-01-30 20:00:00,1769803200000,4937.8,4941.0,4888.0,4907.9,4063.536
2026-01-30 20:15:00,1769804100000,4907.9,4919.6,4888.0,4893.7,2972.985
2026-01-30 20:30:00,1769805000000,4893.7,4896.5,4853.0,4871.0,2920.54
2026-01-30 20:45:00,1769805900000,4871.0,4886.3,4822.5,4858.0,3510.89
2026-01-30 21:00:00,1769806800000,4858.0,4875.7,4845.8,4856.3,1455.187
2026-01-30 21:15:00,1769807700000,4856.3,4904.0,4853.0,4888.6,1645.668
2026-01-30 21:30:00,1769808600000,4888.6,4895.0,4862.7,4875.3,1306.926
2026-01-30 21:45:00,1769809500000,4875.3,4907.2,4872.7,4903.2,1607.538
2026-01-30 22:00:00,1769810400000,4903.2,4908.1,4893.4,4893.5,669.495
2026-01-30 22:15:00,1769811300000,4893.5,4896.5,4884.1,4893.7,665.444
2026-01-30 22:30:00,1769812200000,4893.7,4912.4,4891.6,4894.0,635.717
2026-01-30 22:45:00,1769813100000,4894.0,4902.7,4882.2,4893.0,272.696
2026-01-30 23:00:00,1769814000000,4893.0,4896.3,4882.9,4883.8,390.271
2026-01-30 23:15:00,1769814900000,4883.8,4894.8,4882.2,4892.8,459.53
2026-01-30 23:30:00,1769815800000,4892.8,4907.9,4892.7,4905.4,403.835
2026-01-30 23:45:00,1769816700000,4905.4,4907.5,4893.0,4899.3,229.471
2026-01-31 00:00:00,1769817600000,4899.3,4907.0,4888.4,4906.0,692.589
2026-01-31 00:15:00,1769818500000,4906.0,4912.4,4896.5,4900.0,988.405
2026-01-31 00:30:00,1769819400000,4900.0,4907.2,4889.4,4892.6,497.081
2026-01-31 00:45:00,1769820300000,4892.6,4892.7,4883.4,4883.5,395.466
2026-01-31 01:00:00,1769821200000,4883.5,4903.4,4879.9,4901.7,436.469
2026-01-31 01:15:00,1769822100000,4901.7,4908.3,4898.2,4902.3,442.815
2026-01-31 01:30:00,1769823000000,4902.3,4903.6,4887.3,4891.2,242.104
2026-01-31 01:45:00,1769823900000,4891.2,4903.1,4888.4,4899.9,239.096
2026-01-31 02:00:00,1769824800000,4899.9,4902.6,4896.1,4901.3,173.415
2026-01-31 02:15:00,1769825700000,4901.3,4904.4,4901.3,4902.9,95.563
2026-01-31 02:30:00,1769826600000,4902.9,4907.2,4901.1,4907.2,234.312
2026-01-31 02:45:00,1769827500000,4907.2,4914.5,4899.2,4899.2,1270.928
2026-01-31 03:00:00,1769828400000,4899.2,4908.5,4895.9,4896.4,244.824
2026-01-31 03:15:00,1769829300000,4896.4,4897.9,4892.1,4893.7,254.618
2026-01-31 03:30:00,1769830200000,4893.7,4898.1,4891.9,4892.0,188.696
2026-01-31 03:45:00,1769831100000,4892.0,4918.3,4890.3,4912.6,701.318
2026-01-31 04:00:00,1769832000000,4912.6,4927.2,4905.1,4913.5,636.425
2026-01-31 04:15:00,1769832900000,4913.5,4915.5,4901.2,4905.5,310.231
2026-01-31 04:30:00,1769833800000,4905.5,4911.8,4904.6,4906.0,102.116
2026-01-31 04:45:00,1769834700000,4906.0,4912.7,4904.4,4910.3,81.277
2026-01-31 05:00:00,1769835600000,4910.3,4918.2,4909.2,4916.5,122.633
2026-01-31 05:15:00,1769836500000,4916.5,4919.7,4908.6,4914.0,202.553
2026-01-31 05:30:00,1769837400000,4914.0,4918.9,4912.5,4915.0,105.341
2026-01-31 05:45:00,1769838300000,4915.0,4921.2,4913.5,4920.2,130.203
2026-01-31 06:00:00,1769839200000,4920.2,4922.9,4917.5,4920.3,330.446
2026-01-31 06:15:00,1769840100000,4920.3,4920.3,4913.9,4914.0,138.807
2026-01-31 06:30:00,1769841000000,4914.0,4916.6,4910.6,4910.7,124.279
2026-01-31 06:45:00,1769841900000,4910.7,4918.9,4910.4,4918.8,124.692
2026-01-31 07:00:00,1769842800000,4918.8,4921.6,4918.0,4921.5,103.273
2026-01-31 07:15:00,1769843700000,4921.5,4922.1,4918.9,4921.2,100.242
2026-01-31 07:30:00,1769844600000,4921.2,4922.9,4919.6,4921.8,295.658
2026-01-31 07:45:00,1769845500000,4921.8,4924.6,4920.2,4923.9,212.096
2026-01-31 08:00:00,1769846400000,4923.9,4926.3,4918.7,4926.2,372.472
2026-01-31 08:15:00,1769847300000,4926.2,4926.2,4916.6,4923.1,405.665
2026-01-31 08:30:00,1769848200000,4923.1,4923.7,4915.8,4920.3,356.403
2026-01-31 08:45:00,1769849100000,4920.3,4921.7,4919.6,4921.6,265.154
2026-01-31 09:00:00,1769850000000,4921.6,4922.1,4918.0,4918.0,159.625
2026-01-31 09:15:00,1769850900000,4918.0,4918.1,4912.6,4912.9,248.466
2026-01-31 09:30:00,1769851800000,4912.9,4912.9,4901.0,4903.0,311.435
2026-01-31 09:45:00,1769852700000,4903.0,4906.6,4901.0,4903.6,177.204
2026-01-31 10:00:00,1769853600000,4903.6,4903.7,4896.2,4896.3,216.31
2026-01-31 10:15:00,1769854500000,4896.3,4904.0,4891.4,4904.0,240.281
2026-01-31 10:30:00,1769855400000,4904.0,4910.2,4904.0,4908.8,182.036
2026-01-31 10:45:00,1769856300000,4908.8,4913.2,4908.7,4910.5,218.175
2026-01-31 11:00:00,1769857200000,4910.5,4911.3,4906.0,4906.0,151.567
2026-01-31 11:15:00,1769858100000,4906.0,4909.5,4903.7,4908.3,90.928
2026-01-31 11:30:00,1769859000000,4908.3,4908.7,4897.6,4899.4,208.952
2026-01-31 11:45:00,1769859900000,4899.4,4901.6,4897.3,4897.5,127.18
2026-01-31 12:00:00,1769860800000,4897.5,4902.5,4894.2,4902.5,280.57
2026-01-31 12:15:00,1769861700000,4902.5,4911.0,4902.5,4911.0,154.289
2026-01-31 12:30:00,1769862600000,4911.0,4912.6,4902.3,4905.9,141.95
2026-01-31 12:45:00,1769863500000,4905.9,4910.7,4904.6,4910.4,194.729
2026-01-31 13:00:00,1769864400000,4910.4,4911.0,4906.7,4907.5,133.381
2026-01-31 13:15:00,1769865300000,4907.5,4907.5,4903.4,4904.6,132.34
2026-01-31 13:30:00,1769866200000,4904.6,4908.0,4897.5,4903.3,331.354
2026-01-31 13:45:00,1769867100000,4903.3,4907.1,4900.8,4905.6,149.359
2026-01-31 14:00:00,1769868000000,4905.6,4910.0,4903.2,4905.5,183.526
2026-01-31 14:15:00,1769868900000,4905.5,4909.4,4891.7,4892.6,533.121
2026-01-31 14:30:00,1769869800000,4892.6,4903.3,4889.4,4892.6,819.738
2026-01-31 14:45:00,1769870700000,4892.6,4896.2,4887.5,4887.6,410.142
2026-01-31 15:00:00,1769871600000,4887.6,4893.2,4886.2,4892.2,336.218
2026-01-31 15:15:00,1769872500000,4892.2,4898.6,4892.2,4895.0,210.276
2026-01-31 15:30:00,1769873400000,4895.0,4895.1,4888.2,4892.9,114.416
2026-01-31 15:45:00,1769874300000,4892.9,4893.0,4885.9,4887.1,205.451
2026-01-31 16:00:00,1769875200000,4887.1,4888.2,4865.2,4878.0,1023.898
2026-01-31 16:15:00,1769876100000,4878.0,4892.1,4876.4,4877.9,361.247
2026-01-31 16:30:00,1769877000000,4877.9,4882.8,4875.5,4879.7,357.221
2026-01-31 16:45:00,1769877900000,4879.7,4880.2,4872.0,4874.6,351.395
2026-01-31 17:00:00,1769878800000,4874.6,4877.8,4840.3,4846.8,1915.34
2026-01-31 17:15:00,1769879700000,4846.8,4864.6,4841.8,4855.1,1017.594
2026-01-31 17:30:00,1769880600000,4855.1,4856.8,4805.4,4815.0,2164.921
2026-01-31 17:45:00,1769881500000,4815.0,4832.9,4785.0,4830.2,3478.348
2026-01-31 18:00:00,1769882400000,4830.2,4840.0,4830.1,4839.7,870.234
2026-01-31 18:15:00,1769883300000,4839.7,4857.4,4830.9,4836.3,2085.835
2026-01-31 18:30:00,1769884200000,4836.3,4861.0,4813.8,4833.0,2539.008
2026-01-31 18:45:00,1769885100000,4833.0,4868.4,4831.5,4865.8,1831.637
2026-01-31 19:00:00,1769886000000,4865.8,4871.0,4848.6,4850.5,762.972
2026-01-31 19:15:00,1769886900000,4850.5,4857.1,4840.0,4840.1,316.436
2026-01-31 19:30:00,1769887800000,4840.1,4842.1,4825.1,4830.3,333.068
2026-01-31 19:45:00,1769888700000,4830.3,4841.9,4825.7,4839.0,419.144
2026-01-31 20:00:00,1769889600000,4839.0,4842.4,4827.0,4827.1,338.843
2026-01-31 20:15:00,1769890500000,4827.1,4832.0,4812.5,4812.6,180.49
2026-01-31 20:30:00,1769891400000,4812.6,4821.0,4810.7,4819.6,303.377
2026-01-31 20:45:00,1769892300000,4819.6,4829.4,4813.0,4826.8,307.694
2026-01-31 21:00:00,1769893200000,4826.8,4827.2,4819.0,4821.0,317.655
2026-01-31 21:15:00,1769894100000,4821.0,4824.4,4817.8,4822.5,266.316
2026-01-31 21:30:00,1769895000000,4822.5,4823.2,4815.7,4822.3,283.512
2026-01-31 21:45:00,1769895900000,4822.3,4823.3,4810.2,4815.4,451.993
2026-01-31 22:00:00,1769896800000,4815.4,4815.9,4808.0,4809.1,232.032
2026-01-31 22:15:00,1769897700000,4809.1,4810.5,4801.7,4803.9,266.037
2026-01-31 22:30:00,1769898600000,4803.9,4804.8,4790.5,4791.0,236.966
2026-01-31 22:45:00,1769899500000,4791.0,4799.3,4775.9,4794.3,843.034
2026-01-31 23:00:00,1769900400000,4794.3,4813.2,4790.0,4810.6,487.503
2026-01-31 23:15:00,1769901300000,4810.6,4826.9,4810.6,4826.7,387.623
2026-01-31 23:30:00,1769902200000,4826.7,4826.9,4806.3,4809.6,355.127
2026-01-31 23:45:00,1769903100000,4809.6,4814.6,4803.0,4811.2,223.429
2026-02-01 00:00:00,1769904000000,4811.2,4832.2,4808.5,4830.0,454.369
2026-02-01 00:15:00,1769904900000,4830.0,4835.0,4828.1,4834.8,338.523
2026-02-01 00:30:00,1769905800000,4834.8,4840.0,4834.2,4840.0,399.603
2026-02-01 00:45:00,1769906700000,4840.0,4844.6,4839.9,4843.6,249.237
2026-02-01 01:00:00,1769907600000,4843.6,4847.0,4825.8,4828.0,349.881
2026-02-01 01:15:00,1769908500000,4828.0,4835.4,4823.2,4834.5,162.485
2026-02-01 01:30:00,1769909400000,4834.5,4845.1,4834.4,4844.4,248.758
2026-02-01 01:45:00,1769910300000,4844.4,4844.4,4833.7,4835.4,101.05
2026-02-01 02:00:00,1769911200000,4835.4,4841.6,4832.2,4840.6,100.669
2026-02-01 02:15:00,1769912100000,4840.6,4840.7,4826.2,4832.4,185.33
2026-02-01 02:30:00,1769913000000,4832.4,4835.2,4828.6,4828.6,114.246
2026-02-01 02:45:00,1769913900000,4828.6,4842.7,4828.6,4839.5,121.801
2026-02-01 03:00:00,1769914800000,4839.5,4840.9,4830.0,4831.7,123.435
2026-02-01 03:15:00,1769915700000,4831.7,4831.8,4826.4,4828.5,107.528
2026-02-01 03:30:00,1769916600000,4828.5,4830.5,4823.1,4825.4,96.785
2026-02-01 03:45:00,1769917500000,4825.4,4830.1,4823.1,4829.5,124.531
2026-02-01 04:00:00,1769918400000,4829.5,4830.5,4824.8,4828.8,63.606
2026-02-01 04:15:00,1769919300000,4828.8,4836.2,4828.7,4832.1,162.904
2026-02-01 04:30:00,1769920200000,4832.1,4833.0,4830.2,4830.8,20.851
2026-02-01 04:45:00,1769921100000,4830.8,4841.3,4830.7,4841.3,77.284
2026-02-01 05:00:00,1769922000000,4841.3,4843.7,4834.5,4843.7,181.729
2026-02-01 05:15:00,1769922900000,4843.7,4854.8,4843.7,4853.1,314.469
2026-02-01 05:30:00,1769923800000,4853.1,4855.0,4848.8,4848.9,119.395
2026-02-01 05:45:00,1769924700000,4848.9,4857.1,4848.0,4854.3,107.514
2026-02-01 06:00:00,1769925600000,4854.3,4861.9,4852.7,4852.8,315.961
2026-02-01 06:15:00,1769926500000,4852.8,4859.3,4851.8,4854.9,100.409
2026-02-01 06:30:00,1769927400000,4854.9,4854.9,4841.6,4845.0,144.406
2026-02-01 06:45:00,1769928300000,4845.0,4847.8,4840.0,4840.1,84.507
2026-02-01 07:00:00,1769929200000,4840.1,4841.7,4834.3,4838.2,138.296
2026-02-01 07:15:00,1769930100000,4838.2,4840.2,4832.5,4834.2,111.135
2026-02-01 07:30:00,1769931000000,4834.2,4856.0,4833.3,4856.0,185.53
2026-02-01 07:45:00,1769931900000,4856.0,4856.0,4843.1,4843.2,159.682
2026-02-01 08:00:00,1769932800000,4843.2,4850.8,4843.1,4845.8,111.638
2026-02-01 08:15:00,1769933700000,4845.8,4846.4,4839.0,4843.1,107.705
2026-02-01 08:30:00,1769934600000,4843.1,4850.5,4840.0,4848.1,128.868
2026-02-01 08:45:00,1769935500000,4848.1,4848.1,4840.0,4840.2,82.251
2026-02-01 09:00:00,1769936400000,4840.2,4841.0,4837.9,4837.9,54.666
2026-02-01 09:15:00,1769937300000,4837.9,4838.0,4835.5,4837.0,54.223
2026-02-01 09:30:00,1769938200000,4837.0,4848.6,4836.7,4845.5,139.416
2026-02-01 09:45:00,1769939100000,4845.5,4847.4,4840.1,4843.6,124.432
2026-02-01 10:00:00,1769940000000,4843.6,4848.4,4840.3,4847.1,101.072
2026-02-01 10:15:00,1769940900000,4847.1,4849.8,4845.3,4848.6,87.415
2026-02-01 10:30:00,1769941800000,4848.6,4849.2,4839.4,4844.1,151.103
2026-02-01 10:45:00,1769942700000,4844.1,4845.4,4839.2,4843.1,209.309
2026-02-01 11:00:00,1769943600000,4843.1,4849.0,4841.6,4847.4,107.9
2026-02-01 11:15:00,1769944500000,4847.4,4849.5,4843.0,4845.4,140.531
2026-02-01 11:30:00,1769945400000,4845.4,4853.9,4843.4,4843.7,199.988
2026-02-01 11:45:00,1769946300000,4843.7,4843.7,4831.3,4834.2,204.038
2026-02-01 12:00:00,1769947200000,4834.2,4835.8,4830.5,4831.7,196.542
2026-02-01 12:15:00,1769948100000,4831.7,4831.7,4821.0,4826.3,241.742
2026-02-01 12:30:00,1769949000000,4826.3,4827.8,4811.9,4817.9,485.0
2026-02-01 12:45:00,1769949900000,4817.9,4824.8,4817.9,4824.6,168.457
2026-02-01 13:00:00,1769950800000,4824.6,4836.4,4823.7,4835.9,201.793
2026-02-01 13:15:00,1769951700000,4835.9,4840.4,4828.0,4832.5,597.24
2026-02-01 13:30:00,1769952600000,4832.5,4835.1,4824.3,4824.4,235.562
2026-02-01 13:45:00,1769953500000,4824.4,4827.1,4820.6,4822.8,160.535
2026-02-01 14:00:00,1769954400000,4822.8,4824.0,4812.9,4816.6,171.948
2026-02-01 14:15:00,1769955300000,4816.6,4817.4,4808.9,4808.9,234.847
2026-02-01 14:30:00,1769956200000,4808.9,4809.6,4789.0,4795.2,1019.141
2026-02-01 14:45:00,1769957100000,4795.2,4809.1,4789.0,4800.0,816.025
2026-02-01 15:00:00,1769958000000,4800.0,4800.0,4775.8,4778.0,847.664
2026-02-01 15:15:00,1769958900000,4778.0,4786.1,4776.8,4781.2,554.742
2026-02-01 15:30:00,1769959800000,4781.2,4788.3,4775.0,4783.3,563.237
2026-02-01 15:45:00,1769960700000,4783.3,4796.0,4782.8,4793.4,372.217
2026-02-01 16:00:00,1769961600000,4793.4,4794.4,4785.3,4789.2,349.908
2026-02-01 16:15:00,1769962500000,4789.2,4799.8,4784.0,4794.8,491.118
2026-02-01 16:30:00,1769963400000,4794.8,4797.7,4786.8,4790.9,251.961
2026-02-01 16:45:00,1769964300000,4790.9,4795.1,4786.4,4790.2,159.697
2026-02-01 17:00:00,1769965200000,4790.2,4807.1,4788.1,4804.5,292.089
2026-02-01 17:15:00,1769966100000,4804.5,4807.7,4794.8,4798.2,229.027
2026-02-01 17:30:00,1769967000000,4798.2,4809.0,4796.4,4808.7,189.251
2026-02-01 17:45:00,1769967900000,4808.7,4823.5,4806.5,4821.0,357.615
2026-02-01 18:00:00,1769968800000,4821.0,4835.1,4821.0,4829.3,438.559
2026-02-01 18:15:00,1769969700000,4829.3,4833.7,4821.2,4824.0,260.53
2026-02-01 18:30:00,1769970600000,4824.0,4826.7,4811.4,4817.0,237.38
2026-02-01 18:45:00,1769971500000,4817.0,4821.4,4814.8,4818.8,134.131
2026-02-01 19:00:00,1769972400000,4818.8,4821.1,4812.5,4813.3,272.061
2026-02-01 19:15:00,1769973300000,4813.3,4814.8,4805.9,4807.4,295.463
2026-02-01 19:30:00,1769974200000,4807.4,4810.0,4802.6,4804.4,109.614
2026-02-01 19:45:00,1769975100000,4804.4,4804.8,4797.1,4801.2,204.08
2026-02-01 20:00:00,1769976000000,4801.2,4809.4,4795.6,4797.0,374.542
2026-02-01 20:15:00,1769976900000,4797.0,4809.1,4788.5,4793.4,261.078
2026-02-01 20:30:00,1769977800000,4793.4,4811.0,4793.4,4807.3,286.608
2026-02-01 20:45:00,1769978700000,4807.3,4808.2,4801.4,4802.4,77.314
2026-02-01 21:00:00,1769979600000,4802.4,4804.5,4789.2,4792.1,288.378
2026-02-01 21:15:00,1769980500000,4792.1,4795.8,4789.4,4794.7,119.303
2026-02-01 21:30:00,1769981400000,4794.7,4799.6,4794.6,4794.6,150.543
2026-02-01 21:45:00,1769982300000,4794.6,4794.6,4778.5,4784.9,279.198
2026-02-01 22:00:00,1769983200000,4784.9,4797.7,4784.9,4797.4,201.425
2026-02-01 22:15:00,1769984100000,4797.4,4812.0,4794.6,4811.0,464.317
2026-02-01 22:30:00,1769985000000,4811.0,4811.8,4803.8,4804.2,227.375
2026-02-01 22:45:00,1769985900000,4804.2,4818.6,4803.6,4814.7,261.116
2026-02-01 23:00:00,1769986800000,4814.7,4846.4,4692.4,4720.0,7873.744
2026-02-01 23:15:00,1769987700000,4720.0,4734.2,4677.2,4714.0,2843.123
2026-02-01 23:30:00,1769988600000,4714.0,4776.2,4700.3,4763.6,2188.064
2026-02-01 23:45:00,1769989500000,4763.6,4766.4,4717.3,4732.4,2777.968
2026-02-02 00:00:00,1769990400000,4732.4,4832.2,4731.4,4829.9,2050.633
2026-02-02 00:15:00,1769991300000,4829.9,4864.8,4822.1,4833.5,2945.499
2026-02-02 00:30:00,1769992200000,4833.5,4834.0,4784.2,4795.4,2535.645
2026-02-02 00:45:00,1769993100000,4795.4,4796.7,4751.0,4756.4,2119.65
2026-02-02 01:00:00,1769994000000,4756.4,4772.7,4599.1,4641.7,8698.004
2026-02-02 01:15:00,1769994900000,4641.7,4703.3,4641.6,4692.9,4594.519
2026-02-02 01:30:00,1769995800000,4692.9,4733.5,4668.3,4708.4,2132.625
2026-02-02 01:45:00,1769996700000,4708.4,4737.0,4700.6,4725.2,1403.467
2026-02-02 02:00:00,1769997600000,4725.2,4734.2,4680.9,4721.5,1937.533
2026-02-02 02:15:00,1769998500000,4721.5,4735.6,4706.5,4729.6,1511.149
2026-02-02 02:30:00,1769999400000,4729.6,4759.3,4728.4,4753.0,1425.335
2026-02-02 02:45:00,1770000300000,4753.0,4753.0,4690.4,4701.8,1369.097
2026-02-02 03:00:00,1770001200000,4701.8,4716.6,4683.9,4685.5,1231.68
2026-02-02 03:15:00,1770002100000,4685.5,4715.8,4661.5,4680.1,1825.404
2026-02-02 03:30:00,1770003000000,4680.1,4683.8,4620.3,4645.5,2544.155
2026-02-02 03:45:00,1770003900000,4645.5,4679.8,4633.6,4636.4,1733.743
2026-02-02 04:00:00,1770004800000,4636.4,4655.4,4603.2,4652.5,2262.643
2026-02-02 04:15:00,1770005700000,4652.5,4695.9,4652.2,4670.8,1479.973
2026-02-02 04:30:00,1770006600000,4670.8,4694.3,4658.2,4686.0,1241.498
2026-02-02 04:45:00,1770007500000,4686.0,4709.0,4670.7,4674.8,1035.871
2026-02-02 05:00:00,1770008400000,4674.8,4689.4,4645.9,4654.8,1009.846
2026-02-02 05:15:00,1770009300000,4654.8,4665.6,4644.2,4649.7,942.452
2026-02-02 05:30:00,1770010200000,4649.7,4649.7,4580.0,4581.4,3574.795
2026-02-02 05:45:00,1770011100000,4581.4,4584.6,4518.9,4561.5,7219.151
2026-02-02 06:00:00,1770012000000,4561.5,4580.2,4531.2,4545.2,2646.535
2026-02-02 06:15:00,1770012900000,4545.2,4556.5,4455.0,4500.7,6666.149
2026-02-02 06:30:00,1770013800000,4500.7,4514.8,4427.5,4476.2,6369.024
2026-02-02 06:45:00,1770014700000,4476.2,4536.1,4450.7,4518.5,3376.278
2026-02-02 07:00:00,1770015600000,4518.5,4564.3,4507.6,4545.5,3091.683
2026-02-02 07:15:00,1770016500000,4545.5,4576.7,4528.3,4563.1,3337.292
2026-02-02 07:30:00,1770017400000,4563.1,4594.8,4537.1,4586.3,2532.959
2026-02-02 07:45:00,1770018300000,4586.3,4621.5,4586.3,4591.7,2333.753
2026-02-02 08:00:00,1770019200000,4591.7,4633.8,4573.4,4617.0,3345.473
2026-02-02 08:15:00,1770020100000,4617.0,4653.7,4607.8,4650.0,2684.327
2026-02-02 08:30:00,1770021000000,4650.0,4653.8,4613.1,4643.3,2253.526
2026-02-02 08:45:00,1770021900000,4643.3,4652.6,4631.6,4641.3,2058.335
2026-02-02 09:00:00,1770022800000,4641.3,4653.3,4601.8,4646.0,2049.939
2026-02-02 09:15:00,1770023700000,4646.0,4697.5,4628.1,4687.0,2386.64
2026-02-02 09:30:00,1770024600000,4687.0,4711.9,4677.8,4688.0,2840.629
2026-02-02 09:45:00,1770025500000,4688.0,4727.3,4684.5,4714.6,2203.933
2026-02-02 10:00:00,1770026400000,4714.6,4728.0,4700.9,4726.3,1576.571
2026-02-02 10:15:00,1770027300000,4726.3,4726.8,4669.0,4680.8,2188.992
2026-02-02 10:30:00,1770028200000,4680.8,4695.4,4656.4,4670.2,1581.048
2026-02-02 10:45:00,1770029100000,4670.2,4707.6,4655.7,4701.3,1476.265
2026-02-02 11:00:00,1770030000000,4701.3,4742.6,4700.0,4742.6,1490.063
2026-02-02 11:15:00,1770030900000,4742.6,4758.1,4735.1,4750.7,2090.743
2026-02-02 11:30:00,1770031800000,4750.7,4774.9,4744.9,4770.3,1696.608
2026-02-02 11:45:00,1770032700000,4770.3,4775.9,4752.5,4762.0,1229.961
2026-02-02 12:00:00,1770033600000,4762.0,4772.4,4742.1,4760.4,1887.422
2026-02-02 12:15:00,1770034500000,4760.4,4789.7,4758.1,4776.2,1449.156
2026-02-02 12:30:00,1770035400000,4776.2,4798.0,4768.1,4797.1,1564.816
2026-02-02 12:45:00,1770036300000,4797.1,4810.6,4769.2,4788.2,2248.301
2026-02-02 13:00:00,1770037200000,4788.2,4797.5,4718.4,4780.3,6613.291
2026-02-02 13:15:00,1770038100000,4780.3,4788.2,4725.9,4737.0,3155.197
2026-02-02 13:30:00,1770039000000,4737.0,4738.4,4670.4,4685.5,4748.908
2026-02-02 13:45:00,1770039900000,4685.5,4720.3,4684.0,4704.1,2826.751
2026-02-02 14:00:00,1770040800000,4704.1,4735.0,4696.6,4723.4,2674.078
2026-02-02 14:15:00,1770041700000,4723.4,4726.3,4679.4,4719.3,2055.01
2026-02-02 14:30:00,1770042600000,4719.3,4789.2,4708.7,4751.2,4790.918
2026-02-02 14:45:00,1770043500000,4751.2,4758.5,4698.5,4718.2,3911.574
2026-02-02 15:00:00,1770044400000,4718.2,4741.6,4688.6,4708.0,4127.391
2026-02-02 15:15:00,1770045300000,4708.0,4722.6,4672.0,4679.1,1735.932
2026-02-02 15:30:00,1770046200000,4679.1,4702.1,4645.5,4674.5,3750.389
2026-02-02 15:45:00,1770047100000,4674.5,4675.8,4615.7,4618.6,3898.857
2026-02-02 16:00:00,1770048000000,4618.6,4701.0,4597.4,4695.3,4594.484
2026-02-02 16:15:00,1770048900000,4695.3,4705.3,4663.3,4672.0,2437.553
2026-02-02 16:30:00,1770049800000,4672.0,4688.8,4646.5,4670.6,2280.791
2026-02-02 16:45:00,1770050700000,4670.6,4676.9,4652.0,4667.2,1286.806
2026-02-02 17:00:00,1770051600000,4667.2,4713.2,4662.2,4707.5,1543.423
2026-02-02 17:15:00,1770052500000,4707.5,4712.1,4663.8,4670.4,1251.843
2026-02-02 17:30:00,1770053400000,4670.4,4691.0,4661.4,4675.2,1416.167
2026-02-02 17:45:00,1770054300000,4675.2,4688.0,4666.8,4676.8,1107.872
2026-02-02 18:00:00,1770055200000,4676.8,4676.8,4634.5,4638.5,1431.755
2026-02-02 18:15:00,1770056100000,4638.5,4646.9,4621.0,4634.3,1464.83
2026-02-02 18:30:00,1770057000000,4634.3,4673.1,4634.3,4658.0,1050.186
2026-02-02 18:45:00,1770057900000,4658.0,4672.4,4650.1,4661.4,988.26
2026-02-02 19:00:00,1770058800000,4661.4,4666.4,4642.2,4652.2,1194.919
2026-02-02 19:15:00,1770059700000,4652.2,4657.2,4634.3,4646.6,735.145
2026-02-02 19:30:00,1770060600000,4646.6,4700.0,4640.3,4695.1,1233.081
2026-02-02 19:45:00,1770061500000,4695.1,4712.4,4680.9,4688.2,1450.662
2026-02-02 20:00:00,1770062400000,4688.2,4704.1,4674.9,4696.7,1631.807
2026-02-02 20:15:00,1770063300000,4696.7,4696.7,4658.1,4674.9,1320.601
2026-02-02 20:30:00,1770064200000,4674.9,4696.3,4662.8,4684.8,1145.377
2026-02-02 20:45:00,1770065100000,4684.8,4684.8,4652.9,4657.0,1110.137
2026-02-02 21:00:00,1770066000000,4657.0,4680.0,4650.4,4679.1,1021.362
2026-02-02 21:15:00,1770066900000,4679.1,4690.5,4663.3,4685.5,974.237
2026-02-02 21:30:00,1770067800000,4685.5,4689.9,4673.6,4673.6,684.763
2026-02-02 21:45:00,1770068700000,4673.6,4677.2,4655.1,4666.9,819.646
2026-02-02 22:00:00,1770069600000,4666.9,4673.4,4663.4,4668.6,400.519
2026-02-02 22:15:00,1770070500000,4668.6,4677.1,4665.2,4670.9,450.849
2026-02-02 22:30:00,1770071400000,4670.9,4676.2,4669.0,4671.8,272.965
2026-02-02 22:45:00,1770072300000,4671.8,4674.4,4667.2,4672.3,142.661
2026-02-02 23:00:00,1770073200000,4672.3,4728.2,4671.6,4719.9,2201.138
2026-02-02 23:15:00,1770074100000,4719.9,4760.2,4719.1,4739.2,1768.679
2026-02-02 23:30:00,1770075000000,4739.2,4751.9,4722.1,4735.0,1164.919
2026-02-02 23:45:00,1770075900000,4735.0,4772.8,4733.2,4772.0,1249.65
2026-02-03 00:00:00,1770076800000,4772.0,4791.8,4763.3,4783.2,2097.241
2026-02-03 00:15:00,1770077700000,4783.2,4821.4,4783.2,4813.2,1766.114
2026-02-03 00:30:00,1770078600000,4813.2,4822.4,4806.6,4816.9,1077.089
2026-02-03 00:45:00,1770079500000,4816.9,4820.4,4772.9,4779.5,1676.101
2026-02-03 01:00:00,1770080400000,4779.5,4823.9,4766.6,4822.3,2355.637
2026-02-03 01:15:00,1770081300000,4822.3,4851.1,4822.3,4848.2,2248.619
2026-02-03 01:30:00,1770082200000,4848.2,4850.3,4824.1,4840.0,1491.468
2026-02-03 01:45:00,1770083100000,4840.0,4842.8,4815.2,4835.4,720.347
2026-02-03 02:00:00,1770084000000,4835.4,4836.1,4790.6,4798.4,1354.906
2026-02-03 02:15:00,1770084900000,4798.4,4799.1,4763.7,4773.6,1528.951
2026-02-03 02:30:00,1770085800000,4773.6,4786.4,4754.0,4754.1,1203.643
2026-02-03 02:45:00,1770086700000,4754.1,4782.7,4744.9,4781.9,1317.054
2026-02-03 03:00:00,1770087600000,4781.9,4788.8,4761.1,4766.3,842.289
2026-02-03 03:15:00,1770088500000,4766.3,4775.5,4752.7,4772.2,586.581
2026-02-03 03:30:00,1770089400000,4772.2,4807.7,4771.3,4803.4,594.547
2026-02-03 03:45:00,1770090300000,4803.4,4813.7,4788.1,4811.2,668.441
2026-02-03 04:00:00,1770091200000,4811.2,4824.7,4809.7,4817.2,508.376
2026-02-03 04:15:00,1770092100000,4817.2,4818.6,4802.9,4808.6,368.121
2026-02-03 04:30:00,1770093000000,4808.6,4828.1,4808.5,4822.6,508.276
2026-02-03 04:45:00,1770093900000,4822.6,4826.7,4810.8,4811.0,301.947
2026-02-03 05:00:00,1770094800000,4811.0,4823.6,4810.7,4812.9,267.056
2026-02-03 05:15:00,1770095700000,4812.9,4840.7,4812.5,4840.5,381.78
2026-02-03 05:30:00,1770096600000,4840.5,4840.5,4819.5,4822.4,546.314
2026-02-03 05:45:00,1770097500000,4822.4,4832.7,4816.6,4826.2,407.973
2026-02-03 06:00:00,1770098400000,4826.2,4848.1,4817.9,4843.5,403.874
2026-02-03 06:15:00,1770099300000,4843.5,4873.1,4842.7,4871.4,949.173
2026-02-03 06:30:00,1770100200000,4871.4,4890.6,4869.7,4887.4,1334.267
2026-02-03 06:45:00,1770101100000,4887.4,4889.2,4863.3,4877.8,867.823
2026-02-03 07:00:00,1770102000000,4877.8,4890.9,4867.7,4890.9,582.677
2026-02-03 07:15:00,1770102900000,4890.9,4899.0,4878.9,4897.4,888.741
2026-02-03 07:30:00,1770103800000,4897.4,4929.4,4896.6,4920.9,2419.186
2026-02-03 07:45:00,1770104700000,4920.9,4926.5,4908.2,4916.2,1591.498
2026-02-03 08:00:00,1770105600000,4916.2,4931.4,4902.6,4927.5,1198.531
2026-02-03 08:15:00,1770106500000,4927.5,4939.7,4926.5,4934.0,812.383
2026-02-03 08:30:00,1770107400000,4934.0,4945.8,4928.0,4933.5,678.172
2026-02-03 08:45:00,1770108300000,4933.5,4936.5,4905.2,4906.3,1022.17
2026-02-03 09:00:00,1770109200000,4906.3,4919.8,4905.5,4910.0,1005.963
2026-02-03 09:15:00,1770110100000,4910.0,4914.8,4886.1,4886.7,1515.924
2026-02-03 09:30:00,1770111000000,4886.7,4921.7,4880.5,4921.3,924.205
2026-02-03 09:45:00,1770111900000,4921.3,4924.6,4911.4,4912.6,510.178
2026-02-03 10:00:00,1770112800000,4912.6,4928.0,4911.4,4920.9,310.088
2026-02-03 10:15:00,1770113700000,4920.9,4920.9,4911.4,4912.4,333.532
2026-02-03 10:30:00,1770114600000,4912.4,4919.8,4912.4,4919.2,240.983
2026-02-03 10:45:00,1770115500000,4919.2,4920.2,4897.0,4897.3,492.385
2026-02-03 11:00:00,1770116400000,4897.3,4910.9,4887.7,4902.8,612.631
2026-02-03 11:15:00,1770117300000,4902.8,4906.4,4876.8,4897.1,1237.398
2026-02-03 11:30:00,1770118200000,4897.1,4918.8,4892.6,4905.6,746.341
2026-02-03 11:45:00,1770119100000,4905.6,4913.7,4896.3,4913.4,270.948
2026-02-03 12:00:00,1770120000000,4913.4,4935.0,4909.5,4924.6,867.968
2026-02-03 12:15:00,1770120900000,4924.6,4925.6,4893.0,4902.2,786.825
2026-02-03 12:30:00,1770121800000,4902.2,4917.5,4899.9,4911.5,345.985
2026-02-03 12:45:00,1770122700000,4911.5,4919.1,4909.1,4913.2,556.572
2026-02-03 13:00:00,1770123600000,4913.2,4931.0,4904.1,4928.6,747.16
2026-02-03 13:15:00,1770124500000,4928.6,4943.6,4920.8,4940.0,892.658
2026-02-03 13:30:00,1770125400000,4940.0,4950.0,4936.2,4949.2,1046.765
2026-02-03 13:45:00,1770126300000,4949.2,4957.4,4926.9,4937.2,1537.301
2026-02-03 14:00:00,1770127200000,4937.2,4940.3,4924.0,4928.1,769.684
2026-02-03 14:15:00,1770128100000,4928.1,4928.1,4902.3,4926.2,1100.315
2026-02-03 14:30:00,1770129000000,4926.2,4928.3,4894.9,4918.5,1536.927
2026-02-03 14:45:00,1770129900000,4918.5,4928.6,4909.5,4914.9,1479.382
2026-02-03 15:00:00,1770130800000,4914.9,4945.5,4903.8,4934.0,1211.093
2026-02-03 15:15:00,1770131700000,4934.0,4940.8,4909.6,4925.3,1035.394
2026-02-03 15:30:00,1770132600000,4925.3,4928.2,4911.8,4923.9,542.129
2026-02-03 15:45:00,1770133500000,4923.9,4937.0,4919.1,4935.2,468.593
2026-02-03 16:00:00,1770134400000,4935.2,4946.3,4928.9,4943.6,721.644
2026-02-03 16:15:00,1770135300000,4943.6,4978.3,4940.9,4969.8,1852.186
2026-02-03 16:30:00,1770136200000,4969.8,4992.1,4962.9,4980.2,1272.083
2026-02-03 16:45:00,1770137100000,4980.2,4981.7,4952.2,4957.9,1001.381
2026-02-03 17:00:00,1770138000000,4957.9,4963.6,4918.5,4939.2,1915.545
2026-02-03 17:15:00,1770138900000,4939.2,4965.0,4934.2,4944.9,925.15
2026-02-03 17:30:00,1770139800000,4944.9,4961.3,4908.8,4917.4,931.661
2026-02-03 17:45:00,1770140700000,4917.4,4941.8,4905.2,4923.1,1267.576
2026-02-03 18:00:00,1770141600000,4923.1,4948.3,4921.7,4938.8,720.457
2026-02-03 18:15:00,1770142500000,4938.8,4942.7,4902.7,4906.6,1197.22
2026-02-03 18:30:00,1770143400000,4906.6,4916.5,4878.5,4900.1,2204.451
2026-02-03 18:45:00,1770144300000,4900.1,4908.8,4886.7,4903.3,919.934
2026-02-03 19:00:00,1770145200000,4903.3,4915.8,4875.3,4914.9,1745.428
2026-02-03 19:15:00,1770146100000,4914.9,4932.5,4913.4,4929.6,1627.702
2026-02-03 19:30:00,1770147000000,4929.6,4945.0,4922.6,4936.8,1164.306
2026-02-03 19:45:00,1770147900000,4936.8,4938.1,4915.2,4925.1,777.268
2026-02-03 20:00:00,1770148800000,4925.1,4925.1,4898.4,4917.6,818.656
2026-02-03 20:15:00,1770149700000,4917.6,4940.9,4909.3,4938.0,721.736
2026-02-03 20:30:00,1770150600000,4938.0,4957.3,4937.2,4950.4,1470.257
2026-02-03 20:45:00,1770151500000,4950.4,4954.9,4932.4,4942.5,1045.439
2026-02-03 21:00:00,1770152400000,4942.5,4960.7,4939.7,4954.6,1000.559
2026-02-03 21:15:00,1770153300000,4954.6,4957.4,4943.8,4948.6,815.163
2026-02-03 21:30:00,1770154200000,4948.6,4956.8,4934.1,4938.5,737.304
2026-02-03 21:45:00,1770155100000,4938.5,4945.4,4932.7,4943.2,711.197
2026-02-03 22:00:00,1770156000000,4943.2,4944.6,4931.1,4941.5,714.228
2026-02-03 22:15:00,1770156900000,4941.5,4941.5,4930.0,4937.1,452.849
2026-02-03 22:30:00,1770157800000,4937.1,4944.9,4937.1,4940.7,343.375
2026-02-03 22:45:00,1770158700000,4940.7,4944.9,4929.5,4933.2,481.291
2026-02-03 23:00:00,1770159600000,4933.2,4964.2,4906.2,4922.9,3347.505
2026-02-03 23:15:00,1770160500000,4922.9,4934.7,4911.3,4915.2,1092.278
2026-02-03 23:30:00,1770161400000,4915.2,4939.0,4911.9,4938.5,1146.857
2026-02-03 23:45:00,1770162300000,4938.5,4946.0,4930.9,4937.0,870.921
2026-02-04 00:00:00,1770163200000,4937.0,4988.7,4935.7,4983.1,3275.635
2026-02-04 00:15:00,1770164100000,4983.1,4997.3,4975.7,4977.6,1978.711
2026-02-04 00:30:00,1770165000000,4977.6,4993.8,4967.4,4985.4,752.856
2026-02-04 00:45:00,1770165900000,4985.4,5017.5,4985.1,5015.6,1286.578
2026-02-04 01:00:00,1770166800000,5015.6,5052.0,4986.0,5049.9,2034.595
2026-02-04 01:15:00,1770167700000,5049.9,5054.5,5033.9,5039.8,1184.709
2026-02-04 01:30:00,1770168600000,5039.8,5040.9,5010.3,5031.3,1226.985
2026-02-04 01:45:00,1770169500000,5031.3,5048.8,5028.2,5046.5,755.43
2026-02-04 02:00:00,1770170400000,5046.5,5065.4,5046.5,5059.8,1198.755
2026-02-04 02:15:00,1770171300000,5059.8,5066.8,5051.7,5056.2,1021.689
2026-02-04 02:30:00,1770172200000,5056.2,5058.0,5038.0,5055.7,696.064
2026-02-04 02:45:00,1770173100000,5055.7,5056.8,5031.3,5036.0,616.075
2026-02-04 03:00:00,1770174000000,5036.0,5052.3,5031.5,5046.8,533.511
2026-02-04 03:15:00,1770174900000,5046.8,5049.6,5035.9,5047.2,332.647
2026-02-04 03:30:00,1770175800000,5047.2,5070.2,5046.3,5059.9,580.034
2026-02-04 03:45:00,1770176700000,5059.9,5071.0,5059.4,5066.6,339.57
2026-02-04 04:00:00,1770177600000,5066.6,5071.2,5059.6,5070.0,424.532
2026-02-04 04:15:00,1770178500000,5070.0,5070.6,5051.8,5057.5,505.878
2026-02-04 04:30:00,1770179400000,5057.5,5069.0,5056.5,5068.6,228.824
2026-02-04 04:45:00,1770180300000,5068.6,5079.0,5067.7,5078.6,419.59
2026-02-04 05:00:00,1770181200000,5078.6,5080.9,5073.1,5080.1,408.7
2026-02-04 05:15:00,1770182100000,5080.1,5081.0,5073.7,5074.9,397.347
2026-02-04 05:30:00,1770183000000,5074.9,5083.0,5065.6,5077.3,553.629
2026-02-04 05:45:00,1770183900000,5077.3,5086.9,5075.7,5076.4,510.699
2026-02-04 06:00:00,1770184800000,5076.4,5079.4,5052.3,5056.1,1431.19
2026-02-04 06:15:00,1770185700000,5056.1,5063.5,5047.1,5051.1,546.366
2026-02-04 06:30:00,1770186600000,5051.1,5067.6,5050.3,5067.6,374.659
2026-02-04 06:45:00,1770187500000,5067.6,5076.3,5065.1,5072.1,492.705
2026-02-04 07:00:00,1770188400000,5072.1,5078.0,5059.0,5059.3,458.29
2026-02-04 07:15:00,1770189300000,5059.3,5085.8,5058.7,5085.2,436.094
2026-02-04 07:30:00,1770190200000,5085.2,5086.9,5066.2,5078.2,431.317
2026-02-04 07:45:00,1770191100000,5078.2,5088.7,5076.2,5081.4,332.801
2026-02-04 08:00:00,1770192000000,5081.4,5088.8,5071.3,5072.7,735.739
2026-02-04 08:15:00,1770192900000,5072.7,5083.8,5072.6,5080.0,382.279
2026-02-04 08:30:00,1770193800000,5080.0,5080.0,5066.5,5075.1,385.112
2026-02-04 08:45:00,1770194700000,5075.1,5081.5,5066.9,5078.6,231.437
2026-02-04 09:00:00,1770195600000,5078.6,5081.2,5063.6,5064.4,574.083
2026-02-04 09:15:00,1770196500000,5064.4,5064.4,5050.0,5052.2,618.605
2026-02-04 09:30:00,1770197400000,5052.2,5062.3,5041.1,5053.6,991.544
2026-02-04 09:45:00,1770198300000,5053.6,5059.9,5043.4,5056.2,611.108
2026-02-04 10:00:00,1770199200000,5056.2,5060.7,5044.4,5050.1,313.087
2026-02-04 10:15:00,1770200100000,5050.1,5052.2,5037.3,5039.2,625.634
2026-02-04 10:30:00,1770201000000,5039.2,5057.4,5039.2,5055.6,507.571
2026-02-04 10:45:00,1770201900000,5055.6,5056.7,5041.9,5044.5,264.293
2026-02-04 11:00:00,1770202800000,5044.5,5048.6,5038.0,5038.0,425.629
2026-02-04 11:15:00,1770203700000,5038.0,5039.0,5008.9,5018.4,1319.988
2026-02-04 11:30:00,1770204600000,5018.4,5036.1,5017.1,5025.9,418.173
2026-02-04 11:45:00,1770205500000,5025.9,5045.2,5025.7,5044.3,248.576
2026-02-04 12:00:00,1770206400000,5044.3,5050.1,5032.5,5039.1,251.372
2026-02-04 12:15:00,1770207300000,5039.1,5043.4,5034.4,5040.7,242.001
2026-02-04 12:30:00,1770208200000,5040.7,5058.4,5040.7,5048.8,485.604
2026-02-04 12:45:00,1770209100000,5048.8,5050.7,5029.8,5034.1,847.565
2026-02-04 13:00:00,1770210000000,5034.1,5039.2,5018.1,5024.8,585.4
2026-02-04 13:15:00,1770210900000,5024.8,5047.2,5024.8,5042.1,770.063
2026-02-04 13:30:00,1770211800000,5042.1,5052.8,5029.3,5031.4,583.602
2026-02-04 13:45:00,1770212700000,5031.4,5056.2,5030.1,5046.7,693.84
2026-02-04 14:00:00,1770213600000,5046.7,5051.0,5029.8,5041.2,747.427
2026-02-04 14:15:00,1770214500000,5041.2,5043.7,5023.1,5024.8,526.194
2026-02-04 14:30:00,1770215400000,5024.8,5029.6,4961.3,4987.6,5137.223
2026-02-04 14:45:00,1770216300000,4987.6,5009.5,4963.2,4978.7,2600.868
2026-02-04 15:00:00,1770217200000,4978.7,4999.4,4966.0,4984.2,1769.004
2026-02-04 15:15:00,1770218100000,4984.2,4987.7,4943.8,4953.0,2395.059
2026-02-04 15:30:00,1770219000000,4953.0,4954.1,4881.8,4935.4,4281.492
2026-02-04 15:45:00,1770219900000,4935.4,4945.4,4905.2,4914.1,1538.018
2026-02-04 16:00:00,1770220800000,4914.1,4935.4,4889.5,4925.7,1658.948
2026-02-04 16:15:00,1770221700000,4925.7,4928.5,4883.6,4916.8,1347.34
2026-02-04 16:30:00,1770222600000,4916.8,4925.8,4887.9,4889.4,1292.438
2026-02-04 16:45:00,1770223500000,4889.4,4901.7,4843.3,4898.9,2989.198
2026-02-04 17:00:00,1770224400000,4898.9,4918.2,4887.4,4915.8,1010.11
2026-02-04 17:15:00,1770225300000,4915.8,4918.3,4881.7,4909.1,1398.789
2026-02-04 17:30:00,1770226200000,4909.1,4922.1,4896.0,4899.0,1304.251
2026-02-04 17:45:00,1770227100000,4899.0,4902.8,4889.4,4893.9,795.723
2026-02-04 18:00:00,1770228000000,4893.9,4912.7,4866.2,4901.7,1809.692
2026-02-04 18:15:00,1770228900000,4901.7,4928.8,4889.1,4919.2,1515.611
2026-02-04 18:30:00,1770229800000,4919.2,4922.3,4900.2,4915.5,1051.755
2026-02-04 18:45:00,1770230700000,4915.5,4924.7,4904.8,4921.1,570.919
2026-02-04 19:00:00,1770231600000,4921.1,4939.8,4910.2,4939.7,919.39
2026-02-04 19:15:00,1770232500000,4939.7,4943.3,4914.0,4926.4,788.881
2026-02-04 19:30:00,1770233400000,4926.4,4938.7,4923.6,4936.4,601.017
2026-02-04 19:45:00,1770234300000,4936.4,4950.0,4926.2,4936.5,1040.996
2026-02-04 20:00:00,1770235200000,4936.5,4939.4,4917.6,4927.3,559.04
2026-02-04 20:15:00,1770236100000,4927.3,4929.8,4913.2,4914.6,662.1
2026-02-04 20:30:00,1770237000000,4914.6,4943.2,4908.7,4934.8,497.013
2026-02-04 20:45:00,1770237900000,4934.8,4942.8,4927.8,4930.9,422.217
2026-02-04 21:00:00,1770238800000,4930.9,4945.0,4930.9,4945.0,229.999
2026-02-04 21:15:00,1770239700000,4945.0,4953.4,4940.6,4952.4,378.126
2026-02-04 21:30:00,1770240600000,4952.4,4961.8,4946.0,4954.0,403.898
2026-02-04 21:45:00,1770241500000,4954.0,4958.2,4948.3,4955.4,412.904
2026-02-04 22:00:00,1770242400000,4955.4,4955.4,4943.9,4953.5,397.254
2026-02-04 22:15:00,1770243300000,4953.5,4968.1,4953.5,4965.9,302.788
2026-02-04 22:30:00,1770244200000,4965.9,4969.0,4961.3,4962.2,242.201
2026-02-04 22:45:00,1770245100000,4962.2,4965.2,4950.2,4952.8,162.91
2026-02-04 23:00:00,1770246000000,4952.8,5000.4,4952.7,4999.1,1941.587
2026-02-04 23:15:00,1770246900000,4999.1,5012.5,4990.2,5009.4,854.862
2026-02-04 23:30:00,1770247800000,5009.4,5012.9,4998.5,5012.3,457.277
2026-02-04 23:45:00,1770248700000,5012.3,5014.9,4996.1,5000.4,523.446
2026-02-05 00:00:00,1770249600000,5000.4,5010.8,4985.0,4985.4,709.24
2026-02-05 00:15:00,1770250500000,4985.4,5008.0,4985.3,5003.5,561.969
2026-02-05 00:30:00,1770251400000,5003.5,5009.0,4998.1,5009.0,232.799
2026-02-05 00:45:00,1770252300000,5009.0,5011.1,4993.6,4996.5,447.943
2026-02-05 01:00:00,1770253200000,4996.5,5000.0,4957.4,4957.6,1497.744
2026-02-05 01:15:00,1770254100000,4957.6,4961.7,4923.3,4938.4,2484.836
2026-02-05 01:30:00,1770255000000,4938.4,4970.6,4938.4,4965.8,809.76
2026-02-05 01:45:00,1770255900000,4965.8,4969.1,4944.8,4944.8,504.034
2026-02-05 02:00:00,1770256800000,4944.8,4947.5,4893.3,4900.1,1925.446
2026-02-05 02:15:00,1770257700000,4900.1,4925.1,4882.5,4921.6,2240.936
2026-02-05 02:30:00,1770258600000,4921.6,4924.2,4883.4,4884.1,1602.158
2026-02-05 02:45:00,1770259500000,4884.1,4886.5,4794.5,4800.7,6059.942
2026-02-05 03:00:00,1770260400000,4800.7,4846.5,4776.4,4832.4,3640.026
2026-02-05 03:15:00,1770261300000,4832.4,4868.7,4820.7,4842.8,1613.733
2026-02-05 03:30:00,1770262200000,4842.8,4862.6,4825.5,4852.3,967.011
2026-02-05 03:45:00,1770263100000,4852.3,4870.0,4837.6,4864.6,984.838
2026-02-05 04:00:00,1770264000000,4864.6,4868.6,4849.3,4859.1,602.761
2026-02-05 04:15:00,1770264900000,4859.1,4877.0,4856.4,4871.4,579.0
2026-02-05 04:30:00,1770265800000,4871.4,4871.8,4855.4,4871.8,486.384
2026-02-05 04:45:00,1770266700000,4871.8,4873.4,4847.6,4847.7,438.555
2026-02-05 05:00:00,1770267600000,4847.7,4857.9,4832.9,4834.8,732.411
2026-02-05 05:15:00,1770268500000,4834.8,4849.6,4825.7,4848.7,734.835
2026-02-05 05:30:00,1770269400000,4848.7,4867.0,4811.2,4866.2,1278.517
2026-02-05 05:45:00,1770270300000,4866.2,4886.5,4865.8,4876.8,763.933
2026-02-05 06:00:00,1770271200000,4876.8,4899.2,4863.0,4891.1,484.15
2026-02-05 06:15:00,1770272100000,4891.1,4907.1,4883.1,4906.6,405.71
2026-02-05 06:30:00,1770273000000,4906.6,4909.9,4888.1,4907.8,411.926
2026-02-05 06:45:00,1770273900000,4907.8,4911.5,4880.6,4899.4,562.133
2026-02-05 07:00:00,1770274800000,4899.4,4911.5,4895.0,4904.5,492.344
2026-02-05 07:15:00,1770275700000,4904.5,4919.6,4895.7,4914.8,559.514
2026-02-05 07:30:00,1770276600000,4914.8,4915.2,4881.7,4893.8,588.75
2026-02-05 07:45:00,1770277500000,4893.8,4902.9,4890.2,4898.3,549.881
2026-02-05 08:00:00,1770278400000,4898.3,4923.1,4895.7,4922.0,435.906
2026-02-05 08:15:00,1770279300000,4922.0,4924.8,4902.6,4904.3,431.16
2026-02-05 08:30:00,1770280200000,4904.3,4910.1,4899.1,4902.3,402.388
2026-02-05 08:45:00,1770281100000,4902.3,4902.5,4877.6,4890.4,870.64
2026-02-05 09:00:00,1770282000000,4890.4,4892.3,4844.2,4844.4,1578.002
2026-02-05 09:15:00,1770282900000,4844.4,4867.0,4837.2,4854.4,1151.822
2026-02-05 09:30:00,1770283800000,4854.4,4871.4,4854.4,4871.0,464.52
2026-02-05 09:45:00,1770284700000,4871.0,4873.7,4833.2,4836.7,630.363
2026-02-05 10:00:00,1770285600000,4836.7,4854.8,4832.8,4854.3,866.177
2026-02-05 10:15:00,1770286500000,4854.3,4857.8,4831.2,4843.5,505.732
2026-02-05 10:30:00,1770287400000,4843.5,4857.9,4835.2,4855.6,527.215
2026-02-05 10:45:00,1770288300000,4855.6,4866.0,4847.6,4855.8,589.184
2026-02-05 11:00:00,1770289200000,4855.8,4865.9,4855.7,4865.8,346.43
2026-02-05 11:15:00,1770290100000,4865.8,4870.8,4856.1,4865.6,427.605
2026-02-05 11:30:00,1770291000000,4865.6,4866.4,4846.6,4848.2,546.974
2026-02-05 11:45:00,1770291900000,4848.2,4860.3,4841.3,4843.2,521.42
2026-02-05 12:00:00,1770292800000,4843.2,4853.0,4811.9,4816.5,1112.117
2026-02-05 12:15:00,1770293700000,4816.5,4823.4,4786.7,4822.8,1409.023
2026-02-05 12:30:00,1770294600000,4822.8,4842.7,4818.3,4824.7,1219.423
2026-02-05 12:45:00,1770295500000,4824.7,4843.2,4818.9,4832.9,1193.452
2026-02-05 13:00:00,1770296400000,4832.9,4833.1,4782.4,4805.5,2372.611
2026-02-05 13:15:00,1770297300000,4805.5,4842.4,4805.5,4830.6,1025.589
2026-02-05 13:30:00,1770298200000,4830.6,4847.6,4804.0,4805.1,1292.701
2026-02-05 13:45:00,1770299100000,4805.1,4825.2,4802.2,4813.6,606.346
2026-02-05 14:00:00,1770300000000,4813.6,4829.2,4792.3,4794.4,913.178
2026-02-05 14:15:00,1770300900000,4794.4,4814.9,4790.9,4813.2,730.346
2026-02-05 14:30:00,1770301800000,4813.2,4843.7,4788.9,4840.0,1808.066
2026-02-05 14:45:00,1770302700000,4840.0,4849.9,4819.8,4825.0,1083.176
2026-02-05 15:00:00,1770303600000,4825.0,4842.4,4802.3,4806.5,2154.284
2026-02-05 15:15:00,1770304500000,4806.5,4822.8,4790.8,4795.6,1428.107
2026-02-05 15:30:00,1770305400000,4795.6,4815.9,4787.7,4790.6,1244.573
2026-02-05 15:45:00,1770306300000,4790.6,4803.0,4777.7,4794.9,924.34
2026-02-05 16:00:00,1770307200000,4794.9,4814.5,4790.3,4797.8,743.326
2026-02-05 16:15:00,1770308100000,4797.8,4832.5,4794.5,4827.5,827.952
2026-02-05 16:30:00,1770309000000,4827.5,4858.0,4823.3,4855.3,607.077
2026-02-05 16:45:00,1770309900000,4855.3,4883.9,4841.3,4866.3,1320.657
2026-02-05 17:00:00,1770310800000,4866.3,4866.9,4842.0,4851.9,758.648
2026-02-05 17:15:00,1770311700000,4851.9,4854.5,4836.4,4843.8,756.223
2026-02-05 17:30:00,1770312600000,4843.8,4853.1,4835.9,4845.2,514.425
2026-02-05 17:45:00,1770313500000,4845.2,4860.2,4837.9,4840.2,472.881
2026-02-05 18:00:00,1770314400000,4840.2,4846.9,4828.7,4834.4,515.548
2026-02-05 18:15:00,1770315300000,4834.4,4846.6,4823.4,4842.2,578.175
2026-02-05 18:30:00,1770316200000,4842.2,4844.7,4826.7,4841.6,518.665
2026-02-05 18:45:00,1770317100000,4841.6,4843.9,4824.4,4830.7,466.299
2026-02-05 19:00:00,1770318000000,4830.7,4836.9,4817.2,4822.9,718.672
2026-02-05 19:15:00,1770318900000,4822.9,4830.2,4819.4,4822.5,268.035
2026-02-05 19:30:00,1770319800000,4822.5,4825.1,4800.1,4808.4,921.552
2026-02-05 19:45:00,1770320700000,4808.4,4812.5,4793.2,4797.8,639.811
2026-02-05 20:00:00,1770321600000,4797.8,4808.9,4783.2,4799.2,751.159
2026-02-05 20:15:00,1770322500000,4799.2,4799.2,4773.1,4787.0,840.768
2026-02-05 20:30:00,1770323400000,4787.0,4791.9,4770.0,4773.9,480.438
2026-02-05 20:45:00,1770324300000,4773.9,4777.7,4754.2,4772.2,761.748
2026-02-05 21:00:00,1770325200000,4772.2,4786.0,4765.3,4768.2,826.088
2026-02-05 21:15:00,1770326100000,4768.2,4771.3,4752.0,4758.6,718.209
2026-02-05 21:30:00,1770327000000,4758.6,4760.0,4723.0,4727.2,2706.094
2026-02-05 21:45:00,1770327900000,4727.2,4742.4,4720.5,4740.4,640.521
2026-02-05 22:00:00,1770328800000,4740.4,4746.3,4732.1,4740.9,369.775
2026-02-05 22:15:00,1770329700000,4740.9,4743.4,4727.0,4741.1,451.582
2026-02-05 22:30:00,1770330600000,4741.1,4745.1,4735.7,4739.4,336.436
2026-02-05 22:45:00,1770331500000,4739.4,4744.7,4734.4,4738.5,116.321
2026-02-05 23:00:00,1770332400000,4738.5,4752.3,4724.9,4735.9,1662.997
2026-02-05 23:15:00,1770333300000,4735.9,4739.5,4711.3,4715.5,1198.137
2026-02-05 23:30:00,1770334200000,4715.5,4718.1,4694.6,4703.0,1172.987
2026-02-05 23:45:00,1770335100000,4703.0,4703.7,4661.2,4662.3,1801.604
2026-02-06 00:00:00,1770336000000,4662.3,4663.9,4622.9,4624.9,2083.389
2026-02-06 00:15:00,1770336900000,4624.9,4678.8,4594.8,4676.5,4139.948
2026-02-06 00:30:00,1770337800000,4676.5,4716.7,4662.5,4715.3,1768.64
2026-02-06 00:45:00,1770338700000,4715.3,4726.1,4698.6,4721.1,837.365
2026-02-06 01:00:00,1770339600000,4721.1,4723.4,4652.3,4707.5,3829.004
2026-02-06 01:15:00,1770340500000,4707.5,4721.6,4666.8,4673.4,2098.926
2026-02-06 01:30:00,1770341400000,4673.4,4705.6,4668.4,4699.9,1186.57
2026-02-06 01:45:00,1770342300000,4699.9,4741.0,4696.0,4730.4,958.954
2026-02-06 02:00:00,1770343200000,4730.4,4748.6,4718.1,4738.4,1060.043
2026-02-06 02:15:00,1770344100000,4738.4,4772.9,4735.0,4769.4,1134.629
2026-02-06 02:30:00,1770345000000,4769.4,4796.5,4760.1,4775.6,1918.924
2026-02-06 02:45:00,1770345900000,4775.6,4780.2,4759.3,4764.6,1136.68
2026-02-06 03:00:00,1770346800000,4764.6,4784.6,4756.7,4762.6,551.785
2026-02-06 03:15:00,1770347700000,4762.6,4774.6,4748.2,4760.3,779.917
2026-02-06 03:30:00,1770348600000,4760.3,4772.5,4747.3,4750.8,428.721
2026-02-06 03:45:00,1770349500000,4750.8,4769.5,4750.8,4769.0,459.395
2026-02-06 04:00:00,1770350400000,4769.0,4772.0,4760.8,4765.3,238.898
2026-02-06 04:15:00,1770351300000,4765.3,4775.7,4752.8,4774.2,392.959
2026-02-06 04:30:00,1770352200000,4774.2,4778.9,4767.8,4769.9,313.422
2026-02-06 04:45:00,1770353100000,4769.9,4771.7,4759.7,4762.8,190.088
2026-02-06 05:00:00,1770354000000,4762.8,4780.1,4757.9,4778.4,375.365
2026-02-06 05:15:00,1770354900000,4778.4,4805.7,4772.9,4805.2,555.149
2026-02-06 05:30:00,1770355800000,4805.2,4825.2,4793.4,4821.5,843.696
2026-02-06 05:45:00,1770356700000,4821.5,4853.2,4819.3,4853.2,1018.422
2026-02-06 06:00:00,1770357600000,4853.2,4858.3,4821.8,4822.2,1100.038
2026-02-06 06:15:00,1770358500000,4822.2,4827.4,4805.5,4810.4,1011.056
2026-02-06 06:30:00,1770359400000,4810.4,4820.3,4794.1,4800.7,543.929
2026-02-06 06:45:00,1770360300000,4800.7,4807.8,4781.3,4797.8,654.598
2026-02-06 07:00:00,1770361200000,4797.8,4808.3,4790.3,4805.2,654.4
2026-02-06 07:15:00,1770362100000,4805.2,4818.3,4799.9,4814.6,218.343
2026-02-06 07:30:00,1770363000000,4814.6,4815.4,4805.2,4811.7,261.663
2026-02-06 07:45:00,1770363900000,4811.7,4814.3,4796.5,4797.8,429.897
2026-02-06 08:00:00,1770364800000,4797.8,4813.1,4787.0,4809.9,549.156
2026-02-06 08:15:00,1770365700000,4809.9,4834.0,4809.9,4823.6,670.38
2026-02-06 08:30:00,1770366600000,4823.6,4836.0,4812.2,4817.2,622.704
2026-02-06 08:45:00,1770367500000,4817.2,4819.9,4809.0,4818.0,568.806
2026-02-06 09:00:00,1770368400000,4818.0,4824.5,4797.3,4800.9,750.152
2026-02-06 09:15:00,1770369300000,4800.9,4824.0,4799.2,4821.2,733.861
2026-02-06 09:30:00,1770370200000,4821.2,4829.4,4818.2,4818.9,432.814
2026-02-06 09:45:00,1770371100000,4818.9,4831.4,4816.8,4828.0,264.786
2026-02-06 10:00:00,1770372000000,4828.0,4838.8,4826.0,4829.3,338.029
2026-02-06 10:15:00,1770372900000,4829.3,4833.2,4812.3,4814.2,387.464
2026-02-06 10:30:00,1770373800000,4814.2,4834.3,4813.9,4833.0,302.955
2026-02-06 10:45:00,1770374700000,4833.0,4839.0,4827.0,4838.5,161.359
2026-02-06 11:00:00,1770375600000,4838.5,4849.7,4828.0,4845.3,606.141
2026-02-06 11:15:00,1770376500000,4845.3,4854.6,4841.1,4851.0,335.432
2026-02-06 11:30:00,1770377400000,4851.0,4855.8,4842.9,4848.5,422.15
2026-02-06 11:45:00,1770378300000,4848.5,4859.5,4845.3,4850.1,347.053
2026-02-06 12:00:00,1770379200000,4850.1,4867.1,4847.4,4858.7,635.232
2026-02-06 12:15:00,1770380100000,4858.7,4858.8,4836.5,4842.0,404.406
2026-02-06 12:30:00,1770381000000,4842.0,4855.2,4842.0,4854.2,402.754
2026-02-06 12:45:00,1770381900000,4854.2,4861.8,4854.2,4857.9,185.803
2026-02-06 13:00:00,1770382800000,4857.9,4884.8,4857.0,4874.4,935.279
2026-02-06 13:15:00,1770383700000,4874.4,4893.0,4871.3,4874.8,890.126
2026-02-06 13:30:00,1770384600000,4874.8,4899.3,4874.7,4894.0,613.447
2026-02-06 13:45:00,1770385500000,4894.0,4896.2,4885.9,4892.3,543.535
2026-02-06 14:00:00,1770386400000,4892.3,4894.7,4872.3,4883.2,554.796
2026-02-06 14:15:00,1770387300000,4883.2,4887.6,4857.3,4869.4,575.954
2026-02-06 14:30:00,1770388200000,4869.4,4911.6,4863.3,4897.7,1688.801
2026-02-06 14:45:00,1770389100000,4897.7,4915.7,4893.1,4914.2,873.419
2026-02-06 15:00:00,1770390000000,4914.2,4924.8,4903.9,4912.3,1574.705
2026-02-06 15:15:00,1770390900000,4912.3,4922.2,4898.8,4918.8,870.24
2026-02-06 15:30:00,1770391800000,4918.8,4921.5,4903.0,4907.2,772.231
2026-02-06 15:45:00,1770392700000,4907.2,4913.2,4892.3,4907.5,578.285
2026-02-06 16:00:00,1770393600000,4907.5,4915.2,4902.4,4906.9,303.38
2026-02-06 16:15:00,1770394500000,4906.9,4910.5,4890.7,4904.3,491.639
2026-02-06 16:30:00,1770395400000,4904.3,4913.2,4895.6,4907.2,411.595
2026-02-06 16:45:00,1770396300000,4907.2,4920.2,4906.9,4917.1,510.896
2026-02-06 17:00:00,1770397200000,4917.1,4923.1,4914.5,4919.5,391.151
2026-02-06 17:15:00,1770398100000,4919.5,4921.8,4915.3,4916.5,232.067
2026-02-06 17:30:00,1770399000000,4916.5,4932.5,4910.7,4915.3,410.947
2026-02-06 17:45:00,1770399900000,4915.3,4926.8,4915.2,4923.4,197.156
2026-02-06 18:00:00,1770400800000,4923.4,4929.2,4920.8,4923.2,315.074
2026-02-06 18:15:00,1770401700000,4923.2,4924.4,4902.0,4911.9,701.669
2026-02-06 18:30:00,1770402600000,4911.9,4923.4,4907.7,4921.4,238.839
2026-02-06 18:45:00,1770403500000,4921.4,4924.6,4916.0,4917.5,277.193
2026-02-06 19:00:00,1770404400000,4917.5,4919.2,4911.0,4918.0,98.539
2026-02-06 19:15:00,1770405300000,4918.0,4919.8,4915.3,4915.3,162.345
2026-02-06 19:30:00,1770406200000,4915.3,4915.7,4904.7,4906.2,149.152
2026-02-06 19:45:00,1770407100000,4906.2,4917.3,4905.7,4913.4,134.419
2026-02-06 20:00:00,1770408000000,4913.4,4915.4,4904.6,4907.0,113.65
2026-02-06 20:15:00,1770408900000,4907.0,4912.4,4901.3,4909.3,139.677
2026-02-06 20:30:00,1770409800000,4909.3,4909.3,4897.7,4900.0,447.601
2026-02-06 20:45:00,1770410700000,4900.0,4908.5,4897.2,4905.9,271.181
2026-02-06 21:00:00,1770411600000,4905.9,4909.5,4898.0,4901.6,113.507
2026-02-06 21:15:00,1770412500000,4901.6,4915.3,4900.5,4911.9,251.393
2026-02-06 21:30:00,1770413400000,4911.9,4920.8,4911.1,4917.4,124.544
2026-02-06 21:45:00,1770414300000,4917.4,4922.0,4914.8,4919.6,116.352
2026-02-06 22:00:00,1770415200000,4919.6,4928.6,4918.1,4919.0,248.364
2026-02-06 22:15:00,1770416100000,4919.0,4927.0,4918.6,4926.5,171.673
2026-02-06 22:30:00,1770417000000,4926.5,4931.1,4919.7,4919.7,121.312
2026-02-06 22:45:00,1770417900000,4919.7,4928.4,4918.9,4922.7,236.911
2026-02-06 23:00:00,1770418800000,4922.7,4930.2,4917.9,4918.0,303.607
2026-02-06 23:15:00,1770419700000,4918.0,4919.4,4911.6,4917.8,153.381
2026-02-06 23:30:00,1770420600000,4917.8,4921.7,4908.8,4910.2,309.479
2026-02-06 23:45:00,1770421500000,4910.2,4910.2,4905.0,4906.9,139.687
2026-02-07 00:00:00,1770422400000,4906.9,4907.3,4900.2,4900.7,186.111
2026-02-07 00:15:00,1770423300000,4900.7,4905.3,4897.0,4900.0,138.194
2026-02-07 00:30:00,1770424200000,4900.0,4900.0,4892.3,4893.8,205.414
2026-02-07 00:45:00,1770425100000,4893.8,4899.6,4888.2,4890.1,267.966
2026-02-07 01:00:00,1770426000000,4890.1,4892.0,4888.1,4889.8,143.447
2026-02-07 01:15:00,1770426900000,4889.8,4893.4,4885.0,4885.8,128.075
2026-02-07 01:30:00,1770427800000,4885.8,4893.7,4885.8,4892.0,60.098
2026-02-07 01:45:00,1770428700000,4892.0,4899.9,4892.0,4895.4,70.992
2026-02-07 02:00:00,1770429600000,4895.4,4896.3,4890.8,4896.0,77.715
2026-02-07 02:15:00,1770430500000,4896.0,4900.0,4893.0,4899.9,70.363
2026-02-07 02:30:00,1770431400000,4899.9,4900.0,4896.5,4896.6,23.902
2026-02-07 02:45:00,1770432300000,4896.6,4896.6,4894.1,4894.2,25.03
2026-02-07 03:00:00,1770433200000,4894.2,4894.5,4890.3,4891.5,107.311
2026-02-07 03:15:00,1770434100000,4891.5,4894.6,4890.9,4891.9,48.926
2026-02-07 03:30:00,1770435000000,4891.9,4892.0,4887.2,4888.7,83.741
2026-02-07 03:45:00,1770435900000,4888.7,4890.7,4885.7,4889.9,33.087
2026-02-07 04:00:00,1770436800000,4889.9,4898.8,4889.4,4898.7,84.192
2026-02-07 04:15:00,1770437700000,4898.7,4903.9,4897.4,4899.9,203.451
2026-02-07 04:30:00,1770438600000,4899.9,4903.5,4892.3,4892.4,103.473
2026-02-07 04:45:00,1770439500000,4892.4,4896.2,4892.3,4892.5,105.538
2026-02-07 05:00:00,1770440400000,4892.5,4896.0,4892.3,4895.1,67.165
2026-02-07 05:15:00,1770441300000,4895.1,4898.0,4893.8,4893.9,72.183
2026-02-07 05:30:00,1770442200000,4893.9,4897.7,4893.6,4893.6,24.263
2026-02-07 05:45:00,1770443100000,4893.6,4896.1,4890.5,4894.2,42.042
2026-02-07 06:00:00,1770444000000,4894.2,4894.7,4890.2,4894.0,89.642
2026-02-07 06:15:00,1770444900000,4894.0,4902.7,4892.4,4899.5,98.841
2026-02-07 06:30:00,1770445800000,4899.5,4908.3,4899.4,4907.8,115.395
2026-02-07 06:45:00,1770446700000,4907.8,4917.0,4902.2,4906.0,259.882
2026-02-07 07:00:00,1770447600000,4906.0,4910.0,4890.5,4890.7,210.627
2026-02-07 07:15:00,1770448500000,4890.7,4896.4,4887.3,4892.5,284.537
2026-02-07 07:30:00,1770449400000,4892.5,4903.8,4890.8,4903.4,138.053
2026-02-07 07:45:00,1770450300000,4903.4,4904.1,4899.4,4900.4,121.083
2026-02-07 08:00:00,1770451200000,4900.4,4907.4,4899.0,4907.3,67.777
2026-02-07 08:15:00,1770452100000,4907.3,4911.3,4902.8,4910.2,188.763
2026-02-07 08:30:00,1770453000000,4910.2,4913.7,4910.1,4912.3,115.083
2026-02-07 08:45:00,1770453900000,4912.3,4912.8,4899.1,4901.8,428.361
2026-02-07 09:00:00,1770454800000,4901.8,4908.6,4901.3,4908.2,56.605
2026-02-07 09:15:00,1770455700000,4908.2,4920.0,4906.2,4914.9,471.326
2026-02-07 09:30:00,1770456600000,4914.9,4914.9,4906.5,4910.5,50.533
2026-02-07 09:45:00,1770457500000,4910.5,4917.7,4910.4,4917.6,116.966
2026-02-07 10:00:00,1770458400000,4917.6,4917.6,4913.8,4916.8,37.9
2026-02-07 10:15:00,1770459300000,4916.8,4919.6,4914.3,4918.3,110.57
2026-02-07 10:30:00,1770460200000,4918.3,4918.5,4914.5,4915.9,65.302
2026-02-07 10:45:00,1770461100000,4915.9,4918.2,4914.0,4917.0,150.615
2026-02-07 11:00:00,1770462000000,4917.0,4918.7,4915.3,4916.0,59.134
2026-02-07 11:15:00,1770462900000,4916.0,4916.1,4910.6,4910.6,51.861
2026-02-07 11:30:00,1770463800000,4910.6,4912.0,4905.8,4905.8,134.029
2026-02-07 11:45:00,1770464700000,4905.8,4908.6,4905.8,4906.6,38.037
2026-02-07 12:00:00,1770465600000,4906.6,4918.5,4906.6,4918.4,175.68
2026-02-07 12:15:00,1770466500000,4918.4,4920.0,4915.8,4917.5,174.614
2026-02-07 12:30:00,1770467400000,4917.5,4919.4,4915.1,4915.2,74.649
2026-02-07 12:45:00,1770468300000,4915.2,4920.0,4915.1,4919.6,62.527
2026-02-07 13:00:00,1770469200000,4919.6,4922.2,4916.5,4918.4,89.139
2026-02-07 13:15:00,1770470100000,4918.4,4924.1,4917.4,4923.8,119.666
2026-02-07 13:30:00,1770471000000,4923.8,4924.0,4921.1,4921.6,38.799
2026-02-07 13:45:00,1770471900000,4921.6,4923.8,4920.8,4920.9,17.035
2026-02-07 14:00:00,1770472800000,4920.9,4928.2,4920.5,4927.5,83.165
2026-02-07 14:15:00,1770473700000,4927.5,4927.6,4922.4,4924.4,32.021
2026-02-07 14:30:00,1770474600000,4924.4,4924.5,4912.3,4916.6,180.799
2026-02-07 14:45:00,1770475500000,4916.6,4916.6,4912.3,4915.4,39.385
2026-02-07 15:00:00,1770476400000,4915.4,4921.4,4914.4,4921.3,52.765
2026-02-07 15:15:00,1770477300000,4921.3,4923.4,4918.5,4920.0,57.218
2026-02-07 15:30:00,1770478200000,4920.0,4922.1,4916.1,4916.9,94.956
2026-02-07 15:45:00,1770479100000,4916.9,4918.3,4915.8,4918.2,23.388
2026-02-07 16:00:00,1770480000000,4918.2,4923.2,4913.9,4919.2,680.298
2026-02-07 16:15:00,1770480900000,4919.2,4921.9,4911.2,4911.7,172.752
2026-02-07 16:30:00,1770481800000,4911.7,4915.2,4911.6,4913.0,62.144
2026-02-07 16:45:00,1770482700000,4913.0,4915.8,4909.1,4915.5,81.343
2026-02-07 17:00:00,1770483600000,4915.5,4920.0,4915.3,4916.8,64.048
2026-02-07 17:15:00,1770484500000,4916.8,4922.6,4915.2,4922.6,87.481
2026-02-07 17:30:00,1770485400000,4922.6,4922.6,4919.1,4920.5,24.378
2026-02-07 17:45:00,1770486300000,4920.5,4922.9,4920.4,4922.9,21.525
2026-02-07 18:00:00,1770487200000,4922.9,4923.2,4920.1,4921.4,20.35
2026-02-07 18:15:00,1770488100000,4921.4,4925.1,4920.2,4923.1,74.362
2026-02-07 18:30:00,1770489000000,4923.1,4926.8,4922.2,4922.3,90.26
2026-02-07 18:45:00,1770489900000,4922.3,4930.6,4922.1,4927.9,330.265
2026-02-07 19:00:00,1770490800000,4927.9,4932.8,4927.4,4930.4,79.2
2026-02-07 19:15:00,1770491700000,4930.4,4940.6,4930.3,4939.3,203.735
2026-02-07 19:30:00,1770492600000,4939.3,4940.6,4936.1,4940.4,58.026
2026-02-07 19:45:00,1770493500000,4940.4,4946.4,4940.4,4945.8,152.576
2026-02-07 20:00:00,1770494400000,4945.8,4951.8,4945.8,4951.6,128.628
2026-02-07 20:15:00,1770495300000,4951.6,4957.6,4949.4,4956.7,126.802
2026-02-07 20:30:00,1770496200000,4956.7,4962.5,4954.7,4955.6,406.012
2026-02-07 20:45:00,1770497100000,4955.6,4959.0,4955.4,4957.5,90.074
2026-02-07 21:00:00,1770498000000,4957.5,4962.0,4957.5,4962.0,60.354
2026-02-07 21:15:00,1770498900000,4962.0,4964.0,4961.9,4964.0,41.501
2026-02-07 21:30:00,1770499800000,4964.0,4964.6,4961.7,4964.6,87.044
2026-02-07 21:45:00,1770500700000,4964.6,4964.6,4962.1,4963.0,46.724
2026-02-07 22:00:00,1770501600000,4963.0,4964.6,4950.2,4950.6,159.586
2026-02-07 22:15:00,1770502500000,4950.6,4951.7,4945.4,4949.9,106.056
2026-02-07 22:30:00,1770503400000,4949.9,4950.8,4944.4,4950.7,71.326
2026-02-07 22:45:00,1770504300000,4950.7,4952.3,4946.8,4950.2,24.93
2026-02-07 23:00:00,1770505200000,4950.2,4950.2,4942.1,4949.2,92.09
2026-02-07 23:15:00,1770506100000,4949.2,4951.2,4943.8,4949.3,68.192
2026-02-07 23:30:00,1770507000000,4949.3,4953.4,4947.4,4953.4,33.52
2026-02-07 23:45:00,1770507900000,4953.4,4960.7,4952.8,4957.2,123.546
2026-02-08 00:00:00,1770508800000,4957.2,4961.2,4953.0,4959.3,95.25
2026-02-08 00:15:00,1770509700000,4959.3,4959.3,4954.0,4954.6,41.276
2026-02-08 00:30:00,1770510600000,4954.6,4955.0,4945.4,4951.5,122.89
2026-02-08 00:45:00,1770511500000,4951.5,4958.1,4949.4,4953.2,33.857
2026-02-08 01:00:00,1770512400000,4953.2,4955.9,4953.0,4953.7,17.579
2026-02-08 01:15:00,1770513300000,4953.7,4962.4,4951.7,4960.1,144.754
2026-02-08 01:30:00,1770514200000,4960.1,4963.5,4958.4,4963.4,58.776
2026-02-08 01:45:00,1770515100000,4963.4,4965.8,4962.4,4965.5,36.533
2026-02-08 02:00:00,1770516000000,4965.5,4965.6,4962.8,4962.9,78.472
2026-02-08 02:15:00,1770516900000,4962.9,4963.6,4960.6,4960.7,31.32
2026-02-08 02:30:00,1770517800000,4960.7,4960.7,4957.8,4959.2,36.062
2026-02-08 02:45:00,1770518700000,4959.2,4961.8,4956.5,4961.8,61.309
2026-02-08 03:00:00,1770519600000,4961.8,4962.5,4959.5,4961.6,27.45
2026-02-08 03:15:00,1770520500000,4961.6,4965.6,4959.5,4965.6,50.968
2026-02-08 03:30:00,1770521400000,4965.6,4968.1,4961.2,4967.5,135.228
2026-02-08 03:45:00,1770522300000,4967.5,4970.4,4964.4,4964.5,136.543
2026-02-08 04:00:00,1770523200000,4964.5,4967.0,4964.4,4964.7,26.797
2026-02-08 04:15:00,1770524100000,4964.7,4971.3,4963.6,4971.3,41.352
2026-02-08 04:30:00,1770525000000,4971.3,4971.5,4968.3,4970.8,58.063
2026-02-08 04:45:00,1770525900000,4970.8,4972.4,4968.9,4972.4,70.523
2026-02-08 05:00:00,1770526800000,4972.4,4974.0,4968.6,4973.7,116.798
2026-02-08 05:15:00,1770527700000,4973.7,4975.1,4972.6,4973.7,43.985
2026-02-08 05:30:00,1770528600000,4973.7,4979.5,4973.7,4979.4,106.683
2026-02-08 05:45:00,1770529500000,4979.4,4981.6,4978.9,4981.0,156.799
2026-02-08 06:00:00,1770530400000,4981.0,4982.0,4978.8,4980.5,187.623
2026-02-08 06:15:00,1770531300000,4980.5,4982.8,4978.2,4979.6,169.909
2026-02-08 06:30:00,1770532200000,4979.6,4982.2,4975.6,4982.1,74.383
2026-02-08 06:45:00,1770533100000,4982.1,4984.7,4980.2,4981.2,133.129
2026-02-08 07:00:00,1770534000000,4981.2,4981.8,4969.4,4978.1,251.916
2026-02-08 07:15:00,1770534900000,4978.1,4984.9,4972.0,4972.4,126.081
2026-02-08 07:30:00,1770535800000,4972.4,4973.3,4962.6,4966.2,141.305
2026-02-08 07:45:00,1770536700000,4966.2,4971.6,4965.0,4968.3,84.377
2026-02-08 08:00:00,1770537600000,4968.3,4974.6,4968.2,4971.2,70.654
2026-02-08 08:15:00,1770538500000,4971.2,4978.6,4971.1,4976.9,114.867
2026-02-08 08:30:00,1770539400000,4976.9,4981.6,4975.9,4978.7,113.743
2026-02-08 08:45:00,1770540300000,4978.7,4981.0,4977.2,4978.2,57.683
2026-02-08 09:00:00,1770541200000,4978.2,4978.3,4969.4,4971.6,85.001
2026-02-08 09:15:00,1770542100000,4971.6,4976.3,4970.7,4973.2,50.892
2026-02-08 09:30:00,1770543000000,4973.2,4975.8,4969.3,4973.0,93.315
2026-02-08 09:45:00,1770543900000,4973.0,4973.0,4969.8,4970.3,71.507
2026-02-08 10:00:00,1770544800000,4970.3,4974.7,4970.2,4971.1,26.699
2026-02-08 10:15:00,1770545700000,4971.1,4971.2,4958.4,4960.3,188.471
2026-02-08 10:30:00,1770546600000,4960.3,4967.5,4960.3,4967.5,57.109
2026-02-08 10:45:00,1770547500000,4967.5,4967.8,4959.0,4960.3,126.233
2026-02-08 11:00:00,1770548400000,4960.3,4965.8,4960.3,4962.3,67.009
2026-02-08 11:15:00,1770549300000,4962.3,4969.8,4958.4,4969.0,132.241
2026-02-08 11:30:00,1770550200000,4969.0,4971.0,4961.9,4962.1,99.603
2026-02-08 11:45:00,1770551100000,4962.1,4970.8,4962.0,4967.0,124.047
2026-02-08 12:00:00,1770552000000,4967.0,4969.4,4966.4,4967.7,44.083
2026-02-08 12:15:00,1770552900000,4967.7,4972.4,4967.7,4971.4,53.731
2026-02-08 12:30:00,1770553800000,4971.4,4972.3,4969.8,4970.8,31.289
2026-02-08 12:45:00,1770554700000,4970.8,4974.1,4970.8,4973.3,31.535
2026-02-08 13:00:00,1770555600000,4973.3,4976.6,4970.2,4976.6,48.018
2026-02-08 13:15:00,1770556500000,4976.6,4977.4,4974.7,4975.6,58.802
2026-02-08 13:30:00,1770557400000,4975.6,4975.6,4968.8,4970.2,81.737
2026-02-08 13:45:00,1770558300000,4970.2,4971.2,4970.0,4970.1,41.383
2026-02-08 14:00:00,1770559200000,4970.1,4970.1,4970.0,4970.1,22.225
2026-02-08 14:15:00,1770560100000,4970.1,4974.4,4961.0,4964.0,208.675
2026-02-08 14:30:00,1770561000000,4964.0,4967.4,4962.3,4962.3,98.506
2026-02-08 14:45:00,1770561900000,4962.3,4963.9,4961.0,4963.1,182.138
2026-02-08 15:00:00,1770562800000,4963.1,4967.6,4962.1,4964.0,78.803
2026-02-08 15:15:00,1770563700000,4964.0,4964.0,4959.0,4959.4,116.89
2026-02-08 15:30:00,1770564600000,4959.4,4965.8,4959.0,4965.3,97.492
2026-02-08 15:45:00,1770565500000,4965.3,4966.4,4959.8,4959.9,56.031
2026-02-08 16:00:00,1770566400000,4959.9,4968.2,4959.9,4965.6,146.235
2026-02-08 16:15:00,1770567300000,4965.6,4967.3,4965.0,4965.1,20.89
2026-02-08 16:30:00,1770568200000,4965.1,4966.0,4963.0,4964.1,60.122
2026-02-08 16:45:00,1770569100000,4964.1,4966.4,4961.3,4962.3,60.647
2026-02-08 17:00:00,1770570000000,4962.3,4967.0,4962.2,4963.9,31.69
2026-02-08 17:15:00,1770570900000,4963.9,4968.3,4963.6,4963.7,51.698
2026-02-08 17:30:00,1770571800000,4963.7,4965.3,4961.0,4965.3,35.332
2026-02-08 17:45:00,1770572700000,4965.3,4967.4,4965.2,4967.3,44.479
2026-02-08 18:00:00,1770573600000,4967.3,4967.3,4965.2,4966.0,23.628
2026-02-08 18:15:00,1770574500000,4966.0,4968.0,4965.9,4968.0,20.516
2026-02-08 18:30:00,1770575400000,4968.0,4969.8,4966.6,4969.8,24.849
2026-02-08 18:45:00,1770576300000,4969.8,4971.5,4969.7,4971.0,60.635
2026-02-08 19:00:00,1770577200000,4971.0,4971.1,4969.7,4970.3,38.124
2026-02-08 19:15:00,1770578100000,4970.3,4974.0,4970.0,4974.0,33.186
2026-02-08 19:30:00,1770579000000,4974.0,4975.0,4970.6,4971.1,56.498
2026-02-08 19:45:00,1770579900000,4971.1,4975.8,4971.0,4972.7,46.539
2026-02-08 20:00:00,1770580800000,4972.7,4982.5,4972.6,4977.7,185.783
2026-02-08 20:15:00,1770581700000,4977.7,4980.3,4974.1,4978.7,81.867
2026-02-08 20:30:00,1770582600000,4978.7,4982.8,4978.4,4979.4,122.039
2026-02-08 20:45:00,1770583500000,4979.4,4979.4,4974.2,4976.9,52.041
2026-02-08 21:00:00,1770584400000,4976.9,4979.9,4975.5,4979.4,89.577
2026-02-08 21:15:00,1770585300000,4979.4,4981.2,4977.4,4978.2,57.606
2026-02-08 21:30:00,1770586200000,4978.2,4978.5,4977.0,4977.8,47.887
2026-02-08 21:45:00,1770587100000,4977.8,4980.5,4976.3,4978.7,37.899
2026-02-08 22:00:00,1770588000000,4978.7,4982.7,4978.6,4982.0,51.746
2026-02-08 22:15:00,1770588900000,4982.0,4987.6,4980.8,4984.1,250.695
2026-02-08 22:30:00,1770589800000,4984.1,4987.9,4981.7,4984.4,207.493
2026-02-08 22:45:00,1770590700000,4984.4,4985.2,4979.7,4982.1,122.297
2026-02-08 23:00:00,1770591600000,4982.1,4982.1,4941.8,4959.8,2367.704
2026-02-08 23:15:00,1770592500000,4959.8,5000.0,4957.3,4999.3,1791.015
2026-02-08 23:30:00,1770593400000,4999.3,5013.7,4992.9,5012.5,1288.462
2026-02-08 23:45:00,1770594300000,5012.5,5021.3,5007.7,5012.4,675.292
2026-02-09 00:00:00,1770595200000,5012.4,5021.7,5001.8,5008.0,713.389
2026-02-09 00:15:00,1770596100000,5008.0,5018.3,5002.2,5011.8,622.217
2026-02-09 00:30:00,1770597000000,5011.8,5014.2,4997.4,5005.2,474.784
2026-02-09 00:45:00,1770597900000,5005.2,5005.3,4988.6,4992.7,650.903
2026-02-09 01:00:00,1770598800000,4992.7,5012.0,4975.3,4986.8,999.271
2026-02-09 01:15:00,1770599700000,4986.8,5002.8,4983.8,4989.2,496.802
2026-02-09 01:30:00,1770600600000,4989.2,4992.6,4948.2,4975.3,1259.304
2026-02-09 01:45:00,1770601500000,4975.3,4977.3,4951.1,4952.0,664.925
2026-02-09 02:00:00,1770602400000,4952.0,4968.7,4935.4,4966.8,885.384
2026-02-09 02:15:00,1770603300000,4966.8,4970.7,4958.2,4969.4,242.352
2026-02-09 02:30:00,1770604200000,4969.4,4976.0,4962.0,4967.7,336.945
2026-02-09 02:45:00,1770605100000,4967.7,4988.4,4960.1,4974.8,492.213
2026-02-09 03:00:00,1770606000000,4974.8,4988.0,4974.3,4988.0,206.155
2026-02-09 03:15:00,1770606900000,4988.0,4994.1,4980.2,4992.6,260.081
2026-02-09 03:30:00,1770607800000,4992.6,4999.2,4986.3,4993.3,213.779
2026-02-09 03:45:00,1770608700000,4993.3,4996.4,4982.5,4986.9,357.868
2026-02-09 04:00:00,1770609600000,4986.9,4993.2,4982.4,4984.2,86.894
2026-02-09 04:15:00,1770610500000,4984.2,4994.8,4980.8,4987.5,148.368
2026-02-09 04:30:00,1770611400000,4987.5,4993.3,4985.5,4990.4,61.686
2026-02-09 04:45:00,1770612300000,4990.4,4990.9,4980.1,4983.8,86.951
2026-02-09 05:00:00,1770613200000,4983.8,4989.4,4981.9,4985.1,35.742
2026-02-09 05:15:00,1770614100000,4985.1,5001.7,4985.1,5000.1,108.67
2026-02-09 05:30:00,1770615000000,5000.1,5011.0,4996.2,5004.6,289.146
2026-02-09 05:45:00,1770615900000,5004.6,5009.2,4997.2,5007.6,143.261
2026-02-09 06:00:00,1770616800000,5007.6,5012.6,5002.1,5004.7,200.388
2026-02-09 06:15:00,1770617700000,5004.7,5006.5,4988.1,4997.9,258.998
2026-02-09 06:30:00,1770618600000,4997.9,5006.4,4992.2,5005.7,168.353
2026-02-09 06:45:00,1770619500000,5005.7,5009.0,4998.8,5001.3,143.752
2026-02-09 07:00:00,1770620400000,5001.3,5001.3,4982.4,4986.6,302.868
2026-02-09 07:15:00,1770621300000,4986.6,4987.6,4971.7,4979.0,607.499
2026-02-09 07:30:00,1770622200000,4979.0,4986.0,4977.9,4982.8,275.545
2026-02-09 07:45:00,1770623100000,4982.8,4982.8,4970.7,4976.3,82.588
2026-02-09 08:00:00,1770624000000,4976.3,4992.4,4974.2,4991.7,261.334
2026-02-09 08:15:00,1770624900000,4991.7,5002.5,4991.7,4998.3,290.356
2026-02-09 08:30:00,1770625800000,4998.3,5001.1,4992.0,4999.1,319.242
2026-02-09 08:45:00,1770626700000,4999.1,5006.1,4995.5,4999.7,172.053
2026-02-09 09:00:00,1770627600000,4999.7,5011.3,4996.6,4996.9,218.542
2026-02-09 09:15:00,1770628500000,4996.9,4999.4,4990.8,4997.3,168.525
2026-02-09 09:30:00,1770629400000,4997.3,5000.7,4985.2,4988.7,363.56
2026-02-09 09:45:00,1770630300000,4988.7,4989.8,4977.5,4982.5,283.46
2026-02-09 10:00:00,1770631200000,4982.5,4987.1,4970.0,4984.5,355.089
2026-02-09 10:15:00,1770632100000,4984.5,4988.1,4960.1,4963.4,443.834
2026-02-09 10:30:00,1770633000000,4963.4,4971.2,4956.3,4958.4,497.53
2026-02-09 10:45:00,1770633900000,4958.4,4972.7,4955.0,4964.9,288.393
2026-02-09 11:00:00,1770634800000,4964.9,4972.2,4962.1,4966.4,209.447
2026-02-09 11:15:00,1770635700000,4966.4,4979.9,4965.2,4979.9,219.325
2026-02-09 11:30:00,1770636600000,4979.9,4986.2,4975.3,4982.4,174.162
2026-02-09 11:45:00,1770637500000,4982.4,4991.9,4981.4,4985.2,187.26
2026-02-09 12:00:00,1770638400000,4985.2,4994.8,4983.3,4992.7,200.638
2026-02-09 12:15:00,1770639300000,4992.7,4994.2,4986.1,4988.8,117.503
2026-02-09 12:30:00,1770640200000,4988.8,4997.1,4984.7,4992.6,178.424
2026-02-09 12:45:00,1770641100000,4992.6,4996.2,4983.8,4989.1,268.026
2026-02-09 13:00:00,1770642000000,4989.1,5002.4,4985.8,4999.9,384.685
2026-02-09 13:15:00,1770642900000,4999.9,5002.4,4982.5,4983.2,425.15
2026-02-09 13:30:00,1770643800000,4983.2,4991.4,4974.9,4978.1,235.027
2026-02-09 13:45:00,1770644700000,4978.1,4987.6,4975.9,4983.8,239.463
2026-02-09 14:00:00,1770645600000,4983.8,4992.8,4979.2,4988.8,592.589
2026-02-09 14:15:00,1770646500000,4988.8,5000.5,4988.7,4996.8,425.774
2026-02-09 14:30:00,1770647400000,4996.8,5010.3,4992.1,5010.0,739.45
2026-02-09 14:45:00,1770648300000,5010.0,5018.6,5008.8,5016.1,829.427
2026-02-09 15:00:00,1770649200000,5016.1,5019.1,5005.1,5006.5,312.791
2026-02-09 15:15:00,1770650100000,5006.5,5010.0,5000.7,5006.7,292.594
2026-02-09 15:30:00,1770651000000,5006.7,5034.7,5006.7,5034.6,714.866
2026-02-09 15:45:00,1770651900000,5034.6,5038.7,5031.2,5034.1,543.282
2026-02-09 16:00:00,1770652800000,5034.1,5044.9,5034.0,5043.0,396.46
2026-02-09 16:15:00,1770653700000,5043.0,5058.4,5042.9,5052.2,695.821
2026-02-09 16:30:00,1770654600000,5052.2,5059.0,5047.2,5059.0,232.038
2026-02-09 16:45:00,1770655500000,5059.0,5061.9,5054.1,5054.5,788.654
2026-02-09 17:00:00,1770656400000,5054.5,5056.6,5044.1,5046.9,260.285
2026-02-09 17:15:00,1770657300000,5046.9,5053.8,5046.8,5049.1,152.79
2026-02-09 17:30:00,1770658200000,5049.1,5051.6,5045.4,5045.9,186.36
2026-02-09 17:45:00,1770659100000,5045.9,5047.2,5029.1,5033.7,768.256
2026-02-09 18:00:00,1770660000000,5033.7,5046.7,5033.7,5046.7,413.647
2026-02-09 18:15:00,1770660900000,5046.7,5048.9,5033.9,5040.1,495.548
2026-02-09 18:30:00,1770661800000,5040.1,5045.4,5034.5,5043.1,105.706
2026-02-09 18:45:00,1770662700000,5043.1,5050.0,5038.4,5048.3,76.014
2026-02-09 19:00:00,1770663600000,5048.3,5052.9,5048.3,5051.0,254.092
2026-02-09 19:15:00,1770664500000,5051.0,5056.1,5050.3,5056.0,152.032
2026-02-09 19:30:00,1770665400000,5056.0,5060.0,5053.6,5057.0,255.818
2026-02-09 19:45:00,1770666300000,5057.0,5058.5,5054.0,5054.3,149.48
2026-02-09 20:00:00,1770667200000,5054.3,5064.4,5054.0,5062.6,285.338
2026-02-09 20:15:00,1770668100000,5062.6,5063.8,5058.6,5063.2,112.377
2026-02-09 20:30:00,1770669000000,5063.2,5071.2,5057.6,5063.6,426.947
2026-02-09 20:45:00,1770669900000,5063.6,5063.8,5058.0,5060.8,171.887
2026-02-09 21:00:00,1770670800000,5060.8,5063.9,5048.4,5048.4,339.181
2026-02-09 21:15:00,1770671700000,5048.4,5051.5,5036.1,5041.0,307.946
2026-02-09 21:30:00,1770672600000,5041.0,5052.5,5038.6,5048.3,201.505
2026-02-09 21:45:00,1770673500000,5048.3,5052.1,5045.7,5047.5,108.645
2026-02-09 22:00:00,1770674400000,5047.5,5048.5,5042.7,5044.8,66.204
2026-02-09 22:15:00,1770675300000,5044.8,5047.5,5042.4,5047.4,34.944
2026-02-09 22:30:00,1770676200000,5047.4,5050.7,5042.7,5047.3,112.382
2026-02-09 22:45:00,1770677100000,5047.3,5048.3,5042.1,5043.6,39.141
2026-02-09 23:00:00,1770678000000,5043.6,5057.7,4961.2,4992.5,3491.479
2026-02-09 23:15:00,1770678900000,4992.5,5009.3,4983.1,5003.0,1571.824
2026-02-09 23:30:00,1770679800000,5003.0,5021.5,4993.1,5021.2,880.762
2026-02-09 23:45:00,1770680700000,5021.2,5023.6,5010.6,5012.8,517.545
2026-02-10 00:00:00,1770681600000,5012.8,5027.8,5012.5,5016.8,606.574
2026-02-10 00:15:00,1770682500000,5016.8,5023.8,5013.3,5015.1,239.741
2026-02-10 00:30:00,1770683400000,5015.1,5023.3,4997.1,5005.6,919.121
2026-02-10 00:45:00,1770684300000,5005.6,5006.5,4990.7,4999.6,402.863
2026-02-10 01:00:00,1770685200000,4999.6,5014.0,4994.3,5009.7,504.675
2026-02-10 01:15:00,1770686100000,5009.7,5014.6,4995.9,5000.7,397.2
2026-02-10 01:30:00,1770687000000,5000.7,5013.9,4999.0,5010.6,398.837
2026-02-10 01:45:00,1770687900000,5010.6,5016.0,5007.0,5013.0,252.839
2026-02-10 02:00:00,1770688800000,5013.0,5023.6,5010.6,5021.1,166.496
2026-02-10 02:15:00,1770689700000,5021.1,5034.4,5018.4,5028.1,356.181
2026-02-10 02:30:00,1770690600000,5028.1,5031.4,5023.0,5029.4,118.963
2026-02-10 02:45:00,1770691500000,5029.4,5031.3,5015.7,5020.3,159.868
2026-02-10 03:00:00,1770692400000,5020.3,5020.8,5009.1,5009.7,199.492
2026-02-10 03:15:00,1770693300000,5009.7,5009.8,5000.4,5002.8,284.252
2026-02-10 03:30:00,1770694200000,5002.8,5012.7,5001.2,5005.3,250.392
2026-02-10 03:45:00,1770695100000,5005.3,5010.4,4996.6,5009.2,306.038
2026-02-10 04:00:00,1770696000000,5009.2,5010.0,5000.1,5006.4,134.413
2026-02-10 04:15:00,1770696900000,5006.4,5012.4,5005.0,5011.0,83.943
2026-02-10 04:30:00,1770697800000,5011.0,5011.0,5005.4,5008.9,76.778
2026-02-10 04:45:00,1770698700000,5008.9,5016.5,5007.8,5014.5,67.305
2026-02-10 05:00:00,1770699600000,5014.5,5016.9,5010.7,5013.5,82.246
2026-02-10 05:15:00,1770700500000,5013.5,5013.5,4995.2,5001.8,156.08
2026-02-10 05:30:00,1770701400000,5001.8,5013.5,4997.3,5013.5,175.802
2026-02-10 05:45:00,1770702300000,5013.5,5022.5,5013.5,5021.1,256.817
2026-02-10 06:00:00,1770703200000,5021.1,5026.9,5015.9,5017.7,262.645
2026-02-10 06:15:00,1770704100000,5017.7,5019.5,5013.1,5013.9,152.468
2026-02-10 06:30:00,1770705000000,5013.9,5019.4,5008.1,5009.3,267.025
2026-02-10 06:45:00,1770705900000,5009.3,5014.8,5001.4,5004.4,190.909
2026-02-10 07:00:00,1770706800000,5004.4,5014.2,5000.1,5008.3,101.68
2026-02-10 07:15:00,1770707700000,5008.3,5011.1,5000.8,5004.7,87.671
2026-02-10 07:30:00,1770708600000,5004.7,5011.5,5004.2,5006.9,77.779
2026-02-10 07:45:00,1770709500000,5006.9,5013.8,5005.4,5012.4,70.46
2026-02-10 08:00:00,1770710400000,5012.4,5018.7,5008.1,5012.1,125.12
2026-02-10 08:15:00,1770711300000,5012.1,5019.0,5011.6,5014.8,118.452
2026-02-10 08:30:00,1770712200000,5014.8,5028.2,5014.4,5028.0,187.997
2026-02-10 08:45:00,1770713100000,5028.0,5032.3,5020.0,5022.2,227.378
2026-02-10 09:00:00,1770714000000,5022.2,5039.9,5021.8,5030.4,186.213
2026-02-10 09:15:00,1770714900000,5030.4,5035.1,5025.0,5033.0,77.405
2026-02-10 09:30:00,1770715800000,5033.0,5033.2,5025.6,5028.6,204.448
2026-02-10 09:45:00,1770716700000,5028.6,5029.5,5021.9,5026.2,132.225
2026-02-10 10:00:00,1770717600000,5026.2,5031.5,5020.5,5021.2,101.676
2026-02-10 10:15:00,1770718500000,5021.2,5030.0,5017.4,5027.2,139.297
2026-02-10 10:30:00,1770719400000,5027.2,5037.1,5026.4,5033.1,169.4
2026-02-10 10:45:00,1770720300000,5033.1,5034.6,5024.4,5026.7,108.825
2026-02-10 11:00:00,1770721200000,5026.7,5031.7,5024.2,5028.8,39.77
2026-02-10 11:15:00,1770722100000,5028.8,5030.4,5024.7,5027.0,99.787
2026-02-10 11:30:00,1770723000000,5027.0,5031.4,5024.5,5024.5,110.469
2026-02-10 11:45:00,1770723900000,5024.5,5034.0,5023.0,5032.4,119.297
2026-02-10 12:00:00,1770724800000,5032.4,5034.2,5019.6,5022.9,213.248
2026-02-10 12:15:00,1770725700000,5022.9,5028.9,5021.9,5025.0,145.646
2026-02-10 12:30:00,1770726600000,5025.0,5027.1,4999.7,5006.6,521.28
2026-02-10 12:45:00,1770727500000,5006.6,5012.8,4999.1,5009.2,545.199
2026-02-10 13:00:00,1770728400000,5009.2,5018.2,5006.0,5018.0,168.085
2026-02-10 13:15:00,1770729300000,5018.0,5023.0,5010.2,5012.6,337.822
2026-02-10 13:30:00,1770730200000,5012.6,5033.9,5012.6,5026.8,605.166
2026-02-10 13:45:00,1770731100000,5026.8,5030.3,5024.1,5024.9,192.224
2026-02-10 14:00:00,1770732000000,5024.9,5033.1,5022.1,5030.8,122.492
2026-02-10 14:15:00,1770732900000,5030.8,5048.8,5030.8,5046.6,776.35
2026-02-10 14:30:00,1770733800000,5046.6,5055.0,5026.5,5029.8,741.094
2026-02-10 14:45:00,1770734700000,5029.8,5029.8,4996.3,5014.9,1000.019
2026-02-10 15:00:00,1770735600000,5014.9,5018.0,5005.0,5016.5,369.709
2026-02-10 15:15:00,1770736500000,5016.5,5021.5,5009.0,5009.4,244.966
2026-02-10 15:30:00,1770737400000,5009.4,5012.1,4978.4,4995.8,1858.999
2026-02-10 15:45:00,1770738300000,4995.8,5008.2,4995.3,4998.4,348.679
2026-02-10 16:00:00,1770739200000,4998.4,5005.5,4990.3,5003.4,284.582
2026-02-10 16:15:00,1770740100000,5003.4,5006.0,4990.0,4992.8,259.716
2026-02-10 16:30:00,1770741000000,4992.8,5002.8,4991.6,5000.0,239.692
2026-02-10 16:45:00,1770741900000,5000.0,5004.7,4995.1,5001.2,71.657
2026-02-10 17:00:00,1770742800000,5001.2,5005.2,5000.4,5002.3,91.313
2026-02-10 17:15:00,1770743700000,5002.3,5014.9,5002.3,5013.0,131.349
2026-02-10 17:30:00,1770744600000,5013.0,5016.4,5009.5,5015.7,58.531
2026-02-10 17:45:00,1770745500000,5015.7,5016.4,5001.3,5004.2,104.558
2026-02-10 18:00:00,1770746400000,5004.2,5005.0,4991.8,4994.7,90.131
2026-02-10 18:15:00,1770747300000,4994.7,4995.5,4983.9,4987.6,223.04
2026-02-10 18:30:00,1770748200000,4987.6,4994.3,4985.3,4994.3,127.964
2026-02-10 18:45:00,1770749100000,4994.3,4995.2,4986.2,4991.4,78.244
2026-02-10 19:00:00,1770750000000,4991.4,4993.9,4988.0,4990.7,141.413
2026-02-10 19:15:00,1770750900000,4990.7,4998.7,4990.7,4998.4,96.811
2026-02-10 19:30:00,1770751800000,4998.4,5006.5,4998.3,5000.3,186.686
2026-02-10 19:45:00,1770752700000,5000.3,5005.6,5000.2,5003.8,49.553
2026-02-10 20:00:00,1770753600000,5003.8,5004.6,4996.9,5001.4,137.977
2026-02-10 20:15:00,1770754500000,5001.4,5008.9,4998.8,5002.9,100.348
2026-02-10 20:30:00,1770755400000,5002.9,5010.2,5002.9,5010.2,41.542
2026-02-10 20:45:00,1770756300000,5010.2,5019.6,5002.9,5004.3,254.751
2026-02-10 21:00:00,1770757200000,5004.3,5006.0,5000.0,5003.2,37.407
2026-02-10 21:15:00,1770758100000,5003.2,5004.1,4997.3,4999.4,50.213
2026-02-10 21:30:00,1770759000000,4999.4,5000.6,4996.4,4997.1,21.818
2026-02-10 21:45:00,1770759900000,4997.1,5000.6,4993.9,4998.2,69.385
2026-02-10 22:00:00,1770760800000,4998.2,5000.9,4995.0,4997.0,70.47
2026-02-10 22:15:00,1770761700000,4997.0,4999.4,4995.0,4999.4,44.599
2026-02-10 22:30:00,1770762600000,4999.4,5006.6,4999.4,5005.6,60.15
2026-02-10 22:45:00,1770763500000,5005.6,5007.5,5002.4,5003.4,33.368
2026-02-10 23:00:00,1770764400000,5003.4,5011.7,5003.4,5008.5,192.664
2026-02-10 23:15:00,1770765300000,5008.5,5025.0,5008.4,5019.2,405.021
2026-02-10 23:30:00,1770766200000,5019.2,5019.6,5011.3,5015.2,111.028
2026-02-10 23:45:00,1770767100000,5015.2,5019.2,5010.2,5012.5,62.894
2026-02-11 00:00:00,1770768000000,5012.5,5015.9,5003.3,5006.8,219.082
2026-02-11 00:15:00,1770768900000,5006.8,5012.4,5002.1,5012.2,248.823
2026-02-11 00:30:00,1770769800000,5012.2,5020.6,5012.1,5013.4,111.874
2026-02-11 00:45:00,1770770700000,5013.4,5014.4,5007.1,5009.7,161.485
2026-02-11 01:00:00,1770771600000,5009.7,5017.7,5004.5,5013.0,221.972
2026-02-11 01:15:00,1770772500000,5013.0,5015.5,5006.7,5009.4,96.633
2026-02-11 01:30:00,1770773400000,5009.4,5015.6,5004.8,5014.8,200.009
2026-02-11 01:45:00,1770774300000,5014.8,5023.4,5011.5,5022.2,165.408
2026-02-11 02:00:00,1770775200000,5022.2,5028.1,5008.0,5009.2,215.812
2026-02-11 02:15:00,1770776100000,5009.2,5017.4,5006.3,5014.0,123.004
2026-02-11 02:30:00,1770777000000,5014.0,5023.8,5013.1,5023.0,96.281
2026-02-11 02:45:00,1770777900000,5023.0,5026.6,5021.1,5025.0,100.104
2026-02-11 03:00:00,1770778800000,5025.0,5026.2,5020.4,5020.4,51.348
2026-02-11 03:15:00,1770779700000,5020.4,5028.1,5016.6,5026.4,205.108
2026-02-11 03:30:00,1770780600000,5026.4,5031.3,5023.6,5028.3,99.148
2026-02-11 03:45:00,1770781500000,5028.3,5031.2,5024.8,5026.0,131.717
2026-02-11 04:00:00,1770782400000,5026.0,5029.7,5011.5,5024.1,1429.279
2026-02-11 04:15:00,1770783300000,5024.1,5026.0,5023.1,5025.0,179.1
2026-02-11 04:30:00,1770784200000,5025.0,5025.9,5016.9,5017.0,187.171
2026-02-11 04:45:00,1770785100000,5017.0,5022.7,5014.0,5014.0,115.267
2026-02-11 05:00:00,1770786000000,5014.0,5017.7,5012.2,5017.0,66.957
2026-02-11 05:15:00,1770786900000,5017.0,5020.6,5014.6,5020.6,87.996
2026-02-11 05:30:00,1770787800000,5020.6,5029.6,5020.6,5028.1,140.296
2026-02-11 05:45:00,1770788700000,5028.1,5028.1,5014.1,5019.1,88.243
2026-02-11 06:00:00,1770789600000,5019.1,5024.1,5016.7,5020.3,71.728
2026-02-11 06:15:00,1770790500000,5020.3,5028.2,5019.6,5024.6,244.054
2026-02-11 06:30:00,1770791400000,5024.6,5026.8,5020.3,5021.4,167.221
2026-02-11 06:45:00,1770792300000,5021.4,5031.7,5019.4,5031.7,196.987
2026-02-11 07:00:00,1770793200000,5031.7,5035.3,5026.0,5027.9,231.889
2026-02-11 07:15:00,1770794100000,5027.9,5033.0,5021.7,5027.2,168.165
2026-02-11 07:30:00,1770795000000,5027.2,5029.1,5024.7,5026.0,132.681
2026-02-11 07:45:00,1770795900000,5026.0,5027.6,5021.4,5026.8,80.988
2026-02-11 08:00:00,1770796800000,5026.8,5031.0,5023.8,5024.7,187.392
2026-02-11 08:15:00,1770797700000,5024.7,5027.6,5022.5,5024.2,122.751
2026-02-11 08:30:00,1770798600000,5024.2,5026.6,5019.3,5026.6,259.852
2026-02-11 08:45:00,1770799500000,5026.6,5027.6,5024.5,5027.2,85.305
2026-02-11 09:00:00,1770800400000,5027.2,5029.0,5021.0,5026.0,119.56
2026-02-11 09:15:00,1770801300000,5026.0,5029.9,5025.0,5029.7,183.431
2026-02-11 09:30:00,1770802200000,5029.7,5039.0,5029.0,5038.2,264.827
2026-02-11 09:45:00,1770803100000,5038.2,5046.0,5034.6,5037.8,295.185
2026-02-11 10:00:00,1770804000000,5037.8,5045.2,5037.7,5044.1,195.414
2026-02-11 10:15:00,1770804900000,5044.1,5051.0,5043.5,5045.9,392.379
2026-02-11 10:30:00,1770805800000,5045.9,5077.4,5044.3,5074.5,1192.258
2026-02-11 10:45:00,1770806700000,5074.5,5075.5,5066.1,5067.5,653.196
2026-02-11 11:00:00,1770807600000,5067.5,5070.7,5058.3,5065.3,273.993
2026-02-11 11:15:00,1770808500000,5065.3,5084.4,5065.2,5084.2,589.522
2026-02-11 11:30:00,1770809400000,5084.2,5085.9,5079.0,5085.4,744.569
2026-02-11 11:45:00,1770810300000,5085.4,5093.0,5085.3,5090.4,475.366
2026-02-11 12:00:00,1770811200000,5090.4,5097.8,5078.3,5085.4,503.305
2026-02-11 12:15:00,1770812100000,5085.4,5085.8,5066.2,5074.0,483.553
2026-02-11 12:30:00,1770813000000,5074.0,5077.5,5030.6,5046.7,1733.889
2026-02-11 12:45:00,1770813900000,5046.7,5061.8,5043.6,5061.5,476.336
2026-02-11 13:00:00,1770814800000,5061.5,5063.6,5051.2,5058.9,528.164
2026-02-11 13:15:00,1770815700000,5058.9,5066.9,5041.1,5060.4,427.871
2026-02-11 13:30:00,1770816600000,5060.4,5061.4,4999.6,5036.2,2505.587
2026-02-11 13:45:00,1770817500000,5036.2,5047.6,5032.1,5041.6,651.147
2026-02-11 14:00:00,1770818400000,5041.6,5054.6,5038.1,5049.6,555.507
2026-02-11 14:15:00,1770819300000,5049.6,5057.8,5039.4,5044.5,352.021
2026-02-11 14:30:00,1770820200000,5044.5,5048.3,5010.6,5017.7,744.231
2026-02-11 14:45:00,1770821100000,5017.7,5038.8,5016.5,5034.1,493.039
2026-02-11 15:00:00,1770822000000,5034.1,5053.7,5028.3,5038.9,510.873
2026-02-11 15:15:00,1770822900000,5038.9,5046.1,5019.4,5025.0,404.341
2026-02-11 15:30:00,1770823800000,5025.0,5032.6,5016.4,5026.1,404.071
2026-02-11 15:45:00,1770824700000,5026.1,5037.0,5022.6,5034.2,319.575
2026-02-11 16:00:00,1770825600000,5034.2,5040.7,5029.8,5033.9,207.576
2026-02-11 16:15:00,1770826500000,5033.9,5037.5,5020.3,5037.5,347.96
2026-02-11 16:30:00,1770827400000,5037.5,5051.9,5033.2,5048.1,328.666
2026-02-11 16:45:00,1770828300000,5048.1,5051.0,5046.1,5050.4,152.112
2026-02-11 17:00:00,1770829200000,5050.4,5061.9,5046.0,5061.0,557.01
2026-02-11 17:15:00,1770830100000,5061.0,5069.7,5058.0,5064.4,263.224
2026-02-11 17:30:00,1770831000000,5064.4,5072.9,5058.3,5071.8,289.525
2026-02-11 17:45:00,1770831900000,5071.8,5071.9,5064.0,5065.9,161.524
2026-02-11 18:00:00,1770832800000,5065.9,5067.4,5044.7,5050.2,389.439
2026-02-11 18:15:00,1770833700000,5050.2,5056.0,5047.2,5049.6,199.829
2026-02-11 18:30:00,1770834600000,5049.6,5060.4,5047.8,5056.8,255.408
2026-02-11 18:45:00,1770835500000,5056.8,5060.2,5054.7,5057.8,119.019
2026-02-11 19:00:00,1770836400000,5057.8,5068.6,5057.8,5064.6,244.356
2026-02-11 19:15:00,1770837300000,5064.6,5069.3,5062.8,5066.0,138.977
2026-02-11 19:30:00,1770838200000,5066.0,5066.0,5057.6,5061.0,101.202
2026-02-11 19:45:00,1770839100000,5061.0,5062.9,5053.6,5056.8,91.681
2026-02-11 20:00:00,1770840000000,5056.8,5069.1,5054.9,5069.1,1125.66
2026-02-11 20:15:00,1770840900000,5069.1,5071.4,5064.8,5065.6,653.669
2026-02-11 20:30:00,1770841800000,5065.6,5066.7,5059.9,5065.7,132.205
2026-02-11 20:45:00,1770842700000,5065.7,5067.1,5063.9,5063.9,107.618
2026-02-11 21:00:00,1770843600000,5063.9,5066.4,5062.6,5065.9,67.119
2026-02-11 21:15:00,1770844500000,5065.9,5070.7,5058.6,5060.2,164.192
2026-02-11 21:30:00,1770845400000,5060.2,5062.5,5049.3,5057.9,268.646
2026-02-11 21:45:00,1770846300000,5057.9,5059.5,5050.3,5057.2,355.071
2026-02-11 22:00:00,1770847200000,5057.2,5057.7,5050.0,5057.6,142.163
2026-02-11 22:15:00,1770848100000,5057.6,5062.2,5052.5,5062.2,80.467
2026-02-11 22:30:00,1770849000000,5062.2,5063.2,5058.1,5060.9,49.708
2026-02-11 22:45:00,1770849900000,5060.9,5064.6,5057.3,5058.8,40.04
2026-02-11 23:00:00,1770850800000,5058.8,5074.3,5033.9,5040.6,752.892
2026-02-11 23:15:00,1770851700000,5040.6,5046.5,5035.8,5043.7,325.408
2026-02-11 23:30:00,1770852600000,5043.7,5043.8,5035.4,5037.1,81.71
2026-02-11 23:45:00,1770853500000,5037.1,5043.3,5031.7,5034.7,212.676
2026-02-12 00:00:00,1770854400000,5034.7,5039.4,5026.1,5030.4,223.388
2026-02-12 00:15:00,1770855300000,5030.4,5039.4,5027.9,5032.2,158.111
2026-02-12 00:30:00,1770856200000,5032.2,5037.8,5027.4,5031.8,805.234
2026-02-12 00:45:00,1770857100000,5031.8,5037.0,5031.3,5035.3,177.54
2026-02-12 01:00:00,1770858000000,5035.3,5035.3,5016.0,5021.4,583.448
2026-02-12 01:15:00,1770858900000,5021.4,5033.0,5019.2,5032.2,228.07
2026-02-12 01:30:00,1770859800000,5032.2,5034.1,5027.1,5030.7,169.202
2026-02-12 01:45:00,1770860700000,5030.7,5032.8,5025.0,5032.1,110.368
2026-02-12 02:00:00,1770861600000,5032.1,5045.1,5032.1,5039.1,294.621
2026-02-12 02:15:00,1770862500000,5039.1,5042.5,5034.8,5037.0,62.059
2026-02-12 02:30:00,1770863400000,5037.0,5039.6,5020.7,5026.5,814.874
2026-02-12 02:45:00,1770864300000,5026.5,5039.0,5025.6,5036.4,274.733
2026-02-12 03:00:00,1770865200000,5036.4,5044.1,5034.0,5037.8,92.165
2026-02-12 03:15:00,1770866100000,5037.8,5040.1,5025.9,5030.0,90.58
2026-02-12 03:30:00,1770867000000,5030.0,5037.1,5029.5,5035.0,80.777
2026-02-12 03:45:00,1770867900000,5035.0,5035.0,5027.5,5029.0,91.686
2026-02-12 04:00:00,1770868800000,5029.0,5030.5,5024.5,5024.5,68.426
2026-02-12 04:15:00,1770869700000,5024.5,5024.6,5008.1,5022.8,1279.291
2026-02-12 04:30:00,1770870600000,5022.8,5027.8,5020.9,5024.4,64.705
2026-02-12 04:45:00,1770871500000,5024.4,5034.5,5023.3,5034.0,82.291
2026-02-12 05:00:00,1770872400000,5034.0,5042.3,5030.4,5039.3,169.801
2026-02-12 05:15:00,1770873300000,5039.3,5041.8,5033.8,5035.7,86.576
2026-02-12 05:30:00,1770874200000,5035.7,5037.2,5030.5,5037.2,78.423
2026-02-12 05:45:00,1770875100000,5037.2,5041.9,5034.7,5041.9,144.748
2026-02-12 06:00:00,1770876000000,5041.9,5042.9,5030.3,5035.8,230.068
2026-02-12 06:15:00,1770876900000,5035.8,5037.2,5025.6,5026.0,144.659
2026-02-12 06:30:00,1770877800000,5026.0,5027.2,5018.9,5026.3,154.972
2026-02-12 06:45:00,1770878700000,5026.3,5030.8,5022.8,5028.4,94.942
2026-02-12 07:00:00,1770879600000,5028.4,5036.4,5022.7,5034.2,127.089
2026-02-12 07:15:00,1770880500000,5034.2,5034.6,5028.2,5033.1,73.555
2026-02-12 07:30:00,1770881400000,5033.1,5034.3,5030.0,5030.1,45.777
2026-02-12 07:45:00,1770882300000,5030.1,5036.5,5028.8,5035.3,61.852
2026-02-12 08:00:00,1770883200000,5035.3,5044.8,5035.3,5040.2,128.528
2026-02-12 08:15:00,1770884100000,5040.2,5042.3,5034.8,5034.8,322.575
2026-02-12 08:30:00,1770885000000,5034.8,5036.4,5026.4,5035.9,70.251
2026-02-12 08:45:00,1770885900000,5035.9,5044.4,5034.1,5041.2,132.384
2026-02-12 09:00:00,1770886800000,5041.2,5048.6,5039.7,5046.8,100.903
2026-02-12 09:15:00,1770887700000,5046.8,5051.8,5043.5,5044.2,135.155
2026-02-12 09:30:00,1770888600000,5044.2,5047.1,5042.1,5046.2,50.655
2026-02-12 09:45:00,1770889500000,5046.2,5054.2,5044.8,5047.1,132.065
2026-02-12 10:00:00,1770890400000,5047.1,5051.1,5038.0,5040.2,128.794
2026-02-12 10:15:00,1770891300000,5040.2,5041.0,5036.0,5036.3,58.479
2026-02-12 10:30:00,1770892200000,5036.3,5040.5,5035.8,5036.8,70.981
2026-02-12 10:45:00,1770893100000,5036.8,5036.8,5029.1,5034.9,247.863
2026-02-12 11:00:00,1770894000000,5034.9,5037.9,5032.3,5034.2,95.76
2026-02-12 11:15:00,1770894900000,5034.2,5040.5,5034.2,5038.3,205.864
2026-02-12 11:30:00,1770895800000,5038.3,5039.8,5036.2,5037.4,126.306
2026-02-12 11:45:00,1770896700000,5037.4,5042.5,5036.7,5038.9,176.065
2026-02-12 12:00:00,1770897600000,5038.9,5040.6,5032.7,5037.0,103.307
2026-02-12 12:15:00,1770898500000,5037.0,5038.7,5034.7,5036.0,62.974
2026-02-12 12:30:00,1770899400000,5036.0,5041.9,5030.0,5031.6,63.407
2026-02-12 12:45:00,1770900300000,5031.6,5032.3,5025.2,5028.9,228.353
2026-02-12 13:00:00,1770901200000,5028.9,5038.8,5028.0,5038.3,108.029
2026-02-12 13:15:00,1770902100000,5038.3,5047.0,5035.4,5037.1,201.434
2026-02-12 13:30:00,1770903000000,5037.1,5052.5,5036.3,5050.5,211.747
2026-02-12 13:45:00,1770903900000,5050.5,5057.4,5050.2,5050.4,135.032
2026-02-12 14:00:00,1770904800000,5050.4,5052.5,5035.3,5038.3,813.06
2026-02-12 14:15:00,1770905700000,5038.3,5040.8,5030.1,5033.1,281.589
2026-02-12 14:30:00,1770906600000,5033.1,5043.7,5026.6,5029.1,548.631
2026-02-12 14:45:00,1770907500000,5029.1,5034.1,5014.9,5019.4,712.29
2026-02-12 15:00:00,1770908400000,5019.4,5040.7,5017.0,5037.8,438.083
2026-02-12 15:15:00,1770909300000,5037.8,5041.6,5035.6,5039.3,170.505
2026-02-12 15:30:00,1770910200000,5039.3,5045.9,5038.6,5042.9,368.089
2026-02-12 15:45:00,1770911100000,5042.9,5046.0,5033.1,5033.3,194.397
2026-02-12 16:00:00,1770912000000,5033.3,5038.2,4939.1,4940.7,3956.945
2026-02-12 16:15:00,1770912900000,4940.7,4956.0,4870.4,4887.2,8056.634
2026-02-12 16:30:00,1770913800000,4887.2,4951.3,4886.0,4936.9,2819.99
2026-02-12 16:45:00,1770914700000,4936.9,4943.1,4915.7,4936.2,1071.071
2026-02-12 17:00:00,1770915600000,4936.2,4945.4,4919.9,4938.6,1017.263
2026-02-12 17:15:00,1770916500000,4938.6,4959.9,4935.0,4944.6,648.258
2026-02-12 17:30:00,1770917400000,4944.6,4952.3,4936.2,4946.0,652.544
2026-02-12 17:45:00,1770918300000,4946.0,4946.7,4918.1,4918.2,528.631
2026-02-12 18:00:00,1770919200000,4918.2,4927.1,4897.8,4909.8,837.001
2026-02-12 18:15:00,1770920100000,4909.8,4911.2,4885.8,4905.3,943.424
2026-02-12 18:30:00,1770921000000,4905.3,4921.6,4903.0,4917.8,545.428
2026-02-12 18:45:00,1770921900000,4917.8,4926.8,4911.3,4912.8,258.957
2026-02-12 19:00:00,1770922800000,4912.8,4917.4,4904.9,4911.0,248.201
2026-02-12 19:15:00,1770923700000,4911.0,4920.7,4907.4,4909.1,228.943
2026-02-12 19:30:00,1770924600000,4909.1,4928.5,4909.1,4924.0,299.681
2026-02-12 19:45:00,1770925500000,4924.0,4936.9,4922.2,4923.3,498.42
2026-02-12 20:00:00,1770926400000,4923.3,4925.8,4912.7,4919.4,275.63
2026-02-12 20:15:00,1770927300000,4919.4,4919.4,4899.1,4901.4,229.241
2026-02-12 20:30:00,1770928200000,4901.4,4906.2,4891.1,4899.3,356.535
2026-02-12 20:45:00,1770929100000,4899.3,4901.1,4890.5,4895.0,218.168
2026-02-12 21:00:00,1770930000000,4895.0,4900.7,4891.8,4896.3,208.311
2026-02-12 21:15:00,1770930900000,4896.3,4901.7,4892.6,4898.9,148.32
2026-02-12 21:30:00,1770931800000,4898.9,4904.3,4896.0,4896.6,108.315
2026-02-12 21:45:00,1770932700000,4896.6,4904.7,4894.3,4900.0,118.009
2026-02-12 22:00:00,1770933600000,4900.0,4903.3,4898.4,4902.4,95.037
2026-02-12 22:15:00,1770934500000,4902.4,4904.1,4898.8,4904.1,53.911
2026-02-12 22:30:00,1770935400000,4904.1,4907.4,4902.7,4905.9,68.477
2026-02-12 22:45:00,1770936300000,4905.9,4909.4,4905.6,4908.2,82.137
2026-02-12 23:00:00,1770937200000,4908.2,4909.6,4865.8,4889.7,1394.998
2026-02-12 23:15:00,1770938100000,4889.7,4906.1,4889.7,4899.0,291.176
2026-02-12 23:30:00,1770939000000,4899.0,4903.7,4884.6,4890.9,476.567
2026-02-12 23:45:00,1770939900000,4890.9,4896.2,4883.7,4896.2,148.741
2026-02-13 00:00:00,1770940800000,4896.2,4924.6,4890.4,4918.8,837.816
2026-02-13 00:15:00,1770941700000,4918.8,4924.9,4912.8,4914.2,252.356
2026-02-13 00:30:00,1770942600000,4914.2,4921.6,4910.0,4916.8,314.238
2026-02-13 00:45:00,1770943500000,4916.8,4920.4,4905.3,4906.2,180.438
2026-02-13 01:00:00,1770944400000,4906.2,4942.5,4904.9,4940.2,402.29
2026-02-13 01:15:00,1770945300000,4940.2,4953.8,4938.0,4944.4,281.156
2026-02-13 01:30:00,1770946200000,4944.4,4956.9,4939.7,4955.3,230.414
2026-02-13 01:45:00,1770947100000,4955.3,4967.0,4951.6,4955.0,501.373
2026-02-13 02:00:00,1770948000000,4955.0,4958.8,4948.5,4953.4,138.837
2026-02-13 02:15:00,1770948900000,4953.4,4961.1,4951.2,4960.8,128.163
2026-02-13 02:30:00,1770949800000,4960.8,4964.7,4950.4,4960.0,154.984
2026-02-13 02:45:00,1770950700000,4960.0,4965.9,4949.5,4963.5,165.832
2026-02-13 03:00:00,1770951600000,4963.5,4963.7,4956.4,4958.4,57.835
2026-02-13 03:15:00,1770952500000,4958.4,4958.4,4949.2,4951.9,157.396
2026-02-13 03:30:00,1770953400000,4951.9,4958.3,4949.9,4951.6,117.111
2026-02-13 03:45:00,1770954300000,4951.6,4959.1,4950.0,4957.5,187.359
2026-02-13 04:00:00,1770955200000,4957.5,4960.7,4951.7,4960.6,111.668
2026-02-13 04:15:00,1770956100000,4960.6,4970.9,4960.3,4960.8,277.977
2026-02-13 04:30:00,1770957000000,4960.8,4960.9,4950.9,4951.9,132.746
2026-02-13 04:45:00,1770957900000,4951.9,4953.8,4950.0,4950.6,110.836
2026-02-13 05:00:00,1770958800000,4950.6,4956.5,4950.5,4952.4,315.458
2026-02-13 05:15:00,1770959700000,4952.4,4959.1,4940.4,4955.0,168.53
2026-02-13 05:30:00,1770960600000,4955.0,4955.0,4934.3,4940.1,474.053
2026-02-13 05:45:00,1770961500000,4940.1,4941.0,4921.0,4921.4,254.838
2026-02-13 06:00:00,1770962400000,4921.4,4936.5,4921.4,4934.1,184.014
2026-02-13 06:15:00,1770963300000,4934.1,4937.0,4926.2,4929.6,101.906
2026-02-13 06:30:00,1770964200000,4929.6,4937.2,4927.7,4931.3,107.524
2026-02-13 06:45:00,1770965100000,4931.3,4943.9,4928.2,4943.9,110.131
2026-02-13 07:00:00,1770966000000,4943.9,4943.9,4929.7,4934.4,220.228
2026-02-13 07:15:00,1770966900000,4934.4,4949.8,4934.4,4944.0,260.498
2026-02-13 07:30:00,1770967800000,4944.0,4957.1,4942.3,4947.9,248.215
2026-02-13 07:45:00,1770968700000,4947.9,4958.0,4946.8,4951.3,177.386
2026-02-13 08:00:00,1770969600000,4951.3,4964.6,4950.3,4956.3,286.988
2026-02-13 08:15:00,1770970500000,4956.3,4962.1,4954.6,4958.9,166.178
2026-02-13 08:30:00,1770971400000,4958.9,4961.8,4955.5,4960.9,92.459
2026-02-13 08:45:00,1770972300000,4960.9,4963.5,4950.1,4960.0,161.457
2026-02-13 09:00:00,1770973200000,4960.0,4960.0,4954.6,4955.0,177.083
2026-02-13 09:15:00,1770974100000,4955.0,4958.9,4943.3,4943.6,141.114
2026-02-13 09:30:00,1770975000000,4943.6,4952.9,4939.7,4949.0,430.494
2026-02-13 09:45:00,1770975900000,4949.0,4954.6,4948.9,4949.0,117.279
2026-02-13 10:00:00,1770976800000,4949.0,4955.9,4945.9,4950.7,190.935
2026-02-13 10:15:00,1770977700000,4950.7,4958.8,4946.4,4957.9,293.809
2026-02-13 10:30:00,1770978600000,4957.9,4958.3,4949.2,4950.6,347.223
2026-02-13 10:45:00,1770979500000,4950.6,4951.9,4930.3,4932.8,538.484
2026-02-13 11:00:00,1770980400000,4932.8,4933.9,4923.9,4931.9,285.559
2026-02-13 11:15:00,1770981300000,4931.9,4934.1,4913.8,4925.0,664.862
2026-02-13 11:30:00,1770982200000,4925.0,4927.8,4916.8,4923.1,178.054
2026-02-13 11:45:00,1770983100000,4923.1,4933.6,4920.0,4933.2,491.353
2026-02-13 12:00:00,1770984000000,4933.2,4942.7,4931.6,4942.2,168.238
2026-02-13 12:15:00,1770984900000,4942.2,4951.1,4941.5,4945.1,170.999
2026-02-13 12:30:00,1770985800000,4945.1,4951.1,4942.4,4945.3,106.094
2026-02-13 12:45:00,1770986700000,4945.3,4951.5,4943.8,4946.9,106.203
2026-02-13 13:00:00,1770987600000,4946.9,4953.1,4944.0,4945.1,119.855
2026-02-13 13:15:00,1770988500000,4945.1,4946.8,4934.9,4944.2,193.802
2026-02-13 13:30:00,1770989400000,4944.2,4978.6,4944.2,4961.5,1539.859
2026-02-13 13:45:00,1770990300000,4961.5,4969.5,4951.3,4965.3,519.318
2026-02-13 14:00:00,1770991200000,4965.3,4978.1,4964.1,4975.1,515.549
2026-02-13 14:15:00,1770992100000,4975.1,4986.1,4974.6,4980.2,447.082
2026-02-13 14:30:00,1770993000000,4980.2,4990.1,4944.3,4969.4,1017.47
2026-02-13 14:45:00,1770993900000,4969.4,4984.3,4968.4,4972.9,719.596
2026-02-13 15:00:00,1770994800000,4972.9,4988.1,4970.8,4981.2,455.53
2026-02-13 15:15:00,1770995700000,4981.2,4988.7,4973.7,4987.0,282.586
2026-02-13 15:30:00,1770996600000,4987.0,5001.0,4984.5,4986.4,473.298
2026-02-13 15:45:00,1770997500000,4986.4,4986.9,4954.7,4956.7,355.298
2026-02-13 16:00:00,1770998400000,4956.7,4975.5,4956.5,4975.5,224.021
2026-02-13 16:15:00,1770999300000,4975.5,5009.4,4975.3,5004.3,440.744
2026-02-13 16:30:00,1771000200000,5004.3,5004.7,4991.3,4993.8,221.62
2026-02-13 16:45:00,1771001100000,4993.8,4995.4,4983.7,4985.6,329.313
2026-02-13 17:00:00,1771002000000,4985.6,4999.4,4985.5,4992.1,253.387
2026-02-13 17:15:00,1771002900000,4992.1,4997.3,4983.7,4996.0,122.895
2026-02-13 17:30:00,1771003800000,4996.0,5005.8,4994.4,4999.4,148.114
2026-02-13 17:45:00,1771004700000,4999.4,5000.6,4995.1,4998.4,79.74
2026-02-13 18:00:00,1771005600000,4998.4,5008.1,4995.0,5008.1,148.226
2026-02-13 18:15:00,1771006500000,5008.1,5008.8,5000.6,5000.6,94.594
2026-02-13 18:30:00,1771007400000,5000.6,5008.8,5000.4,5008.0,91.689
2026-02-13 18:45:00,1771008300000,5008.0,5013.7,5005.1,5009.5,252.004
2026-02-13 19:00:00,1771009200000,5009.5,5023.2,5009.2,5017.3,226.808
2026-02-13 19:15:00,1771010100000,5017.3,5023.3,5017.1,5020.7,98.728
2026-02-13 19:30:00,1771011000000,5020.7,5021.4,5009.8,5013.3,165.444
2026-02-13 19:45:00,1771011900000,5013.3,5017.2,5004.0,5004.0,85.479
2026-02-13 20:00:00,1771012800000,5004.0,5012.5,5003.7,5007.4,103.422
2026-02-13 20:15:00,1771013700000,5007.4,5010.4,5006.2,5007.4,57.736
2026-02-13 20:30:00,1771014600000,5007.4,5010.9,5003.8,5007.6,153.301
2026-02-13 20:45:00,1771015500000,5007.6,5011.5,5000.5,5010.6,128.37
2026-02-13 21:00:00,1771016400000,5010.6,5012.2,5006.4,5009.5,53.57
2026-02-13 21:15:00,1771017300000,5009.5,5010.7,5007.4,5008.3,28.453
2026-02-13 21:30:00,1771018200000,5008.3,5015.2,5007.3,5014.2,54.249
2026-02-13 21:45:00,1771019100000,5014.2,5020.7,5013.6,5016.4,134.389
2026-02-13 22:00:00,1771020000000,5016.4,5019.7,5012.8,5013.0,263.392
2026-02-13 22:15:00,1771020900000,5013.0,5019.0,5012.9,5014.4,126.963
2026-02-13 22:30:00,1771021800000,5014.4,5016.7,5013.2,5014.3,89.299
2026-02-13 22:45:00,1771022700000,5014.3,5015.4,5007.4,5011.5,170.318
2026-02-13 23:00:00,1771023600000,5011.5,5014.2,5011.1,5013.8,49.289
2026-02-13 23:15:00,1771024500000,5013.8,5016.8,5013.8,5015.2,64.333
2026-02-13 23:30:00,1771025400000,5015.2,5015.2,5013.1,5013.2,17.29
2026-02-13 23:45:00,1771026300000,5013.2,5014.4,5011.5,5011.8,64.297
2026-02-14 00:00:00,1771027200000,5011.8,5013.1,5010.4,5013.1,57.914
2026-02-14 00:15:00,1771028100000,5013.1,5013.1,5011.4,5012.9,23.804
2026-02-14 00:30:00,1771029000000,5012.9,5016.4,5012.9,5013.4,39.013
2026-02-14 00:45:00,1771029900000,5013.4,5013.4,5011.5,5013.4,57.053
2026-02-14 01:00:00,1771030800000,5013.4,5014.4,5011.1,5012.4,62.596
2026-02-14 01:15:00,1771031700000,5012.4,5013.2,5012.0,5012.1,22.319
2026-02-14 01:30:00,1771032600000,5012.1,5015.0,5012.0,5014.9,76.558
2026-02-14 01:45:00,1771033500000,5014.9,5015.0,5012.0,5012.5,28.927
2026-02-14 02:00:00,1771034400000,5012.5,5012.6,5010.9,5010.9,23.062
2026-02-14 02:15:00,1771035300000,5010.9,5012.4,5010.4,5011.8,53.822
2026-02-14 02:30:00,1771036200000,5011.8,5011.9,5008.5,5010.0,111.186
2026-02-14 02:45:00,1771037100000,5010.0,5010.9,5009.2,5009.2,30.402
2026-02-14 03:00:00,1771038000000,5009.2,5009.9,5008.8,5009.3,29.456
2026-02-14 03:15:00,1771038900000,5009.3,5009.3,5007.0,5007.6,74.924
2026-02-14 03:30:00,1771039800000,5007.6,5008.0,5007.1,5007.7,39.369
2026-02-14 03:45:00,1771040700000,5007.7,5009.2,5007.5,5009.0,29.809
2026-02-14 04:00:00,1771041600000,5009.0,5009.1,5007.0,5007.1,26.318
2026-02-14 04:15:00,1771042500000,5007.1,5007.2,5005.7,5006.0,39.557
2026-02-14 04:30:00,1771043400000,5006.0,5006.0,5001.6,5002.2,53.89
2026-02-14 04:45:00,1771044300000,5002.2,5002.6,5001.0,5001.0,55.294
2026-02-14 05:00:00,1771045200000,5001.0,5004.7,5001.0,5004.7,48.455
2026-02-14 05:15:00,1771046100000,5004.7,5010.0,5004.7,5009.6,88.667
2026-02-14 05:30:00,1771047000000,5009.6,5009.7,5007.2,5007.2,69.424
2026-02-14 05:45:00,1771047900000,5007.2,5008.0,5006.4,5006.9,40.347
2026-02-14 06:00:00,1771048800000,5006.9,5006.9,5002.9,5003.3,45.169
2026-02-14 06:15:00,1771049700000,5003.3,5004.3,5003.0,5003.9,49.381
2026-02-14 06:30:00,1771050600000,5003.9,5003.9,5003.0,5003.0,32.935
2026-02-14 06:45:00,1771051500000,5003.0,5003.1,5001.7,5001.7,38.216
2026-02-14 07:00:00,1771052400000,5001.7,5003.4,5000.7,5000.7,76.814
2026-02-14 07:15:00,1771053300000,5000.7,5000.8,4999.0,4999.9,42.946
2026-02-14 07:30:00,1771054200000,4999.9,5002.8,4999.9,5002.8,70.243
2026-02-14 07:45:00,1771055100000,5002.8,5004.8,5000.5,5000.7,56.322
2026-02-14 08:00:00,1771056000000,5000.7,5003.3,5000.6,5002.2,59.068
2026-02-14 08:15:00,1771056900000,5002.2,5002.3,4993.4,4998.6,289.079
2026-02-14 08:30:00,1771057800000,4998.6,4999.0,4997.9,4998.5,54.806
2026-02-14 08:45:00,1771058700000,4998.5,5001.7,4998.4,5001.3,164.794
2026-02-14 09:00:00,1771059600000,5001.3,5007.7,5001.3,5004.3,213.506
2026-02-14 09:15:00,1771060500000,5004.3,5004.3,5003.4,5003.4,16.644
2026-02-14 09:30:00,1771061400000,5003.4,5003.5,5003.1,5003.1,18.589
2026-02-14 09:45:00,1771062300000,5003.1,5003.4,5000.0,5000.2,82.088
2026-02-14 10:00:00,1771063200000,5000.2,5000.3,4997.7,4997.9,53.027
2026-02-14 10:15:00,1771064100000,4997.9,4997.9,4996.0,4997.9,35.785
2026-02-14 10:30:00,1771065000000,4997.9,4997.9,4997.6,4997.7,15.906
2026-02-14 10:45:00,1771065900000,4997.7,4997.7,4996.6,4996.6,33.786
2026-02-14 11:00:00,1771066800000,4996.6,4996.8,4995.8,4996.8,32.862
2026-02-14 11:15:00,1771067700000,4996.8,5000.5,4996.1,4999.0,73.001
2026-02-14 11:30:00,1771068600000,4999.0,4999.1,4997.6,4998.6,20.653
2026-02-14 11:45:00,1771069500000,4998.6,5001.6,4998.5,5001.5,60.006
2026-02-14 12:00:00,1771070400000,5001.5,5001.6,4999.1,5000.5,55.651
2026-02-14 12:15:00,1771071300000,5000.5,5002.4,4999.7,5000.6,100.887
2026-02-14 12:30:00,1771072200000,5000.6,5006.0,4995.8,4998.5,267.725
2026-02-14 12:45:00,1771073100000,4998.5,5000.8,4998.5,5000.0,36.383
2026-02-14 13:00:00,1771074000000,5000.0,5003.9,5000.0,5003.8,53.014
2026-02-14 13:15:00,1771074900000,5003.8,5003.8,5000.2,5000.2,53.063
2026-02-14 13:30:00,1771075800000,5000.2,5000.3,5000.0,5000.1,13.642
2026-02-14 13:45:00,1771076700000,5000.1,5002.0,5000.0,5001.5,39.336
2026-02-14 14:00:00,1771077600000,5001.5,5001.5,4999.6,4999.9,22.271
2026-02-14 14:15:00,1771078500000,4999.9,5000.0,4998.6,4998.8,10.094
2026-02-14 14:30:00,1771079400000,4998.8,4998.8,4997.7,4997.7,15.478
2026-02-14 14:45:00,1771080300000,4997.7,4998.8,4997.7,4998.7,34.417
2026-02-14 15:00:00,1771081200000,4998.7,4999.5,4998.0,4998.5,44.449
2026-02-14 15:15:00,1771082100000,4998.5,5001.4,4998.0,5000.5,25.121
2026-02-14 15:30:00,1771083000000,5000.5,5000.6,4998.0,4998.4,28.87
2026-02-14 15:45:00,1771083900000,4998.4,4998.5,4998.2,4998.2,5.227
2026-02-14 16:00:00,1771084800000,4998.2,4998.7,4998.2,4998.7,68.428
2026-02-14 16:15:00,1771085700000,4998.7,4998.7,4995.9,4996.0,43.204
2026-02-14 16:30:00,1771086600000,4996.0,4996.0,4995.9,4996.0,10.44
2026-02-14 16:45:00,1771087500000,4996.0,4997.8,4995.9,4997.0,24.97
2026-02-14 17:00:00,1771088400000,4997.0,4998.4,4996.9,4998.3,15.635
2026-02-14 17:15:00,1771089300000,4998.3,4998.4,4995.6,4997.0,23.335
2026-02-14 17:30:00,1771090200000,4997.0,4998.4,4997.0,4998.4,11.319
2026-02-14 17:45:00,1771091100000,4998.4,4998.4,4996.2,4996.8,15.92
2026-02-14 18:00:00,1771092000000,4996.8,4998.1,4996.8,4998.0,2.399
2026-02-14 18:15:00,1771092900000,4998.0,4998.1,4998.0,4998.0,9.774
2026-02-14 18:30:00,1771093800000,4998.0,5000.1,4998.0,4999.4,37.682
2026-02-14 18:45:00,1771094700000,4999.4,4999.5,4998.4,4998.4,10.08
2026-02-14 19:00:00,1771095600000,4998.4,4999.2,4998.4,4999.1,16.818
2026-02-14 19:15:00,1771096500000,4999.1,4999.2,4999.1,4999.2,8.106
2026-02-14 19:30:00,1771097400000,4999.2,4999.2,4998.5,4998.5,29.885
2026-02-14 19:45:00,1771098300000,4998.5,4999.4,4998.4,4999.0,21.187
2026-02-14 20:00:00,1771099200000,4999.0,4999.1,4996.1,4996.2,20.698
2026-02-14 20:15:00,1771100100000,4996.2,4996.2,4995.6,4995.7,14.165
2026-02-14 20:30:00,1771101000000,4995.7,4995.7,4995.6,4995.6,13.252
2026-02-14 20:45:00,1771101900000,4995.6,4995.7,4995.6,4995.6,3.509
2026-02-14 21:00:00,1771102800000,4995.6,4998.0,4995.6,4997.9,22.052
2026-02-14 21:15:00,1771103700000,4997.9,4998.0,4996.6,4996.7,9.791
2026-02-14 21:30:00,1771104600000,4996.7,4996.7,4994.6,4996.0,42.849
2026-02-14 21:45:00,1771105500000,4996.0,4996.5,4995.9,4996.3,7.16
2026-02-14 22:00:00,1771106400000,4996.3,4996.4,4996.3,4996.3,7.08
2026-02-14 22:15:00,1771107300000,4996.3,4996.4,4996.3,4996.3,2.598
2026-02-14 22:30:00,1771108200000,4996.3,4996.4,4994.6,4994.6,21.517
2026-02-14 22:45:00,1771109100000,4994.6,4994.7,4994.6,4994.7,5.165
2026-02-14 23:00:00,1771110000000,4994.7,4995.1,4993.0,4995.1,54.455
2026-02-14 23:15:00,1771110900000,4995.1,4995.1,4986.8,4990.8,170.137
2026-02-14 23:30:00,1771111800000,4990.8,4991.7,4990.7,4991.6,15.508
2026-02-14 23:45:00,1771112700000,4991.6,4992.7,4991.6,4992.6,34.859
2026-02-15 00:00:00,1771113600000,4992.6,4993.7,4992.0,4992.0,48.737
2026-02-15 00:15:00,1771114500000,4992.0,4992.1,4991.9,4991.9,19.227
2026-02-15 00:30:00,1771115400000,4991.9,4991.9,4991.7,4991.8,13.699
2026-02-15 00:45:00,1771116300000,4991.8,4994.5,4991.7,4994.5,39.049
2026-02-15 01:00:00,1771117200000,4994.5,4994.5,4994.4,4994.4,12.436
2026-02-15 01:15:00,1771118100000,4994.4,4994.5,4992.6,4992.6,28.431
2026-02-15 01:30:00,1771119000000,4992.6,4996.8,4992.5,4996.8,65.151
2026-02-15 01:45:00,1771119900000,4996.8,4998.2,4996.7,4998.1,14.672
2026-02-15 02:00:00,1771120800000,4998.1,4998.4,4998.1,4998.2,26.663
2026-02-15 02:15:00,1771121700000,4998.2,4999.1,4998.2,4999.1,6.784
2026-02-15 02:30:00,1771122600000,4999.1,4999.7,4999.0,4999.5,22.265
2026-02-15 02:45:00,1771123500000,4999.5,5001.3,4999.5,5001.3,32.65
2026-02-15 03:00:00,1771124400000,5001.3,5001.3,5000.6,5000.6,75.089
2026-02-15 03:15:00,1771125300000,5000.6,5000.7,4996.7,4997.5,71.359
2026-02-15 03:30:00,1771126200000,4997.5,5000.6,4997.5,5000.6,42.964
2026-02-15 03:45:00,1771127100000,5000.6,5002.9,5000.5,5001.7,29.584
2026-02-15 04:00:00,1771128000000,5001.7,5001.7,5000.5,5001.0,24.016
2026-02-15 04:15:00,1771128900000,5001.0,5002.1,5000.9,5001.0,17.695
2026-02-15 04:30:00,1771129800000,5001.0,5002.5,5001.0,5002.2,48.51
2026-02-15 04:45:00,1771130700000,5002.2,5003.1,5001.9,5003.1,17.214
2026-02-15 05:00:00,1771131600000,5003.1,5003.1,5000.8,5001.9,23.224
2026-02-15 05:15:00,1771132500000,5001.9,5002.0,4999.8,4999.9,14.763
2026-02-15 05:30:00,1771133400000,4999.9,4999.9,4995.0,4998.1,70.983
2026-02-15 05:45:00,1771134300000,4998.1,5000.4,4997.4,4998.9,46.972
2026-02-15 06:00:00,1771135200000,4998.9,4999.6,4998.7,4999.6,13.827
2026-02-15 06:15:00,1771136100000,4999.6,5002.1,4999.6,5001.9,40.317
2026-02-15 06:30:00,1771137000000,5001.9,5001.9,5001.7,5001.7,15.359
2026-02-15 06:45:00,1771137900000,5001.7,5001.8,4997.4,4997.4,40.878
2026-02-15 07:00:00,1771138800000,4997.4,4999.9,4996.7,4999.9,23.508
2026-02-15 07:15:00,1771139700000,4999.9,5001.2,4999.8,5001.0,12.38
2026-02-15 07:30:00,1771140600000,5001.0,5001.9,4999.8,5001.7,52.72
2026-02-15 07:45:00,1771141500000,5001.7,5002.8,5001.6,5002.3,38.665
2026-02-15 08:00:00,1771142400000,5002.3,5004.5,5002.2,5004.4,89.046
2026-02-15 08:15:00,1771143300000,5004.4,5005.6,5003.8,5004.3,75.855
2026-02-15 08:30:00,1771144200000,5004.3,5004.3,5001.2,5004.3,66.259
2026-02-15 08:45:00,1771145100000,5004.3,5013.0,5004.3,5012.5,98.98
2026-02-15 09:00:00,1771146000000,5012.5,5013.3,5012.0,5013.2,36.946
2026-02-15 09:15:00,1771146900000,5013.2,5013.3,5013.2,5013.2,29.217
2026-02-15 09:30:00,1771147800000,5013.2,5013.3,5009.4,5009.5,100.319
2026-02-15 09:45:00,1771148700000,5009.5,5009.5,5006.6,5008.2,52.494
2026-02-15 10:00:00,1771149600000,5008.2,5008.3,5003.9,5004.2,72.729
2026-02-15 10:15:00,1771150500000,5004.2,5004.3,5003.2,5004.0,28.227
2026-02-15 10:30:00,1771151400000,5004.0,5007.1,5003.9,5007.0,39.71
2026-02-15 10:45:00,1771152300000,5007.0,5009.2,5006.7,5006.8,21.565
2026-02-15 11:00:00,1771153200000,5006.8,5008.2,5006.4,5007.6,16.484
2026-02-15 11:15:00,1771154100000,5007.6,5009.1,5007.2,5007.3,12.619
2026-02-15 11:30:00,1771155000000,5007.3,5007.7,5006.2,5006.3,31.85
2026-02-15 11:45:00,1771155900000,5006.3,5006.4,5005.9,5006.4,22.0
2026-02-15 12:00:00,1771156800000,5006.4,5008.2,5006.4,5006.4,39.24
2026-02-15 12:15:00,1771157700000,5006.4,5007.5,5005.7,5007.5,21.389
2026-02-15 12:30:00,1771158600000,5007.5,5007.5,5005.4,5005.4,12.384
2026-02-15 12:45:00,1771159500000,5005.4,5005.4,4999.0,4999.0,75.403
2026-02-15 13:00:00,1771160400000,4999.0,5004.4,4999.0,5004.3,78.717
2026-02-15 13:15:00,1771161300000,5004.3,5004.8,5000.3,5000.3,31.549
2026-02-15 13:30:00,1771162200000,5000.3,5001.6,4998.5,5000.0,82.015
2026-02-15 13:45:00,1771163100000,5000.0,5000.0,4996.9,4998.8,70.725
2026-02-15 14:00:00,1771164000000,4998.8,4998.8,4998.0,4998.0,24.134
2026-02-15 14:15:00,1771164900000,4998.0,4998.1,4998.0,4998.1,5.526
2026-02-15 14:30:00,1771165800000,4998.1,5000.2,4998.0,5000.2,26.727
2026-02-15 14:45:00,1771166700000,5000.2,5002.3,5000.1,5002.2,23.832
2026-02-15 15:00:00,1771167600000,5002.2,5002.3,5000.6,5001.6,17.954
2026-02-15 15:15:00,1771168500000,5001.6,5001.7,5000.2,5000.2,38.84
2026-02-15 15:30:00,1771169400000,5000.2,5002.0,5000.2,5002.0,15.804
2026-02-15 15:45:00,1771170300000,5002.0,5005.2,5001.5,5003.3,111.48
2026-02-15 16:00:00,1771171200000,5003.3,5004.0,4999.4,5002.4,43.988
2026-02-15 16:15:00,1771172100000,5002.4,5004.7,5002.4,5004.7,13.365
2026-02-15 16:30:00,1771173000000,5004.7,5005.7,5004.7,5005.6,18.557
2026-02-15 16:45:00,1771173900000,5005.6,5006.8,5004.8,5006.7,32.025
2026-02-15 17:00:00,1771174800000,5006.7,5008.4,5006.6,5008.1,42.021
2026-02-15 17:15:00,1771175700000,5008.1,5008.1,5005.3,5005.3,15.577
2026-02-15 17:30:00,1771176600000,5005.3,5007.6,5003.2,5003.2,18.138
2026-02-15 17:45:00,1771177500000,5003.2,5003.2,4998.2,5000.4,72.97
2026-02-15 18:00:00,1771178400000,5000.4,5001.1,4998.9,5000.0,20.8
2026-02-15 18:15:00,1771179300000,5000.0,5002.7,5000.0,5001.9,21.737
2026-02-15 18:30:00,1771180200000,5001.9,5002.0,4998.1,5000.8,38.623
2026-02-15 18:45:00,1771181100000,5000.8,5000.8,4997.7,4997.7,13.558
2026-02-15 19:00:00,1771182000000,4997.7,4998.1,4992.3,4994.4,83.839
2026-02-15 19:15:00,1771182900000,4994.4,4997.2,4994.3,4997.1,8.072
2026-02-15 19:30:00,1771183800000,4997.1,4997.5,4992.0,4992.3,30.66
2026-02-15 19:45:00,1771184700000,4992.3,4994.6,4992.2,4994.6,9.349
2026-02-15 20:00:00,1771185600000,4994.6,4996.5,4992.4,4996.4,60.663
2026-02-15 20:15:00,1771186500000,4996.4,4997.4,4996.4,4997.4,9.078
2026-02-15 20:30:00,1771187400000,4997.4,5001.0,4997.3,5000.9,47.063
2026-02-15 20:45:00,1771188300000,5000.9,5001.9,5000.9,5001.9,9.699
2026-02-15 21:00:00,1771189200000,5001.9,5003.1,5001.8,5003.0,15.638
2026-02-15 21:15:00,1771190100000,5003.0,5003.0,5000.5,5002.8,34.232
2026-02-15 21:30:00,1771191000000,5002.8,5004.5,5001.0,5004.1,90.426
2026-02-15 21:45:00,1771191900000,5004.1,5005.6,5003.8,5004.1,31.684
2026-02-15 22:00:00,1771192800000,5004.1,5007.3,5003.8,5003.8,91.555
2026-02-15 22:15:00,1771193700000,5003.8,5011.4,5000.8,5010.6,396.426
2026-02-15 22:30:00,1771194600000,5010.6,5014.6,5002.2,5005.0,503.398
2026-02-15 22:45:00,1771195500000,5005.0,5006.9,5004.9,5006.8,22.577
2026-02-15 23:00:00,1771196400000,5006.8,5018.7,4977.3,4993.4,1329.037
2026-02-15 23:15:00,1771197300000,4993.4,5004.1,4992.8,5000.7,226.755
2026-02-15 23:30:00,1771198200000,5000.7,5003.1,4992.2,4993.1,234.463
2026-02-15 23:45:00,1771199100000,4993.1,4995.1,4988.1,4994.1,210.355
2026-02-16 00:00:00,1771200000000,4994.1,4994.1,4977.8,4989.2,379.93
2026-02-16 00:15:00,1771200900000,4989.2,4991.6,4982.3,4984.3,89.953
2026-02-16 00:30:00,1771201800000,4984.3,4986.4,4982.1,4985.1,78.401
2026-02-16 00:45:00,1771202700000,4985.1,4992.7,4982.9,4987.0,65.299
2026-02-16 01:00:00,1771203600000,4987.0,4993.4,4980.3,4993.4,136.889
2026-02-16 01:15:00,1771204500000,4993.4,5000.7,4993.3,4999.0,129.764
2026-02-16 01:30:00,1771205400000,4999.0,5000.8,4998.0,5000.4,46.659
2026-02-16 01:45:00,1771206300000,5000.4,5000.6,4998.3,5000.2,58.519
2026-02-16 02:00:00,1771207200000,5000.2,5002.5,4993.3,4993.8,75.558
2026-02-16 02:15:00,1771208100000,4993.8,4997.1,4992.0,4992.1,36.12
2026-02-16 02:30:00,1771209000000,4992.1,4993.4,4977.4,4977.4,246.278
2026-02-16 02:45:00,1771209900000,4977.4,4977.5,4966.3,4967.9,377.058
2026-02-16 03:00:00,1771210800000,4967.9,4973.3,4962.1,4970.7,244.873
2026-02-16 03:15:00,1771211700000,4970.7,4970.7,4966.3,4966.4,203.07
2026-02-16 03:30:00,1771212600000,4966.4,4967.4,4957.2,4962.5,111.739
2026-02-16 03:45:00,1771213500000,4962.5,4964.5,4946.9,4959.5,341.979
2026-02-16 04:00:00,1771214400000,4959.5,4963.5,4945.0,4950.0,230.006
2026-02-16 04:15:00,1771215300000,4950.0,4953.8,4947.4,4951.3,76.609
2026-02-16 04:30:00,1771216200000,4951.3,4951.6,4948.0,4950.5,99.48
2026-02-16 04:45:00,1771217100000,4950.5,4956.6,4950.4,4953.0,85.398
2026-02-16 05:00:00,1771218000000,4953.0,4959.2,4943.0,4958.1,214.483
2026-02-16 05:15:00,1771218900000,4958.1,4964.3,4955.8,4962.2,113.714
2026-02-16 05:30:00,1771219800000,4962.2,4964.6,4958.9,4961.1,55.401
2026-02-16 05:45:00,1771220700000,4961.1,4966.0,4959.8,4965.3,56.432
2026-02-16 06:00:00,1771221600000,4965.3,4967.0,4963.4,4966.4,57.0
2026-02-16 06:15:00,1771222500000,4966.4,4968.9,4957.8,4968.2,187.357
2026-02-16 06:30:00,1771223400000,4968.2,4976.4,4966.6,4976.4,152.665
2026-02-16 06:45:00,1771224300000,4976.4,4976.5,4968.9,4969.0,51.299
2026-02-16 07:00:00,1771225200000,4969.0,4972.5,4965.3,4972.5,90.757
2026-02-16 07:15:00,1771226100000,4972.5,4974.5,4970.2,4973.6,32.328
2026-02-16 07:30:00,1771227000000,4973.6,4981.6,4971.5,4977.6,296.278
2026-02-16 07:45:00,1771227900000,4977.6,4985.0,4977.6,4983.5,133.446
2026-02-16 08:00:00,1771228800000,4983.5,4988.5,4974.9,4976.4,123.519
2026-02-16 08:15:00,1771229700000,4976.4,4983.7,4974.1,4983.6,93.73
2026-02-16 08:30:00,1771230600000,4983.6,4985.0,4982.1,4983.7,45.437
2026-02-16 08:45:00,1771231500000,4983.7,4985.7,4980.0,4984.1,81.585
2026-02-16 09:00:00,1771232400000,4984.1,4991.5,4984.0,4987.1,208.578
2026-02-16 09:15:00,1771233300000,4987.1,4992.2,4984.9,4989.6,482.586
2026-02-16 09:30:00,1771234200000,4989.6,4991.8,4986.9,4987.5,120.779
2026-02-16 09:45:00,1771235100000,4987.5,4993.2,4985.8,4990.3,146.183
2026-02-16 10:00:00,1771236000000,4990.3,4994.0,4983.4,4983.4,89.699
2026-02-16 10:15:00,1771236900000,4983.4,4986.6,4980.7,4981.7,86.953
2026-02-16 10:30:00,1771237800000,4981.7,4984.2,4978.2,4983.9,126.038
2026-02-16 10:45:00,1771238700000,4983.9,4986.3,4983.3,4983.7,64.703
2026-02-16 11:00:00,1771239600000,4983.7,4983.8,4973.9,4975.5,250.087
2026-02-16 11:15:00,1771240500000,4975.5,4978.5,4974.5,4977.9,149.319
2026-02-16 11:30:00,1771241400000,4977.9,4981.8,4977.2,4981.4,77.622
2026-02-16 11:45:00,1771242300000,4981.4,4982.9,4978.5,4980.4,38.626
2026-02-16 12:00:00,1771243200000,4980.4,4980.4,4972.3,4972.3,317.564
2026-02-16 12:15:00,1771244100000,4972.3,4974.8,4968.1,4972.9,273.104
2026-02-16 12:30:00,1771245000000,4972.9,4982.4,4971.8,4979.7,131.132
2026-02-16 12:45:00,1771245900000,4979.7,4981.0,4976.3,4978.4,79.415
2026-02-16 13:00:00,1771246800000,4978.4,4979.8,4975.9,4976.0,96.701
2026-02-16 13:15:00,1771247700000,4976.0,4978.0,4970.3,4970.4,81.734
2026-02-16 13:30:00,1771248600000,4970.4,4974.5,4969.4,4972.8,124.724
2026-02-16 13:45:00,1771249500000,4972.8,4973.5,4966.4,4973.0,77.672
2026-02-16 14:00:00,1771250400000,4973.0,4973.4,4970.0,4971.5,84.144
2026-02-16 14:15:00,1771251300000,4971.5,4974.2,4967.2,4968.3,42.599
2026-02-16 14:30:00,1771252200000,4968.3,4970.6,4961.9,4965.4,96.365
2026-02-16 14:45:00,1771253100000,4965.4,4965.6,4959.5,4964.6,98.881
2026-02-16 15:00:00,1771254000000,4964.6,4964.6,4948.9,4955.4,217.747
2026-02-16 15:15:00,1771254900000,4955.4,4959.3,4954.9,4958.2,83.118
2026-02-16 15:30:00,1771255800000,4958.2,4958.3,4951.5,4955.7,132.548
2026-02-16 15:45:00,1771256700000,4955.7,4959.3,4953.6,4956.5,64.995
2026-02-16 16:00:00,1771257600000,4956.5,4957.0,4950.9,4957.0,132.526
2026-02-16 16:15:00,1771258500000,4957.0,4964.2,4953.8,4962.7,90.509
2026-02-16 16:30:00,1771259400000,4962.7,4966.4,4962.7,4965.7,52.521
2026-02-16 16:45:00,1771260300000,4965.7,4966.2,4963.6,4966.0,34.803
2026-02-16 17:00:00,1771261200000,4966.0,4970.7,4965.9,4969.4,125.302
2026-02-16 17:15:00,1771262100000,4969.4,4972.4,4968.5,4972.3,65.464
2026-02-16 17:30:00,1771263000000,4972.3,4974.3,4970.5,4970.6,70.765
2026-02-16 17:45:00,1771263900000,4970.6,4970.7,4967.2,4967.3,68.669
2026-02-16 18:00:00,1771264800000,4967.3,4971.2,4965.8,4970.8,71.107
2026-02-16 18:15:00,1771265700000,4970.8,4975.5,4970.7,4971.8,31.642
2026-02-16 18:30:00,1771266600000,4971.8,4972.4,4969.2,4971.9,52.25
2026-02-16 18:45:00,1771267500000,4971.9,4973.8,4970.6,4970.6,28.78
2026-02-16 19:00:00,1771268400000,4970.6,4972.2,4968.6,4968.6,22.837
2026-02-16 19:15:00,1771269300000,4968.6,4972.5,4968.6,4970.5,23.013
2026-02-16 19:30:00,1771270200000,4970.5,4970.6,4967.8,4967.8,29.896
2026-02-16 19:45:00,1771271100000,4967.8,4967.9,4966.0,4966.1,26.935
2026-02-16 20:00:00,1771272000000,4966.1,4966.1,4964.8,4965.4,24.551
2026-02-16 20:15:00,1771272900000,4965.4,4967.0,4965.4,4966.9,13.46
2026-02-16 20:30:00,1771273800000,4966.9,4967.2,4966.1,4967.1,12.406
2026-02-16 20:45:00,1771274700000,4967.1,4970.6,4967.1,4969.0,27.641
2026-02-16 21:00:00,1771275600000,4969.0,4969.0,4968.0,4968.0,12.076
2026-02-16 21:15:00,1771276500000,4968.0,4968.1,4965.8,4965.9,7.913
2026-02-16 21:30:00,1771277400000,4965.9,4968.0,4965.8,4968.0,5.23
2026-02-16 21:45:00,1771278300000,4968.0,4970.1,4965.2,4970.0,30.9
2026-02-16 22:00:00,1771279200000,4970.0,4970.1,4967.1,4968.3,31.265
2026-02-16 22:15:00,1771280100000,4968.3,4970.6,4968.2,4970.5,7.4
2026-02-16 22:30:00,1771281000000,4970.5,4972.4,4969.7,4970.0,49.469
2026-02-16 22:45:00,1771281900000,4970.0,4970.1,4965.7,4967.5,15.447
2026-02-16 23:00:00,1771282800000,4967.5,4974.9,4963.3,4967.2,173.374
2026-02-16 23:15:00,1771283700000,4967.2,4975.8,4961.8,4969.2,120.82
2026-02-16 23:30:00,1771284600000,4969.2,4970.1,4963.6,4966.4,44.72
2026-02-16 23:45:00,1771285500000,4966.4,4971.9,4964.9,4965.8,118.026
2026-02-17 00:00:00,1771286400000,4965.8,4966.9,4952.8,4956.2,205.484
2026-02-17 00:15:00,1771287300000,4956.2,4957.6,4949.2,4952.0,75.896
2026-02-17 00:30:00,1771288200000,4952.0,4956.2,4945.9,4947.5,101.777
2026-02-17 00:45:00,1771289100000,4947.5,4947.6,4910.0,4912.9,1064.586
2026-02-17 01:00:00,1771290000000,4912.9,4929.8,4901.0,4929.1,839.376
2026-02-17 01:15:00,1771290900000,4929.1,4937.6,4924.9,4937.6,222.791
2026-02-17 01:30:00,1771291800000,4937.6,4942.5,4934.4,4941.9,218.471
2026-02-17 01:45:00,1771292700000,4941.9,4942.4,4935.8,4936.3,105.321
2026-02-17 02:00:00,1771293600000,4936.3,4943.2,4934.4,4943.2,143.939
2026-02-17 02:15:00,1771294500000,4943.2,4948.4,4943.0,4944.9,128.159
2026-02-17 02:30:00,1771295400000,4944.9,4944.9,4937.5,4938.6,148.118
2026-02-17 02:45:00,1771296300000,4938.6,4944.6,4938.6,4944.6,70.209
2026-02-17 03:00:00,1771297200000,4944.6,4947.4,4938.8,4939.6,57.126
2026-02-17 03:15:00,1771298100000,4939.6,4940.0,4931.1,4933.9,147.787
2026-02-17 03:30:00,1771299000000,4933.9,4937.7,4927.5,4932.4,142.967
2026-02-17 03:45:00,1771299900000,4932.4,4938.1,4931.7,4936.0,118.169
2026-02-17 04:00:00,1771300800000,4936.0,4936.0,4926.8,4932.7,145.995
2026-02-17 04:15:00,1771301700000,4932.7,4940.0,4931.2,4939.6,96.913
2026-02-17 04:30:00,1771302600000,4939.6,4939.6,4930.3,4931.7,54.436
2026-02-17 04:45:00,1771303500000,4931.7,4933.2,4929.6,4932.5,65.35
2026-02-17 05:00:00,1771304400000,4932.5,4933.4,4908.3,4908.6,208.308
2026-02-17 05:15:00,1771305300000,4908.6,4909.0,4872.1,4883.6,1385.218
2026-02-17 05:30:00,1771306200000,4883.6,4884.5,4844.0,4861.3,1472.235
2026-02-17 05:45:00,1771307100000,4861.3,4877.4,4856.5,4868.7,429.259
2026-02-17 06:00:00,1771308000000,4868.7,4875.2,4868.7,4871.6,124.073
2026-02-17 06:15:00,1771308900000,4871.6,4881.6,4866.9,4875.1,127.217
2026-02-17 06:30:00,1771309800000,4875.1,4892.8,4873.8,4889.4,146.243
2026-02-17 06:45:00,1771310700000,4889.4,4893.5,4881.1,4890.6,248.243
2026-02-17 07:00:00,1771311600000,4890.6,4892.8,4884.6,4886.5,113.511
2026-02-17 07:15:00,1771312500000,4886.5,4896.2,4886.3,4888.2,112.195
2026-02-17 07:30:00,1771313400000,4888.2,4899.9,4884.7,4897.1,178.285
2026-02-17 07:45:00,1771314300000,4897.1,4900.5,4894.9,4897.1,232.137
2026-02-17 08:00:00,1771315200000,4897.1,4908.0,4896.7,4907.2,205.673
2026-02-17 08:15:00,1771316100000,4907.2,4907.9,4900.3,4901.0,122.159
2026-02-17 08:30:00,1771317000000,4901.0,4904.6,4895.8,4896.4,84.272
2026-02-17 08:45:00,1771317900000,4896.4,4903.2,4896.4,4900.3,91.985
2026-02-17 09:00:00,1771318800000,4900.3,4907.0,4899.2,4899.5,164.672
2026-02-17 09:15:00,1771319700000,4899.5,4901.6,4896.8,4897.6,46.694
2026-02-17 09:30:00,1771320600000,4897.6,4900.6,4895.0,4898.5,101.89
2026-02-17 09:45:00,1771321500000,4898.5,4909.8,4893.1,4905.3,214.283
2026-02-17 10:00:00,1771322400000,4905.3,4918.6,4904.1,4917.1,192.554
2026-02-17 10:15:00,1771323300000,4917.1,4917.6,4909.0,4909.0,62.785
2026-02-17 10:30:00,1771324200000,4909.0,4909.0,4900.0,4901.5,171.868
2026-02-17 10:45:00,1771325100000,4901.5,4903.0,4889.0,4891.7,256.405
2026-02-17 11:00:00,1771326000000,4891.7,4905.1,4891.7,4905.1,108.75
2026-02-17 11:15:00,1771326900000,4905.1,4908.5,4904.0,4906.7,85.291
2026-02-17 11:30:00,1771327800000,4906.7,4908.7,4902.5,4907.3,54.061
2026-02-17 11:45:00,1771328700000,4907.3,4909.6,4902.8,4909.6,85.176
2026-02-17 12:00:00,1771329600000,4909.6,4917.8,4908.5,4913.7,126.386
2026-02-17 12:15:00,1771330500000,4913.7,4922.4,4913.7,4922.3,192.815
2026-02-17 12:30:00,1771331400000,4922.3,4922.3,4914.4,4917.6,150.166
2026-02-17 12:45:00,1771332300000,4917.6,4917.6,4910.0,4911.8,57.733
2026-02-17 13:00:00,1771333200000,4911.8,4913.0,4898.8,4901.5,181.255
2026-02-17 13:15:00,1771334100000,4901.5,4902.2,4892.4,4901.4,258.055
2026-02-17 13:30:00,1771335000000,4901.4,4902.5,4889.1,4900.4,359.746
2026-02-17 13:45:00,1771335900000,4900.4,4902.7,4851.8,4852.0,1095.37
2026-02-17 14:00:00,1771336800000,4852.0,4880.0,4820.8,4877.2,1272.991
2026-02-17 14:15:00,1771337700000,4877.2,4883.8,4871.7,4879.3,295.862
2026-02-17 14:30:00,1771338600000,4879.3,4885.2,4848.0,4849.8,974.48
2026-02-17 14:45:00,1771339500000,4849.8,4858.6,4836.5,4842.6,664.017
2026-02-17 15:00:00,1771340400000,4842.6,4852.4,4829.6,4836.8,614.428
2026-02-17 15:15:00,1771341300000,4836.8,4855.3,4833.6,4840.4,564.145
2026-02-17 15:30:00,1771342200000,4840.4,4850.6,4832.7,4846.9,359.26
2026-02-17 15:45:00,1771343100000,4846.9,4860.5,4841.7,4857.4,242.249
2026-02-17 16:00:00,1771344000000,4857.4,4869.9,4855.0,4861.1,386.225
2026-02-17 16:15:00,1771344900000,4861.1,4868.8,4860.1,4861.7,138.251
2026-02-17 16:30:00,1771345800000,4861.7,4864.6,4852.8,4855.4,190.252
2026-02-17 16:45:00,1771346700000,4855.4,4859.9,4847.3,4847.8,169.451
2026-02-17 17:00:00,1771347600000,4847.8,4849.2,4829.3,4833.5,494.516
2026-02-17 17:15:00,1771348500000,4833.5,4844.1,4833.5,4844.0,117.689
2026-02-17 17:30:00,1771349400000,4844.0,4846.7,4839.0,4839.5,110.469
2026-02-17 17:45:00,1771350300000,4839.5,4845.9,4833.6,4844.1,121.028
2026-02-17 18:00:00,1771351200000,4844.1,4850.3,4843.3,4846.6,156.694
2026-02-17 18:15:00,1771352100000,4846.6,4868.6,4846.4,4865.6,304.458
2026-02-17 18:30:00,1771353000000,4865.6,4875.4,4859.8,4870.0,318.785
2026-02-17 18:45:00,1771353900000,4870.0,4890.4,4866.6,4879.0,371.549
2026-02-17 19:00:00,1771354800000,4879.0,4881.3,4874.1,4874.8,118.855
2026-02-17 19:15:00,1771355700000,4874.8,4878.0,4862.5,4864.1,137.774
2026-02-17 19:30:00,1771356600000,4864.1,4866.6,4857.8,4863.8,120.033
2026-02-17 19:45:00,1771357500000,4863.8,4865.4,4861.6,4861.6,31.447
2026-02-17 20:00:00,1771358400000,4861.6,4862.2,4855.6,4857.5,203.011
2026-02-17 20:15:00,1771359300000,4857.5,4858.6,4852.7,4855.8,46.308
2026-02-17 20:30:00,1771360200000,4855.8,4861.3,4853.2,4857.8,42.017
2026-02-17 20:45:00,1771361100000,4857.8,4862.9,4856.0,4857.6,40.912
2026-02-17 21:00:00,1771362000000,4857.6,4862.3,4855.0,4861.8,49.167
2026-02-17 21:15:00,1771362900000,4861.8,4866.8,4859.8,4861.4,183.703
2026-02-17 21:30:00,1771363800000,4861.4,4862.6,4859.5,4860.4,79.742
2026-02-17 21:45:00,1771364700000,4860.4,4860.4,4858.2,4860.4,36.749
2026-02-17 22:00:00,1771365600000,4860.4,4864.4,4860.4,4863.2,33.799
2026-02-17 22:15:00,1771366500000,4863.2,4865.4,4863.0,4864.5,30.13
2026-02-17 22:30:00,1771367400000,4864.5,4867.5,4864.5,4867.5,42.017
2026-02-17 22:45:00,1771368300000,4867.5,4867.5,4866.5,4867.1,10.073
2026-02-17 23:00:00,1771369200000,4867.1,4867.3,4840.9,4861.3,716.792
2026-02-17 23:15:00,1771370100000,4861.3,4862.3,4848.4,4856.9,258.873
2026-02-17 23:30:00,1771371000000,4856.9,4861.4,4845.0,4855.3,291.836
2026-02-17 23:45:00,1771371900000,4855.3,4855.3,4835.6,4839.6,250.673
2026-02-18 00:00:00,1771372800000,4839.6,4848.3,4839.0,4843.6,131.319
2026-02-18 00:15:00,1771373700000,4843.6,4850.0,4838.7,4848.1,123.132
2026-02-18 00:30:00,1771374600000,4848.1,4859.1,4847.4,4856.3,117.526
2026-02-18 00:45:00,1771375500000,4856.3,4860.5,4851.5,4853.0,177.326
2026-02-18 01:00:00,1771376400000,4853.0,4867.7,4852.9,4863.9,359.035
2026-02-18 01:15:00,1771377300000,4863.9,4868.1,4860.5,4864.5,134.332
2026-02-18 01:30:00,1771378200000,4864.5,4870.6,4861.6,4864.9,171.641
2026-02-18 01:45:00,1771379100000,4864.9,4869.4,4861.7,4867.4,110.653
2026-02-18 02:00:00,1771380000000,4867.4,4879.4,4865.7,4877.7,197.741
2026-02-18 02:15:00,1771380900000,4877.7,4882.4,4875.1,4880.0,138.035
2026-02-18 02:30:00,1771381800000,4880.0,4884.2,4879.7,4883.5,101.859
2026-02-18 02:45:00,1771382700000,4883.5,4884.7,4881.2,4882.7,43.863
2026-02-18 03:00:00,1771383600000,4882.7,4893.2,4882.4,4889.2,186.679
2026-02-18 03:15:00,1771384500000,4889.2,4898.2,4889.2,4898.0,71.102
2026-02-18 03:30:00,1771385400000,4898.0,4899.5,4895.7,4896.2,90.104
2026-02-18 03:45:00,1771386300000,4896.2,4899.6,4896.0,4898.5,81.724
2026-02-18 04:00:00,1771387200000,4898.5,4908.9,4896.9,4908.0,149.467
2026-02-18 04:15:00,1771388100000,4908.0,4910.8,4903.9,4910.7,121.477
2026-02-18 04:30:00,1771389000000,4910.7,4914.6,4909.7,4910.8,142.339
2026-02-18 04:45:00,1771389900000,4910.8,4917.4,4910.1,4911.2,160.959
2026-02-18 05:00:00,1771390800000,4911.2,4915.5,4907.4,4910.3,63.537
2026-02-18 05:15:00,1771391700000,4910.3,4916.1,4907.7,4912.7,169.747
2026-02-18 05:30:00,1771392600000,4912.7,4918.2,4912.6,4913.9,103.505
2026-02-18 05:45:00,1771393500000,4913.9,4917.9,4912.0,4912.1,142.056
2026-02-18 06:00:00,1771394400000,4912.1,4912.7,4905.8,4906.4,210.479
2026-02-18 06:15:00,1771395300000,4906.4,4913.1,4904.5,4909.4,133.935
2026-02-18 06:30:00,1771396200000,4909.4,4911.9,4907.0,4909.9,71.751
2026-02-18 06:45:00,1771397100000,4909.9,4914.6,4909.9,4910.7,45.947
2026-02-18 07:00:00,1771398000000,4910.7,4919.8,4909.7,4916.8,195.297
2026-02-18 07:15:00,1771398900000,4916.8,4919.8,4912.1,4918.2,68.667
2026-02-18 07:30:00,1771399800000,4918.2,4920.6,4915.4,4915.5,94.726
2026-02-18 07:45:00,1771400700000,4915.5,4915.5,4909.0,4909.9,149.045
2026-02-18 08:00:00,1771401600000,4909.9,4912.6,4907.6,4908.7,60.822
2026-02-18 08:15:00,1771402500000,4908.7,4908.7,4903.1,4906.1,132.895
2026-02-18 08:30:00,1771403400000,4906.1,4906.4,4900.7,4901.7,85.711
2026-02-18 08:45:00,1771404300000,4901.7,4902.4,4897.6,4897.6,157.548
2026-02-18 09:00:00,1771405200000,4897.6,4900.0,4893.7,4897.4,87.619
2026-02-18 09:15:00,1771406100000,4897.4,4904.7,4894.5,4903.1,281.578
2026-02-18 09:30:00,1771407000000,4903.1,4904.7,4898.3,4901.7,65.968
2026-02-18 09:45:00,1771407900000,4901.7,4902.5,4898.7,4898.7,66.268
2026-02-18 10:00:00,1771408800000,4898.7,4905.0,4898.7,4901.3,49.426
2026-02-18 10:15:00,1771409700000,4901.3,4905.7,4900.3,4902.5,23.823
2026-02-18 10:30:00,1771410600000,4902.5,4902.7,4891.0,4892.4,143.027
2026-02-18 10:45:00,1771411500000,4892.4,4896.8,4891.6,4895.6,37.577
2026-02-18 11:00:00,1771412400000,4895.6,4897.2,4893.0,4897.1,64.93
2026-02-18 11:15:00,1771413300000,4897.1,4898.6,4896.2,4896.6,71.147
2026-02-18 11:30:00,1771414200000,4896.6,4896.8,4893.0,4893.0,33.729
2026-02-18 11:45:00,1771415100000,4893.0,4896.3,4887.1,4894.0,144.324
2026-02-18 12:00:00,1771416000000,4894.0,4908.0,4893.4,4903.1,138.805
2026-02-18 12:15:00,1771416900000,4903.1,4911.9,4903.1,4903.4,167.076
2026-02-18 12:30:00,1771417800000,4903.4,4910.5,4900.4,4909.3,92.764
2026-02-18 12:45:00,1771418700000,4909.3,4927.5,4908.9,4923.2,307.699
2026-02-18 13:00:00,1771419600000,4923.2,4941.9,4923.2,4937.6,558.213
2026-02-18 13:15:00,1771420500000,4937.6,4939.0,4933.4,4936.4,91.414
2026-02-18 13:30:00,1771421400000,4936.4,4948.6,4933.2,4935.1,319.387
2026-02-18 13:45:00,1771422300000,4935.1,4935.6,4928.9,4933.6,109.709
2026-02-18 14:00:00,1771423200000,4933.6,4940.6,4932.5,4938.0,155.647
2026-02-18 14:15:00,1771424100000,4938.0,4942.8,4935.8,4941.2,152.814
2026-02-18 14:30:00,1771425000000,4941.2,4965.0,4936.5,4961.4,708.677
2026-02-18 14:45:00,1771425900000,4961.4,4974.0,4961.4,4971.6,422.366
2026-02-18 15:00:00,1771426800000,4971.6,4986.7,4971.5,4981.7,694.517
2026-02-18 15:15:00,1771427700000,4981.7,4986.0,4980.0,4980.9,271.552
2026-02-18 15:30:00,1771428600000,4980.9,4980.9,4974.9,4978.6,324.888
2026-02-18 15:45:00,1771429500000,4978.6,4978.6,4971.9,4974.1,167.733
2026-02-18 16:00:00,1771430400000,4974.1,4979.1,4974.1,4976.8,269.509
2026-02-18 16:15:00,1771431300000,4976.8,4977.3,4968.7,4973.7,235.606
2026-02-18 16:30:00,1771432200000,4973.7,4984.6,4973.0,4983.7,165.285
2026-02-18 16:45:00,1771433100000,4983.7,4989.6,4979.6,4980.2,315.207
2026-02-18 17:00:00,1771434000000,4980.2,4980.3,4974.4,4976.8,81.461
2026-02-18 17:15:00,1771434900000,4976.8,4977.6,4975.9,4976.8,27.02
2026-02-18 17:30:00,1771435800000,4976.8,4977.0,4971.4,4974.7,40.491
2026-02-18 17:45:00,1771436700000,4974.7,4977.3,4974.7,4975.4,36.867
2026-02-18 18:00:00,1771437600000,4975.4,4980.1,4975.4,4975.9,41.383
2026-02-18 18:15:00,1771438500000,4975.9,4975.9,4964.0,4964.0,277.608
2026-02-18 18:30:00,1771439400000,4964.0,4969.9,4956.8,4959.8,392.432
2026-02-18 18:45:00,1771440300000,4959.8,4963.0,4959.3,4963.0,87.643
2026-02-18 19:00:00,1771441200000,4963.0,4969.8,4961.2,4968.7,157.575
2026-02-18 19:15:00,1771442100000,4968.7,4971.0,4951.1,4956.4,173.709
2026-02-18 19:30:00,1771443000000,4956.4,4960.1,4950.4,4958.1,170.608
2026-02-18 19:45:00,1771443900000,4958.1,4960.3,4955.4,4957.4,99.776
2026-02-18 20:00:00,1771444800000,4957.4,4961.8,4951.9,4955.1,103.863
2026-02-18 20:15:00,1771445700000,4955.1,4957.0,4953.1,4954.7,41.52
2026-02-18 20:30:00,1771446600000,4954.7,4963.7,4954.0,4962.1,42.5
2026-02-18 20:45:00,1771447500000,4962.1,4962.5,4957.8,4960.9,70.095
2026-02-18 21:00:00,1771448400000,4960.9,4962.1,4958.2,4958.6,16.71
2026-02-18 21:15:00,1771449300000,4958.6,4961.2,4958.6,4960.7,26.842
2026-02-18 21:30:00,1771450200000,4960.7,4960.7,4958.5,4958.6,19.975
2026-02-18 21:45:00,1771451100000,4958.6,4958.6,4953.6,4954.8,99.671
2026-02-18 22:00:00,1771452000000,4954.8,4959.3,4954.6,4955.8,20.336
2026-02-18 22:15:00,1771452900000,4955.8,4959.0,4955.8,4956.5,22.738
2026-02-18 22:30:00,1771453800000,4956.5,4959.0,4954.9,4956.8,38.076
2026-02-18 22:45:00,1771454700000,4956.8,4957.4,4955.6,4957.0,25.372
2026-02-18 23:00:00,1771455600000,4957.0,4958.1,4938.3,4953.4,557.574
2026-02-18 23:15:00,1771456500000,4953.4,4959.9,4948.9,4957.9,102.997
2026-02-18 23:30:00,1771457400000,4957.9,4964.4,4956.2,4958.1,66.21
2026-02-18 23:45:00,1771458300000,4958.1,4959.0,4945.6,4951.6,62.978
2026-02-19 00:00:00,1771459200000,4951.6,4951.6,4938.6,4944.4,196.047
2026-02-19 00:15:00,1771460100000,4944.4,4949.0,4941.2,4944.1,71.118
2026-02-19 00:30:00,1771461000000,4944.1,4950.8,4943.2,4944.0,109.575
2026-02-19 00:45:00,1771461900000,4944.0,4944.0,4938.0,4938.8,93.29
2026-02-19 01:00:00,1771462800000,4938.8,4946.2,4938.6,4943.6,142.397
2026-02-19 01:15:00,1771463700000,4943.6,4945.4,4940.3,4942.1,40.209
2026-02-19 01:30:00,1771464600000,4942.1,4949.8,4940.8,4948.4,95.697
2026-02-19 01:45:00,1771465500000,4948.4,4954.3,4948.4,4952.9,121.593
2026-02-19 02:00:00,1771466400000,4952.9,4955.7,4951.3,4952.8,85.349
2026-02-19 02:15:00,1771467300000,4952.8,4952.8,4945.8,4951.4,50.363
2026-02-19 02:30:00,1771468200000,4951.4,4951.9,4947.9,4950.5,21.923
2026-02-19 02:45:00,1771469100000,4950.5,4951.8,4948.0,4948.1,25.552
2026-02-19 03:00:00,1771470000000,4948.1,4949.0,4946.0,4949.0,27.954
2026-02-19 03:15:00,1771470900000,4949.0,4950.0,4946.6,4948.0,9.765
2026-02-19 03:30:00,1771471800000,4948.0,4957.4,4947.9,4955.6,65.73
2026-02-19 03:45:00,1771472700000,4955.6,4963.7,4955.6,4962.9,163.496
2026-02-19 04:00:00,1771473600000,4962.9,4965.6,4958.8,4964.2,270.568
2026-02-19 04:15:00,1771474500000,4964.2,4964.2,4957.6,4959.9,148.059
2026-02-19 04:30:00,1771475400000,4959.9,4964.2,4959.4,4960.6,46.806
2026-02-19 04:45:00,1771476300000,4960.6,4963.5,4957.3,4962.9,51.194
2026-02-19 05:00:00,1771477200000,4962.9,4972.5,4962.9,4969.9,215.679
2026-02-19 05:15:00,1771478100000,4969.9,4970.0,4968.3,4969.7,28.432
2026-02-19 05:30:00,1771479000000,4969.7,4975.8,4969.6,4975.4,122.457
2026-02-19 05:45:00,1771479900000,4975.4,4979.3,4975.3,4976.6,74.044
2026-02-19 06:00:00,1771480800000,4976.6,4979.0,4975.5,4978.9,77.97
2026-02-19 06:15:00,1771481700000,4978.9,4981.4,4977.6,4981.4,130.253
2026-02-19 06:30:00,1771482600000,4981.4,4988.2,4981.3,4987.7,144.0
2026-02-19 06:45:00,1771483500000,4987.7,4997.8,4987.7,4996.2,475.596
2026-02-19 07:00:00,1771484400000,4996.2,4999.4,4996.1,4996.9,96.849
2026-02-19 07:15:00,1771485300000,4996.9,4997.8,4993.1,4996.1,117.628
2026-02-19 07:30:00,1771486200000,4996.1,4998.0,4993.4,4995.3,109.425
2026-02-19 07:45:00,1771487100000,4995.3,4995.3,4987.3,4989.2,150.357
2026-02-19 08:00:00,1771488000000,4989.2,4989.9,4985.9,4989.8,101.565
2026-02-19 08:15:00,1771488900000,4989.8,4993.1,4989.1,4992.9,64.535
2026-02-19 08:30:00,1771489800000,4992.9,4998.2,4990.1,4998.2,83.802
2026-02-19 08:45:00,1771490700000,4998.2,5000.0,4993.6,4997.2,290.256
2026-02-19 09:00:00,1771491600000,4997.2,4997.8,4994.8,4996.9,181.796
2026-02-19 09:15:00,1771492500000,4996.9,4997.5,4979.8,4980.3,322.433
2026-02-19 09:30:00,1771493400000,4980.3,4984.5,4971.8,4983.7,458.093
2026-02-19 09:45:00,1771494300000,4983.7,4984.4,4976.3,4976.4,126.039
2026-02-19 10:00:00,1771495200000,4976.4,4976.4,4964.3,4969.2,580.462
2026-02-19 10:15:00,1771496100000,4969.2,4972.2,4966.6,4966.7,67.587
2026-02-19 10:30:00,1771497000000,4966.7,4976.0,4962.8,4970.5,182.705
2026-02-19 10:45:00,1771497900000,4970.5,4974.2,4969.6,4974.2,49.717
2026-02-19 11:00:00,1771498800000,4974.2,4977.2,4970.6,4974.3,147.268
2026-02-19 11:15:00,1771499700000,4974.3,4974.8,4959.0,4966.2,366.913
2026-02-19 11:30:00,1771500600000,4966.2,4967.4,4964.4,4964.9,182.997
2026-02-19 11:45:00,1771501500000,4964.9,4967.6,4960.2,4965.7,165.916
2026-02-19 12:00:00,1771502400000,4965.7,4971.5,4962.4,4969.0,125.875
2026-02-19 12:15:00,1771503300000,4969.0,4972.9,4966.8,4972.9,63.751
2026-02-19 12:30:00,1771504200000,4972.9,4974.9,4966.7,4969.1,93.315
2026-02-19 12:45:00,1771505100000,4969.1,4969.5,4964.6,4967.8,149.643
2026-02-19 13:00:00,1771506000000,4967.8,4967.9,4957.1,4964.7,258.481
2026-02-19 13:15:00,1771506900000,4964.7,4968.8,4962.1,4965.7,111.005
2026-02-19 13:30:00,1771507800000,4965.7,4978.3,4953.3,4975.6,421.117
2026-02-19 13:45:00,1771508700000,4975.6,4979.7,4973.2,4979.3,180.555
2026-02-19 14:00:00,1771509600000,4979.3,4979.3,4955.4,4955.4,616.107
2026-02-19 14:15:00,1771510500000,4955.4,4964.1,4955.4,4961.4,111.001
2026-02-19 14:30:00,1771511400000,4961.4,4974.6,4945.6,4973.3,1014.208
2026-02-19 14:45:00,1771512300000,4973.3,4990.5,4969.2,4985.7,343.52
2026-02-19 15:00:00,1771513200000,4985.7,4988.5,4979.2,4979.4,695.223
2026-02-19 15:15:00,1771514100000,4979.4,4995.8,4976.4,4995.7,467.541
2026-02-19 15:30:00,1771515000000,4995.7,5002.2,4992.9,4994.6,475.118
2026-02-19 15:45:00,1771515900000,4994.6,4994.6,4986.7,4993.5,242.839
2026-02-19 16:00:00,1771516800000,4993.5,4993.5,4979.7,4982.5,503.593
2026-02-19 16:15:00,1771517700000,4982.5,4984.5,4970.6,4976.2,340.608
2026-02-19 16:30:00,1771518600000,4976.2,4987.2,4976.2,4985.8,167.461
2026-02-19 16:45:00,1771519500000,4985.8,4985.8,4970.0,4974.3,176.942
2026-02-19 17:00:00,1771520400000,4974.3,4977.1,4970.5,4975.8,300.634
2026-02-19 17:15:00,1771521300000,4975.8,4980.7,4972.6,4973.2,267.269
2026-02-19 17:30:00,1771522200000,4973.2,4974.5,4966.4,4972.9,172.258
2026-02-19 17:45:00,1771523100000,4972.9,4973.0,4963.4,4965.1,111.834
2026-02-19 18:00:00,1771524000000,4965.1,4966.3,4959.5,4966.3,368.738
2026-02-19 18:15:00,1771524900000,4966.3,4967.6,4956.7,4957.9,189.593
2026-02-19 18:30:00,1771525800000,4957.9,4962.6,4956.5,4956.5,98.82
2026-02-19 18:45:00,1771526700000,4956.5,4964.1,4956.5,4960.7,143.841
2026-02-19 19:00:00,1771527600000,4960.7,4968.7,4960.6,4967.7,104.889
2026-02-19 19:15:00,1771528500000,4967.7,4970.4,4966.8,4969.3,37.48
2026-02-19 19:30:00,1771529400000,4969.3,4969.8,4960.0,4965.4,69.89
2026-02-19 19:45:00,1771530300000,4965.4,4968.2,4963.2,4967.1,37.864
2026-02-19 20:00:00,1771531200000,4967.1,4971.1,4967.1,4970.0,56.046
2026-02-19 20:15:00,1771532100000,4970.0,4975.8,4969.5,4975.7,27.423
2026-02-19 20:30:00,1771533000000,4975.7,4978.9,4975.2,4978.4,140.475
2026-02-19 20:45:00,1771533900000,4978.4,4981.0,4978.0,4980.5,86.642
2026-02-19 21:00:00,1771534800000,4980.5,4982.6,4976.6,4978.0,91.889
2026-02-19 21:15:00,1771535700000,4978.0,4978.9,4972.6,4972.6,81.85
2026-02-19 21:30:00,1771536600000,4972.6,4977.9,4972.6,4977.8,30.659
2026-02-19 21:45:00,1771537500000,4977.8,4979.2,4975.0,4976.7,49.313
2026-02-19 22:00:00,1771538400000,4976.7,4977.3,4973.5,4977.2,31.884
2026-02-19 22:15:00,1771539300000,4977.2,4977.3,4975.2,4975.9,25.377
2026-02-19 22:30:00,1771540200000,4975.9,4979.0,4975.9,4978.9,54.887
2026-02-19 22:45:00,1771541100000,4978.9,4981.4,4978.9,4980.9,28.859
2026-02-19 23:00:00,1771542000000,4980.9,4987.3,4975.5,4978.4,227.662
2026-02-19 23:15:00,1771542900000,4978.4,4983.2,4974.1,4977.5,104.497
2026-02-19 23:30:00,1771543800000,4977.5,4981.3,4975.8,4977.4,72.084
2026-02-19 23:45:00,1771544700000,4977.4,4980.2,4968.0,4969.3,178.586
2026-02-20 00:00:00,1771545600000,4969.3,4978.0,4968.0,4976.0,340.675
2026-02-20 00:15:00,1771546500000,4976.0,4978.1,4972.1,4974.2,64.167
2026-02-20 00:30:00,1771547400000,4974.2,4978.6,4971.3,4976.4,61.867
2026-02-20 00:45:00,1771548300000,4976.4,4987.7,4976.4,4987.6,121.993
2026-02-20 01:00:00,1771549200000,4987.6,4995.9,4987.6,4995.0,257.628
2026-02-20 01:15:00,1771550100000,4995.0,4995.1,4980.0,4982.3,146.077
2026-02-20 01:30:00,1771551000000,4982.3,4985.7,4979.2,4980.5,120.335
2026-02-20 01:45:00,1771551900000,4980.5,4983.0,4979.1,4980.5,50.701
2026-02-20 02:00:00,1771552800000,4980.5,4989.2,4977.6,4979.9,87.96
2026-02-20 02:15:00,1771553700000,4979.9,4981.9,4977.7,4981.1,34.299
2026-02-20 02:30:00,1771554600000,4981.1,4985.8,4981.1,4983.3,118.121
2026-02-20 02:45:00,1771555500000,4983.3,4983.3,4977.8,4979.7,211.831
2026-02-20 03:00:00,1771556400000,4979.7,4980.2,4974.7,4978.5,103.049
2026-02-20 03:15:00,1771557300000,4978.5,4981.1,4976.2,4976.2,65.68
2026-02-20 03:30:00,1771558200000,4976.2,4982.1,4966.8,4971.7,208.641
2026-02-20 03:45:00,1771559100000,4971.7,4979.0,4970.4,4972.6,89.548
2026-02-20 04:00:00,1771560000000,4972.6,4976.9,4972.5,4976.2,52.526
2026-02-20 04:15:00,1771560900000,4976.2,4978.1,4975.4,4978.0,22.549
2026-02-20 04:30:00,1771561800000,4978.0,4986.2,4977.6,4982.4,84.433
2026-02-20 04:45:00,1771562700000,4982.4,4983.6,4980.6,4983.0,25.634
2026-02-20 05:00:00,1771563600000,4983.0,4988.1,4983.0,4984.3,221.423
2026-02-20 05:15:00,1771564500000,4984.3,4984.3,4981.5,4984.1,47.103
2026-02-20 05:30:00,1771565400000,4984.1,4986.6,4981.8,4983.1,65.381
2026-02-20 05:45:00,1771566300000,4983.1,4992.3,4982.1,4992.3,84.249
2026-02-20 06:00:00,1771567200000,4992.3,4999.6,4992.3,4998.1,234.145
2026-02-20 06:15:00,1771568100000,4998.1,5009.0,4997.7,5002.9,389.701
2026-02-20 06:30:00,1771569000000,5002.9,5006.8,5001.7,5006.0,66.086
2026-02-20 06:45:00,1771569900000,5006.0,5010.6,5001.5,5001.5,297.325
2026-02-20 07:00:00,1771570800000,5001.5,5007.3,4996.9,5002.8,246.379
2026-02-20 07:15:00,1771571700000,5002.8,5004.4,4991.0,4996.5,173.863
2026-02-20 07:30:00,1771572600000,4996.5,4997.7,4994.1,4997.2,73.699
2026-02-20 07:45:00,1771573500000,4997.2,4997.2,4987.6,4988.1,134.672
2026-02-20 08:00:00,1771574400000,4988.1,4997.0,4987.3,4993.1,160.324
2026-02-20 08:15:00,1771575300000,4993.1,5000.1,4992.6,4999.5,106.079
2026-02-20 08:30:00,1771576200000,4999.5,5007.3,4999.2,5003.6,174.862
2026-02-20 08:45:00,1771577100000,5003.6,5010.4,5003.6,5009.6,116.999
2026-02-20 09:00:00,1771578000000,5009.6,5020.0,5009.4,5018.5,400.588
2026-02-20 09:15:00,1771578900000,5018.5,5022.0,5014.2,5014.2,195.955
2026-02-20 09:30:00,1771579800000,5014.2,5015.3,5011.2,5012.8,125.65
2026-02-20 09:45:00,1771580700000,5012.8,5013.6,5007.3,5007.7,127.471
2026-02-20 10:00:00,1771581600000,5007.7,5007.8,5000.1,5005.2,173.054
2026-02-20 10:15:00,1771582500000,5005.2,5009.6,5003.4,5005.6,165.991
2026-02-20 10:30:00,1771583400000,5005.6,5016.0,5005.6,5012.6,372.711
2026-02-20 10:45:00,1771584300000,5012.6,5017.0,5005.8,5014.7,215.016
2026-02-20 11:00:00,1771585200000,5014.7,5014.9,5011.7,5011.7,83.624
2026-02-20 11:15:00,1771586100000,5011.7,5011.7,5006.8,5008.2,91.418
2026-02-20 11:30:00,1771587000000,5008.2,5012.2,5003.0,5007.1,66.543
2026-02-20 11:45:00,1771587900000,5007.1,5008.0,4996.8,4998.5,339.465
2026-02-20 12:00:00,1771588800000,4998.5,5003.4,4994.8,5002.5,187.902
2026-02-20 12:15:00,1771589700000,5002.5,5003.4,4994.2,4994.3,165.686
2026-02-20 12:30:00,1771590600000,4994.3,5006.2,4990.1,5006.2,412.492
2026-02-20 12:45:00,1771591500000,5006.2,5007.5,5004.2,5007.1,63.914
2026-02-20 13:00:00,1771592400000,5007.1,5010.9,5005.7,5008.8,117.814
2026-02-20 13:15:00,1771593300000,5008.8,5014.2,5008.6,5012.3,130.947
2026-02-20 13:30:00,1771594200000,5012.3,5014.4,5002.8,5014.4,330.006
2026-02-20 13:45:00,1771595100000,5014.4,5031.5,5013.2,5026.8,811.858
2026-02-20 14:00:00,1771596000000,5026.8,5029.9,5020.4,5025.7,343.638
2026-02-20 14:15:00,1771596900000,5025.7,5028.8,5022.3,5023.7,331.11
2026-02-20 14:30:00,1771597800000,5023.7,5037.8,5021.7,5036.7,748.088
2026-02-20 14:45:00,1771598700000,5036.7,5044.0,5032.8,5036.8,380.827
2026-02-20 15:00:00,1771599600000,5036.8,5046.6,4975.0,5005.9,4094.679
2026-02-20 15:15:00,1771600500000,5005.9,5026.9,4997.6,5010.1,881.643
2026-02-20 15:30:00,1771601400000,5010.1,5028.0,5002.4,5027.7,421.402
2026-02-20 15:45:00,1771602300000,5027.7,5034.0,5019.6,5024.2,364.112
2026-02-20 16:00:00,1771603200000,5024.2,5036.7,5022.0,5035.3,417.335
2026-02-20 16:15:00,1771604100000,5035.3,5037.6,5026.9,5034.5,457.074
2026-02-20 16:30:00,1771605000000,5034.5,5051.9,5033.9,5043.0,309.292
2026-02-20 16:45:00,1771605900000,5043.0,5048.4,5041.6,5046.6,241.154
2026-02-20 17:00:00,1771606800000,5046.6,5052.7,5045.1,5046.5,346.336
2026-02-20 17:15:00,1771607700000,5046.5,5047.8,5034.5,5043.8,220.564
2026-02-20 17:30:00,1771608600000,5043.8,5052.0,5042.4,5049.0,246.511
2026-02-20 17:45:00,1771609500000,5049.0,5059.7,5048.0,5054.5,501.023
2026-02-20 18:00:00,1771610400000,5054.5,5054.8,5048.5,5051.2,154.551
2026-02-20 18:15:00,1771611300000,5051.2,5052.3,5038.6,5041.6,215.026
2026-02-20 18:30:00,1771612200000,5041.6,5055.9,5040.3,5049.4,553.719
2026-02-20 18:45:00,1771613100000,5049.4,5056.5,5049.2,5053.5,326.688
2026-02-20 19:00:00,1771614000000,5053.5,5059.5,5051.4,5054.0,298.309
2026-02-20 19:15:00,1771614900000,5054.0,5059.9,5051.2,5053.2,379.88
2026-02-20 19:30:00,1771615800000,5053.2,5055.7,5053.1,5055.7,52.344
2026-02-20 19:45:00,1771616700000,5055.7,5061.8,5054.4,5060.9,205.855
2026-02-20 20:00:00,1771617600000,5060.9,5063.3,5059.1,5061.8,92.261
2026-02-20 20:15:00,1771618500000,5061.8,5068.2,5061.2,5066.7,214.154
2026-02-20 20:30:00,1771619400000,5066.7,5069.8,5065.2,5066.5,155.082
2026-02-20 20:45:00,1771620300000,5066.5,5080.1,5066.0,5079.5,344.674
2026-02-20 21:00:00,1771621200000,5079.5,5080.5,5073.7,5074.2,160.93
2026-02-20 21:15:00,1771622100000,5074.2,5079.2,5073.2,5079.1,86.928
2026-02-20 21:30:00,1771623000000,5079.1,5082.0,5079.1,5081.8,105.957
2026-02-20 21:45:00,1771623900000,5081.8,5089.8,5081.7,5088.3,172.52
2026-02-20 22:00:00,1771624800000,5088.3,5089.3,5085.1,5085.9,140.585
2026-02-20 22:15:00,1771625700000,5085.9,5089.0,5085.9,5089.0,50.311
2026-02-20 22:30:00,1771626600000,5089.0,5089.0,5078.6,5082.0,301.11
2026-02-20 22:45:00,1771627500000,5082.0,5082.0,5075.2,5079.4,159.289
2026-02-20 23:00:00,1771628400000,5079.4,5079.7,5078.4,5078.5,30.718
2026-02-20 23:15:00,1771629300000,5078.5,5079.1,5077.6,5077.8,33.304
2026-02-20 23:30:00,1771630200000,5077.8,5079.3,5077.2,5079.2,84.89
2026-02-20 23:45:00,1771631100000,5079.2,5082.1,5079.1,5082.1,71.354
2026-02-21 00:00:00,1771632000000,5082.1,5084.8,5082.0,5084.7,102.003
2026-02-21 00:15:00,1771632900000,5084.7,5084.8,5084.0,5084.6,19.557
2026-02-21 00:30:00,1771633800000,5084.6,5085.1,5084.4,5084.5,31.635
2026-02-21 00:45:00,1771634700000,5084.5,5085.2,5084.4,5085.1,31.45
2026-02-21 01:00:00,1771635600000,5085.1,5094.6,5085.1,5094.0,457.339
2026-02-21 01:15:00,1771636500000,5094.0,5094.8,5087.8,5087.9,243.288
2026-02-21 01:30:00,1771637400000,5087.9,5090.8,5087.2,5089.7,27.68
2026-02-21 01:45:00,1771638300000,5089.7,5089.7,5086.4,5086.5,34.812
2026-02-21 02:00:00,1771639200000,5086.5,5088.1,5085.2,5088.1,32.925
2026-02-21 02:15:00,1771640100000,5088.1,5088.7,5085.1,5085.1,55.895
2026-02-21 02:30:00,1771641000000,5085.1,5085.2,5083.9,5083.9,46.552
2026-02-21 02:45:00,1771641900000,5083.9,5086.0,5083.9,5085.0,30.443
2026-02-21 03:00:00,1771642800000,5085.0,5085.1,5082.8,5083.4,38.686
2026-02-21 03:15:00,1771643700000,5083.4,5083.5,5073.3,5080.6,388.254
2026-02-21 03:30:00,1771644600000,5080.6,5081.0,5080.6,5081.0,15.656
2026-02-21 03:45:00,1771645500000,5081.0,5081.6,5081.0,5081.5,26.922
2026-02-21 04:00:00,1771646400000,5081.5,5082.9,5081.5,5082.9,13.575
2026-02-21 04:15:00,1771647300000,5082.9,5085.4,5082.8,5085.3,45.184
2026-02-21 04:30:00,1771648200000,5085.3,5085.6,5084.8,5085.4,18.934
2026-02-21 04:45:00,1771649100000,5085.4,5085.4,5083.6,5084.8,36.161
2026-02-21 05:00:00,1771650000000,5084.8,5085.5,5083.6,5085.5,31.891
2026-02-21 05:15:00,1771650900000,5085.5,5085.5,5084.8,5084.9,8.434
2026-02-21 05:30:00,1771651800000,5084.9,5084.9,5083.4,5084.5,14.511
2026-02-21 05:45:00,1771652700000,5084.5,5084.6,5082.7,5082.7,22.626
2026-02-21 06:00:00,1771653600000,5082.7,5084.4,5080.3,5082.4,79.67
2026-02-21 06:15:00,1771654500000,5082.4,5082.4,5082.1,5082.2,15.347
2026-02-21 06:30:00,1771655400000,5082.2,5083.3,5082.1,5083.3,26.801
2026-02-21 06:45:00,1771656300000,5083.3,5083.3,5082.9,5083.2,34.667
2026-02-21 07:00:00,1771657200000,5083.2,5083.2,5083.1,5083.2,8.594
2026-02-21 07:15:00,1771658100000,5083.2,5086.7,5083.2,5086.6,83.783
2026-02-21 07:30:00,1771659000000,5086.6,5090.0,5086.6,5088.6,101.918
2026-02-21 07:45:00,1771659900000,5088.6,5089.1,5088.3,5089.1,37.287
2026-02-21 08:00:00,1771660800000,5089.1,5089.3,5089.0,5089.3,37.499
2026-02-21 08:15:00,1771661700000,5089.3,5089.6,5088.8,5089.6,30.907
2026-02-21 08:30:00,1771662600000,5089.6,5093.0,5089.6,5092.9,74.436
2026-02-21 08:45:00,1771663500000,5092.9,5093.1,5092.9,5093.1,23.374
2026-02-21 09:00:00,1771664400000,5093.1,5093.3,5093.0,5093.3,29.309
2026-02-21 09:15:00,1771665300000,5093.3,5093.3,5092.0,5092.1,26.453
2026-02-21 09:30:00,1771666200000,5092.1,5092.1,5091.3,5091.3,74.684
2026-02-21 09:45:00,1771667100000,5091.3,5091.3,5090.9,5090.9,27.32
2026-02-21 10:00:00,1771668000000,5090.9,5091.0,5088.4,5088.5,36.008
2026-02-21 10:15:00,1771668900000,5088.5,5088.5,5087.0,5087.4,31.015
2026-02-21 10:30:00,1771669800000,5087.4,5091.6,5087.3,5090.7,70.434
2026-02-21 10:45:00,1771670700000,5090.7,5090.7,5089.5,5089.6,32.074
2026-02-21 11:00:00,1771671600000,5089.6,5090.9,5089.6,5090.8,28.977
2026-02-21 11:15:00,1771672500000,5090.8,5092.9,5090.7,5092.9,46.914
2026-02-21 11:30:00,1771673400000,5092.9,5093.4,5092.8,5092.9,21.066
2026-02-21 11:45:00,1771674300000,5092.9,5093.1,5092.8,5093.1,37.332
2026-02-21 12:00:00,1771675200000,5093.1,5093.6,5093.0,5093.6,32.374
2026-02-21 12:15:00,1771676100000,5093.6,5094.9,5093.5,5094.9,71.951
2026-02-21 12:30:00,1771677000000,5094.9,5097.4,5093.7,5093.7,161.118
2026-02-21 12:45:00,1771677900000,5093.7,5094.0,5093.7,5094.0,24.795
2026-02-21 13:00:00,1771678800000,5094.0,5094.0,5093.9,5094.0,16.823
2026-02-21 13:15:00,1771679700000,5094.0,5094.0,5093.9,5094.0,19.512
2026-02-21 13:30:00,1771680600000,5094.0,5097.7,5093.9,5097.3,28.484
2026-02-21 13:45:00,1771681500000,5097.3,5105.0,5097.2,5102.7,466.742
2026-02-21 14:00:00,1771682400000,5102.7,5103.1,5102.0,5103.0,120.373
2026-02-21 14:15:00,1771683300000,5103.0,5106.3,5102.0,5106.3,124.734
2026-02-21 14:30:00,1771684200000,5106.3,5109.2,5106.3,5109.2,137.431
2026-02-21 14:45:00,1771685100000,5109.2,5109.4,5105.0,5105.9,85.481
2026-02-21 15:00:00,1771686000000,5105.9,5106.3,5103.3,5106.3,46.02
2026-02-21 15:15:00,1771686900000,5106.3,5108.5,5106.2,5108.5,56.549
2026-02-21 15:30:00,1771687800000,5108.5,5108.5,5104.6,5104.6,58.851
2026-02-21 15:45:00,1771688700000,5104.6,5104.7,5098.3,5098.4,125.147
2026-02-21 16:00:00,1771689600000,5098.4,5105.3,5098.3,5104.4,146.511
2026-02-21 16:15:00,1771690500000,5104.4,5104.5,5102.1,5103.3,28.21
2026-02-21 16:30:00,1771691400000,5103.3,5109.3,5103.2,5108.8,128.598
2026-02-21 16:45:00,1771692300000,5108.8,5112.9,5108.7,5111.1,208.472
2026-02-21 17:00:00,1771693200000,5111.1,5116.9,5111.1,5116.8,224.698
2026-02-21 17:15:00,1771694100000,5116.8,5116.9,5113.9,5114.9,134.557
2026-02-21 17:30:00,1771695000000,5114.9,5116.3,5114.8,5115.3,196.241
2026-02-21 17:45:00,1771695900000,5115.3,5116.3,5115.3,5115.8,111.205
2026-02-21 18:00:00,1771696800000,5115.8,5115.8,5112.8,5112.9,54.882
2026-02-21 18:15:00,1771697700000,5112.9,5114.5,5112.4,5114.5,54.918
2026-02-21 18:30:00,1771698600000,5114.5,5115.9,5114.4,5114.9,25.678
2026-02-21 18:45:00,1771699500000,5114.9,5114.9,5111.2,5111.6,254.523
2026-02-21 19:00:00,1771700400000,5111.6,5111.9,5110.4,5110.5,45.675
2026-02-21 19:15:00,1771701300000,5110.5,5110.5,5108.7,5108.8,31.487
2026-02-21 19:30:00,1771702200000,5108.8,5108.8,5107.9,5108.0,18.506
2026-02-21 19:45:00,1771703100000,5108.0,5108.0,5105.8,5105.9,39.696
2026-02-21 20:00:00,1771704000000,5105.9,5108.8,5105.8,5108.1,70.616
2026-02-21 20:15:00,1771704900000,5108.1,5109.6,5107.6,5107.7,44.399
2026-02-21 20:30:00,1771705800000,5107.7,5107.7,5105.3,5105.3,47.086
2026-02-21 20:45:00,1771706700000,5105.3,5109.9,5105.3,5108.3,59.716
2026-02-21 21:00:00,1771707600000,5108.3,5109.6,5108.2,5109.5,13.849
2026-02-21 21:15:00,1771708500000,5109.5,5110.8,5109.5,5110.8,19.261
2026-02-21 21:30:00,1771709400000,5110.8,5111.4,5110.7,5111.4,16.459
2026-02-21 21:45:00,1771710300000,5111.4,5111.4,5109.8,5109.8,10.874
2026-02-21 22:00:00,1771711200000,5109.8,5109.9,5108.2,5108.3,19.531
2026-02-21 22:15:00,1771712100000,5108.3,5108.3,5107.7,5107.7,23.08
2026-02-21 22:30:00,1771713000000,5107.7,5107.8,5103.0,5103.7,48.797
2026-02-21 22:45:00,1771713900000,5103.7,5104.4,5103.7,5104.4,37.534
2026-02-21 23:00:00,1771714800000,5104.4,5105.6,5104.0,5104.8,58.362
2026-02-21 23:15:00,1771715700000,5104.8,5105.8,5104.7,5105.7,30.004
2026-02-21 23:30:00,1771716600000,5105.7,5105.8,5101.3,5103.1,260.177
2026-02-21 23:45:00,1771717500000,5103.1,5105.0,5103.1,5103.5,83.478
2026-02-22 00:00:00,1771718400000,5103.5,5105.2,5103.5,5104.9,40.331
2026-02-22 00:15:00,1771719300000,5104.9,5104.9,5104.8,5104.9,12.715
2026-02-22 00:30:00,1771720200000,5104.9,5104.9,5103.0,5103.1,111.827
2026-02-22 00:45:00,1771721100000,5103.1,5103.1,5101.4,5101.4,27.285
2026-02-22 01:00:00,1771722000000,5101.4,5101.4,5100.0,5100.1,26.433
2026-02-22 01:15:00,1771722900000,5100.1,5100.1,5096.3,5096.3,112.142
2026-02-22 01:30:00,1771723800000,5096.3,5098.6,5095.1,5098.2,137.387
2026-02-22 01:45:00,1771724700000,5098.2,5098.9,5098.2,5098.8,14.458
2026-02-22 02:00:00,1771725600000,5098.8,5100.0,5098.8,5100.0,16.386
2026-02-22 02:15:00,1771726500000,5100.0,5102.0,5099.9,5101.0,37.905
2026-02-22 02:30:00,1771727400000,5101.0,5102.4,5100.8,5101.4,34.964
2026-02-22 02:45:00,1771728300000,5101.4,5101.4,5097.4,5097.5,50.746
2026-02-22 03:00:00,1771729200000,5097.5,5097.5,5095.8,5096.1,40.427
2026-02-22 03:15:00,1771730100000,5096.1,5096.1,5093.0,5093.7,77.444
2026-02-22 03:30:00,1771731000000,5093.7,5093.7,5090.6,5090.6,106.033
2026-02-22 03:45:00,1771731900000,5090.6,5090.7,5086.0,5087.2,197.255
2026-02-22 04:00:00,1771732800000,5087.2,5096.0,5087.2,5095.2,67.668
2026-02-22 04:15:00,1771733700000,5095.2,5095.2,5093.8,5093.9,29.183
2026-02-22 04:30:00,1771734600000,5093.9,5093.9,5093.8,5093.9,18.034
2026-02-22 04:45:00,1771735500000,5093.9,5094.3,5093.3,5093.4,36.078
2026-02-22 05:00:00,1771736400000,5093.4,5093.4,5092.9,5092.9,22.478
2026-02-22 05:15:00,1771737300000,5092.9,5096.1,5092.9,5096.1,56.651
2026-02-22 05:30:00,1771738200000,5096.1,5096.6,5094.3,5095.1,94.789
2026-02-22 05:45:00,1771739100000,5095.1,5095.5,5095.0,5095.4,36.991
2026-02-22 06:00:00,1771740000000,5095.4,5095.5,5095.4,5095.4,18.394
2026-02-22 06:15:00,1771740900000,5095.4,5097.6,5095.4,5097.5,63.661
2026-02-22 06:30:00,1771741800000,5097.5,5097.6,5097.5,5097.5,25.08
2026-02-22 06:45:00,1771742700000,5097.5,5097.6,5097.5,5097.5,28.619
2026-02-22 07:00:00,1771743600000,5097.5,5097.6,5096.4,5096.4,83.712
2026-02-22 07:15:00,1771744500000,5096.4,5096.5,5096.4,5096.4,20.714
2026-02-22 07:30:00,1771745400000,5096.4,5096.5,5094.1,5096.0,142.197
2026-02-22 07:45:00,1771746300000,5096.0,5096.1,5095.0,5095.1,43.239
2026-02-22 08:00:00,1771747200000,5095.1,5095.1,5094.8,5094.9,50.053
2026-02-22 08:15:00,1771748100000,5094.9,5094.9,5094.8,5094.8,33.976
2026-02-22 08:30:00,1771749000000,5094.8,5094.9,5094.1,5094.2,78.439
2026-02-22 08:45:00,1771749900000,5094.2,5094.9,5094.1,5094.4,26.896
2026-02-22 09:00:00,1771750800000,5094.4,5094.4,5093.0,5093.1,22.114
2026-02-22 09:15:00,1771751700000,5093.1,5093.1,5089.6,5089.6,49.322
2026-02-22 09:30:00,1771752600000,5089.6,5090.8,5089.6,5090.8,32.301
2026-02-22 09:45:00,1771753500000,5090.8,5090.8,5088.1,5088.4,53.189
2026-02-22 10:00:00,1771754400000,5088.4,5090.9,5088.3,5090.9,38.646
2026-02-22 10:15:00,1771755300000,5090.9,5095.3,5090.9,5094.2,84.111
2026-02-22 10:30:00,1771756200000,5094.2,5095.5,5093.7,5095.1,54.495
2026-02-22 10:45:00,1771757100000,5095.1,5095.7,5095.0,5095.1,38.81
2026-02-22 11:00:00,1771758000000,5095.1,5095.2,5095.1,5095.2,26.748
2026-02-22 11:15:00,1771758900000,5095.2,5096.0,5095.1,5095.9,71.553
2026-02-22 11:30:00,1771759800000,5095.9,5096.0,5095.9,5096.0,26.87
2026-02-22 11:45:00,1771760700000,5096.0,5099.8,5095.9,5099.6,83.517
2026-02-22 12:00:00,1771761600000,5099.6,5099.6,5098.3,5098.4,37.502
2026-02-22 12:15:00,1771762500000,5098.4,5100.0,5098.0,5100.0,55.522
2026-02-22 12:30:00,1771763400000,5100.0,5100.5,5099.0,5099.0,47.71
2026-02-22 12:45:00,1771764300000,5099.0,5099.1,5099.0,5099.1,8.951
2026-02-22 13:00:00,1771765200000,5099.1,5100.0,5099.0,5099.3,26.153
2026-02-22 13:15:00,1771766100000,5099.3,5102.0,5099.2,5102.0,34.433
2026-02-22 13:30:00,1771767000000,5102.0,5104.3,5101.2,5104.2,112.855
2026-02-22 13:45:00,1771767900000,5104.2,5105.6,5102.8,5104.2,278.909
2026-02-22 14:00:00,1771768800000,5104.2,5108.0,5104.2,5108.0,51.416
2026-02-22 14:15:00,1771769700000,5108.0,5116.7,5107.9,5116.6,164.174
2026-02-22 14:30:00,1771770600000,5116.6,5126.3,5116.6,5123.2,745.567
2026-02-22 14:45:00,1771771500000,5123.2,5124.0,5116.8,5119.4,266.999
2026-02-22 15:00:00,1771772400000,5119.4,5124.8,5118.8,5120.5,270.194
2026-02-22 15:15:00,1771773300000,5120.5,5120.5,5113.4,5114.1,232.284
2026-02-22 15:30:00,1771774200000,5114.1,5114.6,5108.4,5108.7,172.253
2026-02-22 15:45:00,1771775100000,5108.7,5120.0,5108.0,5115.9,407.552
2026-02-22 16:00:00,1771776000000,5115.9,5121.1,5114.9,5115.6,129.433
2026-02-22 16:15:00,1771776900000,5115.6,5116.1,5114.0,5114.7,90.591
2026-02-22 16:30:00,1771777800000,5114.7,5114.7,5112.2,5112.3,34.977
2026-02-22 16:45:00,1771778700000,5112.3,5114.2,5111.6,5112.8,88.861
2026-02-22 17:00:00,1771779600000,5112.8,5119.5,5112.7,5117.0,232.924
2026-02-22 17:15:00,1771780500000,5117.0,5118.0,5114.3,5114.7,79.851
2026-02-22 17:30:00,1771781400000,5114.7,5117.3,5113.2,5113.3,144.964
2026-02-22 17:45:00,1771782300000,5113.3,5116.8,5113.0,5116.5,199.048
2026-02-22 18:00:00,1771783200000,5116.5,5116.5,5112.4,5112.5,120.88
2026-02-22 18:15:00,1771784100000,5112.5,5116.6,5112.5,5114.5,141.441
2026-02-22 18:30:00,1771785000000,5114.5,5114.9,5113.9,5114.2,43.847
2026-02-22 18:45:00,1771785900000,5114.2,5114.3,5114.2,5114.3,19.749
2026-02-22 19:00:00,1771786800000,5114.3,5114.3,5112.2,5112.5,122.176
2026-02-22 19:15:00,1771787700000,5112.5,5113.5,5112.2,5112.9,48.893
2026-02-22 19:30:00,1771788600000,5112.9,5113.8,5112.9,5113.7,25.68
2026-02-22 19:45:00,1771789500000,5113.7,5113.8,5113.3,5113.6,32.356
2026-02-22 20:00:00,1771790400000,5113.6,5121.1,5113.6,5121.1,221.96
2026-02-22 20:15:00,1771791300000,5121.1,5128.2,5121.0,5122.0,265.621
2026-02-22 20:30:00,1771792200000,5122.0,5122.1,5118.9,5119.7,22.275
2026-02-22 20:45:00,1771793100000,5119.7,5121.4,5113.9,5118.2,172.959
2026-02-22 21:00:00,1771794000000,5118.2,5119.3,5118.1,5119.2,29.885
2026-02-22 21:15:00,1771794900000,5119.2,5122.4,5119.2,5122.1,63.156
2026-02-22 21:30:00,1771795800000,5122.1,5122.6,5119.4,5119.4,51.802
2026-02-22 21:45:00,1771796700000,5119.4,5120.4,5119.1,5120.4,29.091
2026-02-22 22:00:00,1771797600000,5120.4,5130.8,5120.3,5124.6,788.711
2026-02-22 22:15:00,1771798500000,5124.6,5135.9,5124.6,5126.7,594.473
2026-02-22 22:30:00,1771799400000,5126.7,5128.0,5126.0,5126.8,161.46
2026-02-22 22:45:00,1771800300000,5126.8,5135.5,5125.0,5129.0,682.648
2026-02-22 23:00:00,1771801200000,5129.0,5134.5,5097.7,5132.7,3112.867
2026-02-22 23:15:00,1771802100000,5132.7,5138.3,5128.4,5133.3,518.01
2026-02-22 23:30:00,1771803000000,5133.3,5148.0,5130.9,5147.2,736.171
2026-02-22 23:45:00,1771803900000,5147.2,5160.0,5142.6,5153.6,558.231
2026-02-23 00:00:00,1771804800000,5153.6,5156.5,5125.0,5128.8,1543.669
2026-02-23 00:15:00,1771805700000,5128.8,5141.2,5115.0,5141.2,765.781
2026-02-23 00:30:00,1771806600000,5141.2,5148.2,5128.1,5129.3,554.28
2026-02-23 00:45:00,1771807500000,5129.3,5133.2,5124.2,5131.0,215.486
2026-02-23 01:00:00,1771808400000,5131.0,5141.9,5127.2,5131.7,454.375
2026-02-23 01:15:00,1771809300000,5131.7,5146.5,5131.0,5143.5,538.486
2026-02-23 01:30:00,1771810200000,5143.5,5152.5,5140.8,5152.5,355.492
2026-02-23 01:45:00,1771811100000,5152.5,5153.0,5141.9,5142.0,370.331
2026-02-23 02:00:00,1771812000000,5142.0,5151.2,5141.9,5145.9,255.664
2026-02-23 02:15:00,1771812900000,5145.9,5152.0,5143.0,5146.6,231.581
2026-02-23 02:30:00,1771813800000,5146.6,5161.4,5146.6,5160.0,411.767
2026-02-23 02:45:00,1771814700000,5160.0,5161.2,5149.9,5158.6,201.297
2026-02-23 03:00:00,1771815600000,5158.6,5160.4,5140.1,5146.1,278.559
2026-02-23 03:15:00,1771816500000,5146.1,5148.6,5140.9,5147.4,227.559
2026-02-23 03:30:00,1771817400000,5147.4,5153.8,5147.4,5150.8,235.924
2026-02-23 03:45:00,1771818300000,5150.8,5154.3,5149.7,5151.0,93.34
2026-02-23 04:00:00,1771819200000,5151.0,5152.3,5138.5,5146.1,204.745
2026-02-23 04:15:00,1771820100000,5146.1,5147.8,5143.2,5144.5,55.964
2026-02-23 04:30:00,1771821000000,5144.5,5147.5,5140.3,5142.9,152.849
2026-02-23 04:45:00,1771821900000,5142.9,5147.6,5142.2,5144.6,301.199
2026-02-23 05:00:00,1771822800000,5144.6,5145.3,5136.7,5143.0,325.68
2026-02-23 05:15:00,1771823700000,5143.0,5143.7,5135.9,5141.5,197.594
2026-02-23 05:30:00,1771824600000,5141.5,5141.5,5134.6,5139.5,262.578
2026-02-23 05:45:00,1771825500000,5139.5,5142.5,5139.4,5141.6,120.084
2026-02-23 06:00:00,1771826400000,5141.6,5144.3,5141.1,5142.2,91.693
2026-02-23 06:15:00,1771827300000,5142.2,5143.7,5135.3,5135.3,103.626
2026-02-23 06:30:00,1771828200000,5135.3,5139.0,5129.6,5130.6,198.353
2026-02-23 06:45:00,1771829100000,5130.6,5134.3,5127.1,5128.3,134.95
2026-02-23 07:00:00,1771830000000,5128.3,5135.9,5121.1,5129.8,380.244
2026-02-23 07:15:00,1771830900000,5129.8,5130.8,5108.5,5117.4,492.75
2026-02-23 07:30:00,1771831800000,5117.4,5118.4,5105.5,5117.6,454.348
2026-02-23 07:45:00,1771832700000,5117.6,5121.1,5117.2,5117.8,347.941
2026-02-23 08:00:00,1771833600000,5117.8,5119.2,5111.5,5117.8,549.317
2026-02-23 08:15:00,1771834500000,5117.8,5119.0,5102.2,5105.0,348.792
2026-02-23 08:30:00,1771835400000,5105.0,5113.3,5102.0,5107.2,398.227
2026-02-23 08:45:00,1771836300000,5107.2,5120.6,5107.1,5118.7,219.761
2026-02-23 09:00:00,1771837200000,5118.7,5125.8,5118.6,5125.1,199.091
2026-02-23 09:15:00,1771838100000,5125.1,5128.5,5124.5,5127.8,222.875
2026-02-23 09:30:00,1771839000000,5127.8,5129.5,5122.1,5125.4,196.572
2026-02-23 09:45:00,1771839900000,5125.4,5128.0,5123.2,5128.0,92.544
2026-02-23 10:00:00,1771840800000,5128.0,5131.9,5125.7,5128.2,153.631
2026-02-23 10:15:00,1771841700000,5128.2,5135.3,5128.1,5134.2,203.245
2026-02-23 10:30:00,1771842600000,5134.2,5135.5,5125.3,5130.6,102.59
2026-02-23 10:45:00,1771843500000,5130.6,5140.9,5130.5,5140.1,258.176
2026-02-23 11:00:00,1771844400000,5140.1,5141.1,5130.7,5132.5,188.843
2026-02-23 11:15:00,1771845300000,5132.5,5132.8,5126.1,5129.2,117.335
2026-02-23 11:30:00,1771846200000,5129.2,5131.3,5126.7,5129.0,54.867
2026-02-23 11:45:00,1771847100000,5129.0,5132.7,5128.0,5128.0,65.937
2026-02-23 12:00:00,1771848000000,5128.0,5131.9,5126.2,5127.9,119.485
2026-02-23 12:15:00,1771848900000,5127.9,5129.8,5124.1,5127.4,75.081
2026-02-23 12:30:00,1771849800000,5127.4,5142.0,5127.4,5142.0,97.479
2026-02-23 12:45:00,1771850700000,5142.0,5142.4,5137.6,5141.4,156.856
2026-02-23 13:00:00,1771851600000,5141.4,5142.5,5131.6,5132.3,169.96
2026-02-23 13:15:00,1771852500000,5132.3,5134.1,5121.2,5127.5,434.378
2026-02-23 13:30:00,1771853400000,5127.5,5131.1,5125.4,5130.2,119.96
2026-02-23 13:45:00,1771854300000,5130.2,5130.6,5123.5,5123.6,84.683
2026-02-23 14:00:00,1771855200000,5123.6,5134.2,5118.8,5134.2,158.426
2026-02-23 14:15:00,1771856100000,5134.2,5142.8,5133.9,5142.6,315.987
2026-02-23 14:30:00,1771857000000,5142.6,5169.9,5142.5,5169.6,1147.064
2026-02-23 14:45:00,1771857900000,5169.6,5179.2,5167.1,5171.3,946.7
2026-02-23 15:00:00,1771858800000,5171.3,5178.7,5161.7,5178.7,559.838
2026-02-23 15:15:00,1771859700000,5178.7,5183.6,5173.2,5177.2,339.44
2026-02-23 15:30:00,1771860600000,5177.2,5180.6,5166.2,5180.3,483.222
2026-02-23 15:45:00,1771861500000,5180.3,5184.0,5171.7,5175.9,187.313
2026-02-23 16:00:00,1771862400000,5175.9,5182.8,5158.4,5181.7,933.362
2026-02-23 16:15:00,1771863300000,5181.7,5197.6,5181.0,5193.9,964.652
2026-02-23 16:30:00,1771864200000,5193.9,5194.8,5186.5,5189.2,185.444
2026-02-23 16:45:00,1771865100000,5189.2,5196.0,5186.1,5189.0,233.479
2026-02-23 17:00:00,1771866000000,5189.0,5191.7,5178.6,5183.3,187.529
2026-02-23 17:15:00,1771866900000,5183.3,5190.2,5182.1,5187.5,146.682
2026-02-23 17:30:00,1771867800000,5187.5,5188.4,5168.9,5176.6,1380.468
2026-02-23 17:45:00,1771868700000,5176.6,5185.0,5173.9,5184.6,215.91
2026-02-23 18:00:00,1771869600000,5184.6,5192.0,5184.5,5190.4,133.093
2026-02-23 18:15:00,1771870500000,5190.4,5190.4,5177.6,5182.5,299.178
2026-02-23 18:30:00,1771871400000,5182.5,5190.0,5182.4,5183.8,107.406
2026-02-23 18:45:00,1771872300000,5183.8,5188.6,5183.6,5186.4,70.938
2026-02-23 19:00:00,1771873200000,5186.4,5188.5,5183.5,5188.3,61.742
2026-02-23 19:15:00,1771874100000,5188.3,5190.8,5183.7,5184.8,93.026
2026-02-23 19:30:00,1771875000000,5184.8,5193.5,5183.7,5193.2,688.104
2026-02-23 19:45:00,1771875900000,5193.2,5194.4,5190.5,5190.5,157.605
2026-02-23 20:00:00,1771876800000,5190.5,5201.4,5190.5,5199.1,672.559
2026-02-23 20:15:00,1771877700000,5199.1,5204.2,5198.1,5204.1,135.444
2026-02-23 20:30:00,1771878600000,5204.1,5210.0,5203.5,5206.5,352.002
2026-02-23 20:45:00,1771879500000,5206.5,5216.3,5203.8,5215.1,260.303
2026-02-23 21:00:00,1771880400000,5215.1,5216.5,5207.0,5207.8,293.239
2026-02-23 21:15:00,1771881300000,5207.8,5210.0,5206.5,5208.3,64.79
2026-02-23 21:30:00,1771882200000,5208.3,5211.1,5204.2,5207.0,121.194
2026-02-23 21:45:00,1771883100000,5207.0,5207.9,5203.9,5205.1,207.738
2026-02-23 22:00:00,1771884000000,5205.1,5208.0,5200.0,5204.9,217.772
2026-02-23 22:15:00,1771884900000,5204.9,5209.9,5204.8,5209.6,118.987
2026-02-23 22:30:00,1771885800000,5209.6,5211.0,5208.8,5209.6,92.497
2026-02-23 22:45:00,1771886700000,5209.6,5211.6,5209.5,5211.5,48.88
2026-02-23 23:00:00,1771887600000,5211.5,5227.9,5203.1,5222.5,924.026
2026-02-23 23:15:00,1771888500000,5222.5,5228.5,5212.2,5214.7,239.821
2026-02-23 23:30:00,1771889400000,5214.7,5225.2,5214.7,5220.3,215.663
2026-02-23 23:45:00,1771890300000,5220.3,5220.3,5212.3,5213.0,103.01
2026-02-24 00:00:00,1771891200000,5213.0,5213.0,5196.3,5206.1,420.68
2026-02-24 00:15:00,1771892100000,5206.1,5214.5,5201.1,5202.5,226.088
2026-02-24 00:30:00,1771893000000,5202.5,5207.1,5201.0,5205.6,92.609
2026-02-24 00:45:00,1771893900000,5205.6,5206.7,5196.5,5199.4,150.039
2026-02-24 01:00:00,1771894800000,5199.4,5199.4,5158.5,5160.2,1586.861
2026-02-24 01:15:00,1771895700000,5160.2,5162.7,5121.0,5147.2,3254.445
2026-02-24 01:30:00,1771896600000,5147.2,5160.1,5144.4,5152.6,1404.742
2026-02-24 01:45:00,1771897500000,5152.6,5159.1,5144.2,5156.4,236.483
2026-02-24 02:00:00,1771898400000,5156.4,5160.4,5147.5,5152.7,325.665
2026-02-24 02:15:00,1771899300000,5152.7,5153.5,5145.7,5152.0,327.267
2026-02-24 02:30:00,1771900200000,5152.0,5168.0,5152.0,5163.2,280.474
2026-02-24 02:45:00,1771901100000,5163.2,5169.9,5163.2,5168.3,186.748
2026-02-24 03:00:00,1771902000000,5168.3,5171.5,5165.8,5168.1,164.597
2026-02-24 03:15:00,1771902900000,5168.1,5169.0,5161.0,5161.4,167.905
2026-02-24 03:30:00,1771903800000,5161.4,5167.4,5156.1,5159.0,139.701
2026-02-24 03:45:00,1771904700000,5159.0,5159.5,5151.8,5152.2,179.163
2026-02-24 04:00:00,1771905600000,5152.2,5152.3,5141.9,5147.4,364.022
2026-02-24 04:15:00,1771906500000,5147.4,5154.9,5147.4,5152.4,303.286
2026-02-24 04:30:00,1771907400000,5152.4,5153.0,5144.9,5144.9,172.744
2026-02-24 04:45:00,1771908300000,5144.9,5149.9,5143.9,5147.1,73.007
2026-02-24 05:00:00,1771909200000,5147.1,5153.6,5143.7,5152.0,493.627
2026-02-24 05:15:00,1771910100000,5152.0,5153.9,5145.1,5145.1,148.431
2026-02-24 05:30:00,1771911000000,5145.1,5151.6,5143.1,5150.8,150.29
2026-02-24 05:45:00,1771911900000,5150.8,5162.0,5150.8,5159.9,140.057
2026-02-24 06:00:00,1771912800000,5159.9,5162.0,5154.8,5161.2,150.309
2026-02-24 06:15:00,1771913700000,5161.2,5161.7,5146.5,5147.2,127.835
2026-02-24 06:30:00,1771914600000,5147.2,5152.1,5133.8,5147.2,620.704
2026-02-24 06:45:00,1771915500000,5147.2,5152.0,5146.5,5151.1,373.551
2026-02-24 07:00:00,1771916400000,5151.1,5151.1,5142.6,5148.5,300.869
2026-02-24 07:15:00,1771917300000,5148.5,5159.8,5148.2,5159.7,240.082
2026-02-24 07:30:00,1771918200000,5159.7,5160.9,5152.6,5157.6,163.481
2026-02-24 07:45:00,1771919100000,5157.6,5160.3,5152.6,5156.9,126.95
2026-02-24 08:00:00,1771920000000,5156.9,5157.0,5147.6,5148.9,107.282
2026-02-24 08:15:00,1771920900000,5148.9,5151.4,5142.0,5148.3,157.854
2026-02-24 08:30:00,1771921800000,5148.3,5158.0,5147.4,5152.3,112.179
2026-02-24 08:45:00,1771922700000,5152.3,5153.4,5147.8,5150.2,123.303
2026-02-24 09:00:00,1771923600000,5150.2,5156.4,5149.6,5150.1,98.944
2026-02-24 09:15:00,1771924500000,5150.1,5152.0,5145.2,5145.3,61.761
2026-02-24 09:30:00,1771925400000,5145.3,5150.2,5144.1,5147.4,82.312
2026-02-24 09:45:00,1771926300000,5147.4,5150.6,5145.4,5150.4,57.987
2026-02-24 10:00:00,1771927200000,5150.4,5153.7,5149.4,5152.6,145.66
2026-02-24 10:15:00,1771928100000,5152.6,5158.1,5149.8,5153.5,123.986
2026-02-24 10:30:00,1771929000000,5153.5,5154.3,5142.5,5148.0,283.306
2026-02-24 10:45:00,1771929900000,5148.0,5150.8,5146.5,5149.3,70.964
2026-02-24 11:00:00,1771930800000,5149.3,5153.0,5149.1,5152.9,116.45
2026-02-24 11:15:00,1771931700000,5152.9,5153.0,5147.9,5149.8,123.719
2026-02-24 11:30:00,1771932600000,5149.8,5154.8,5149.0,5154.8,78.972
2026-02-24 11:45:00,1771933500000,5154.8,5154.8,5149.2,5149.6,59.524
2026-02-24 12:00:00,1771934400000,5149.6,5150.1,5142.6,5144.4,136.778
2026-02-24 12:15:00,1771935300000,5144.4,5145.5,5123.9,5138.7,951.813
2026-02-24 12:30:00,1771936200000,5138.7,5140.7,5131.1,5135.5,380.297
2026-02-24 12:45:00,1771937100000,5135.5,5135.5,5122.6,5127.4,730.507
2026-02-24 13:00:00,1771938000000,5127.4,5138.0,5127.4,5136.4,272.515
2026-02-24 13:15:00,1771938900000,5136.4,5136.4,5129.3,5134.2,185.438
2026-02-24 13:30:00,1771939800000,5134.2,5135.1,5110.0,5124.4,1082.451
2026-02-24 13:45:00,1771940700000,5124.4,5124.6,5092.1,5094.6,1888.534
2026-02-24 14:00:00,1771941600000,5094.6,5108.6,5075.0,5087.6,1703.728
2026-02-24 14:15:00,1771942500000,5087.6,5102.9,5082.7,5099.4,1500.473
2026-02-24 14:30:00,1771943400000,5099.4,5122.5,5094.4,5121.0,858.786
2026-02-24 14:45:00,1771944300000,5121.0,5122.4,5110.3,5111.6,493.044
2026-02-24 15:00:00,1771945200000,5111.6,5120.9,5101.8,5120.9,621.677
2026-02-24 15:15:00,1771946100000,5120.9,5129.8,5119.2,5122.2,420.657
2026-02-24 15:30:00,1771947000000,5122.2,5132.0,5117.7,5131.9,437.911
2026-02-24 15:45:00,1771947900000,5131.9,5137.6,5128.1,5132.2,176.365
2026-02-24 16:00:00,1771948800000,5132.2,5134.5,5124.2,5131.4,318.379
2026-02-24 16:15:00,1771949700000,5131.4,5134.1,5124.5,5126.7,203.321
2026-02-24 16:30:00,1771950600000,5126.7,5131.8,5119.0,5126.7,280.266
2026-02-24 16:45:00,1771951500000,5126.7,5127.2,5113.1,5124.2,433.299
2026-02-24 17:00:00,1771952400000,5124.2,5139.7,5124.2,5138.6,299.055
2026-02-24 17:15:00,1771953300000,5138.6,5145.0,5138.2,5140.1,250.291
2026-02-24 17:30:00,1771954200000,5140.1,5144.3,5138.6,5143.5,138.097
2026-02-24 17:45:00,1771955100000,5143.5,5145.8,5140.5,5145.8,58.927
2026-02-24 18:00:00,1771956000000,5145.8,5152.6,5145.8,5146.2,256.014
2026-02-24 18:15:00,1771956900000,5146.2,5146.5,5137.7,5139.5,241.994
2026-02-24 18:30:00,1771957800000,5139.5,5143.2,5135.6,5140.8,106.64
2026-02-24 18:45:00,1771958700000,5140.8,5143.9,5138.6,5141.7,87.239
2026-02-24 19:00:00,1771959600000,5141.7,5141.7,5132.2,5137.2,94.479
2026-02-24 19:15:00,1771960500000,5137.2,5138.6,5128.5,5133.7,166.59
2026-02-24 19:30:00,1771961400000,5133.7,5138.5,5130.8,5134.4,55.281
2026-02-24 19:45:00,1771962300000,5134.4,5137.3,5133.5,5136.0,54.853
2026-02-24 20:00:00,1771963200000,5136.0,5137.7,5129.1,5131.3,126.626
2026-02-24 20:15:00,1771964100000,5131.3,5151.4,5130.5,5149.4,213.579
2026-02-24 20:30:00,1771965000000,5149.4,5154.7,5147.0,5153.9,198.11
2026-02-24 20:45:00,1771965900000,5153.9,5153.9,5140.0,5146.6,176.776
2026-02-24 21:00:00,1771966800000,5146.6,5147.9,5137.9,5143.4,122.02
2026-02-24 21:15:00,1771967700000,5143.4,5145.1,5136.6,5138.7,122.736
2026-02-24 21:30:00,1771968600000,5138.7,5138.7,5128.1,5132.2,246.003
2026-02-24 21:45:00,1771969500000,5132.2,5132.2,5122.8,5124.6,202.87
2026-02-24 22:00:00,1771970400000,5124.6,5129.9,5123.0,5126.0,103.754
2026-02-24 22:15:00,1771971300000,5126.0,5127.7,5123.8,5123.8,63.621
2026-02-24 22:30:00,1771972200000,5123.8,5126.9,5120.0,5120.4,96.717
2026-02-24 22:45:00,1771973100000,5120.4,5121.2,5116.0,5118.6,43.127
2026-02-24 23:00:00,1771974000000,5118.6,5120.8,5105.8,5119.0,749.192
2026-02-24 23:15:00,1771974900000,5119.0,5120.6,5112.8,5114.4,123.404
2026-02-24 23:30:00,1771975800000,5114.4,5131.0,5113.5,5129.2,498.755
2026-02-24 23:45:00,1771976700000,5129.2,5134.9,5127.5,5130.3,437.453
2026-02-25 00:00:00,1771977600000,5130.3,5132.5,5121.0,5124.6,285.525
2026-02-25 00:15:00,1771978500000,5124.6,5129.3,5121.5,5123.6,226.159
2026-02-25 00:30:00,1771979400000,5123.6,5138.5,5123.6,5131.4,187.192
2026-02-25 00:45:00,1771980300000,5131.4,5139.7,5127.4,5136.3,124.358
2026-02-25 01:00:00,1771981200000,5136.3,5160.7,5129.6,5158.4,1306.076
2026-02-25 01:15:00,1771982100000,5158.4,5172.0,5157.5,5168.0,479.331
2026-02-25 01:30:00,1771983000000,5168.0,5171.9,5159.7,5162.6,407.391
2026-02-25 01:45:00,1771983900000,5162.6,5168.5,5156.1,5157.9,395.659
2026-02-25 02:00:00,1771984800000,5157.9,5170.8,5157.5,5170.4,498.616
2026-02-25 02:15:00,1771985700000,5170.4,5175.0,5164.7,5168.6,682.893
2026-02-25 02:30:00,1771986600000,5168.6,5170.0,5162.2,5164.7,202.69
2026-02-25 02:45:00,1771987500000,5164.7,5165.7,5147.8,5159.7,393.854
2026-02-25 03:00:00,1771988400000,5159.7,5167.5,5159.7,5164.1,105.478
2026-02-25 03:15:00,1771989300000,5164.1,5165.5,5158.3,5164.9,193.194
2026-02-25 03:30:00,1771990200000,5164.9,5166.5,5158.5,5162.5,146.384
2026-02-25 03:45:00,1771991100000,5162.5,5165.6,5157.8,5160.9,160.487
2026-02-25 04:00:00,1771992000000,5160.9,5164.1,5152.6,5164.0,1079.953
2026-02-25 04:15:00,1771992900000,5164.0,5166.3,5163.2,5164.8,88.92
2026-02-25 04:30:00,1771993800000,5164.8,5167.2,5163.1,5167.2,223.016
2026-02-25 04:45:00,1771994700000,5167.2,5167.3,5162.3,5165.4,81.611
2026-02-25 05:00:00,1771995600000,5165.4,5172.7,5165.3,5169.7,212.305
2026-02-25 05:15:00,1771996500000,5169.7,5177.6,5169.6,5176.6,268.927
2026-02-25 05:30:00,1771997400000,5176.6,5185.3,5175.1,5184.7,329.166
2026-02-25 05:45:00,1771998300000,5184.7,5190.6,5183.1,5183.5,281.989
2026-02-25 06:00:00,1771999200000,5183.5,5183.6,5165.9,5174.4,396.716
2026-02-25 06:15:00,1772000100000,5174.4,5177.0,5170.5,5171.4,137.574
2026-02-25 06:30:00,1772001000000,5171.4,5175.6,5170.1,5173.6,108.147
2026-02-25 06:45:00,1772001900000,5173.6,5174.9,5170.8,5174.8,59.994
2026-02-25 07:00:00,1772002800000,5174.8,5174.9,5167.7,5169.2,239.229
2026-02-25 07:15:00,1772003700000,5169.2,5170.0,5162.4,5167.0,130.196
2026-02-25 07:30:00,1772004600000,5167.0,5168.3,5165.3,5165.8,66.035
2026-02-25 07:45:00,1772005500000,5165.8,5168.2,5160.4,5163.3,82.205
2026-02-25 08:00:00,1772006400000,5163.3,5168.4,5163.3,5166.9,91.641
2026-02-25 08:15:00,1772007300000,5166.9,5173.1,5166.7,5172.8,110.997
2026-02-25 08:30:00,1772008200000,5172.8,5177.5,5171.9,5172.0,195.539
2026-02-25 08:45:00,1772009100000,5172.0,5172.6,5165.2,5166.2,99.114
2026-02-25 09:00:00,1772010000000,5166.2,5168.1,5158.7,5165.2,182.052
2026-02-25 09:15:00,1772010900000,5165.2,5169.0,5162.9,5168.0,77.67
2026-02-25 09:30:00,1772011800000,5168.0,5173.6,5166.5,5171.6,122.325
2026-02-25 09:45:00,1772012700000,5171.6,5174.6,5168.8,5173.6,75.287
2026-02-25 10:00:00,1772013600000,5173.6,5176.0,5164.0,5165.7,126.951
2026-02-25 10:15:00,1772014500000,5165.7,5165.7,5155.0,5156.4,178.511
2026-02-25 10:30:00,1772015400000,5156.4,5160.9,5152.6,5157.8,137.177
2026-02-25 10:45:00,1772016300000,5157.8,5158.0,5153.5,5156.1,68.187
2026-02-25 11:00:00,1772017200000,5156.1,5156.6,5145.1,5145.1,360.971
2026-02-25 11:15:00,1772018100000,5145.1,5150.8,5137.0,5150.1,327.682
2026-02-25 11:30:00,1772019000000,5150.1,5155.5,5148.5,5154.5,143.866
2026-02-25 11:45:00,1772019900000,5154.5,5164.0,5154.2,5163.1,188.852
2026-02-25 12:00:00,1772020800000,5163.1,5165.3,5160.4,5164.5,142.731
2026-02-25 12:15:00,1772021700000,5164.5,5168.8,5164.4,5165.2,74.671
2026-02-25 12:30:00,1772022600000,5165.2,5166.7,5158.7,5166.0,231.21
2026-02-25 12:45:00,1772023500000,5166.0,5166.1,5160.3,5163.4,78.302
2026-02-25 13:00:00,1772024400000,5163.4,5171.2,5163.3,5168.8,221.371
2026-02-25 13:15:00,1772025300000,5168.8,5172.6,5167.8,5169.4,195.321
2026-02-25 13:30:00,1772026200000,5169.4,5172.2,5164.3,5168.3,137.423
2026-02-25 13:45:00,1772027100000,5168.3,5172.8,5166.3,5166.6,132.897
2026-02-25 14:00:00,1772028000000,5166.6,5172.9,5165.7,5167.8,138.48
2026-02-25 14:15:00,1772028900000,5167.8,5169.7,5156.7,5160.1,487.644
2026-02-25 14:30:00,1772029800000,5160.1,5163.2,5142.1,5157.1,545.405
2026-02-25 14:45:00,1772030700000,5157.1,5174.0,5157.1,5172.2,275.702
2026-02-25 15:00:00,1772031600000,5172.2,5182.6,5169.3,5171.2,1102.345
2026-02-25 15:15:00,1772032500000,5171.2,5173.4,5154.0,5160.2,319.83
2026-02-25 15:30:00,1772033400000,5160.2,5172.0,5153.1,5170.1,281.205
2026-02-25 15:45:00,1772034300000,5170.1,5178.6,5165.9,5173.4,476.042
2026-02-25 16:00:00,1772035200000,5173.4,5177.3,5168.3,5170.9,285.576
2026-02-25 16:15:00,1772036100000,5170.9,5184.2,5170.9,5181.0,213.184
2026-02-25 16:30:00,1772037000000,5181.0,5185.2,5177.3,5184.8,194.211
2026-02-25 16:45:00,1772037900000,5184.8,5190.7,5184.2,5189.5,303.36
2026-02-25 17:00:00,1772038800000,5189.5,5194.8,5185.6,5191.7,274.695
2026-02-25 17:15:00,1772039700000,5191.7,5193.2,5188.1,5189.3,236.845
2026-02-25 17:30:00,1772040600000,5189.3,5190.0,5184.1,5184.1,178.021
2026-02-25 17:45:00,1772041500000,5184.1,5186.8,5180.6,5183.0,190.651
2026-02-25 18:00:00,1772042400000,5183.0,5183.9,5182.7,5182.7,47.17
2026-02-25 18:15:00,1772043300000,5182.7,5182.9,5181.2,5182.7,97.579
2026-02-25 18:30:00,1772044200000,5182.7,5182.8,5178.5,5179.2,135.855
2026-02-25 18:45:00,1772045100000,5179.2,5179.3,5175.3,5176.2,103.905
2026-02-25 19:00:00,1772046000000,5176.2,5180.0,5166.0,5180.0,267.4
2026-02-25 19:15:00,1772046900000,5180.0,5180.0,5168.8,5174.4,109.057
2026-02-25 19:30:00,1772047800000,5174.4,5178.4,5174.4,5178.0,67.404
2026-02-25 19:45:00,1772048700000,5178.0,5181.8,5174.7,5178.3,264.159
2026-02-25 20:00:00,1772049600000,5178.3,5179.5,5170.8,5170.9,149.568
2026-02-25 20:15:00,1772050500000,5170.9,5171.1,5160.0,5162.2,262.372
2026-02-25 20:30:00,1772051400000,5162.2,5165.2,5150.0,5156.1,407.771
2026-02-25 20:45:00,1772052300000,5156.1,5156.2,5120.1,5128.3,1134.616
2026-02-25 21:00:00,1772053200000,5128.3,5142.5,5125.6,5139.1,454.068
2026-02-25 21:15:00,1772054100000,5139.1,5149.0,5138.0,5145.1,150.191
2026-02-25 21:30:00,1772055000000,5145.1,5150.5,5143.3,5146.4,222.971
2026-02-25 21:45:00,1772055900000,5146.4,5148.3,5139.2,5143.2,297.065
2026-02-25 22:00:00,1772056800000,5143.2,5144.0,5142.1,5142.4,68.294
2026-02-25 22:15:00,1772057700000,5142.4,5143.4,5133.7,5133.7,60.331
2026-02-25 22:30:00,1772058600000,5133.7,5138.3,5133.3,5134.5,66.991
2026-02-25 22:45:00,1772059500000,5134.5,5141.9,5129.8,5141.9,81.429
2026-02-25 23:00:00,1772060400000,5141.9,5154.1,5139.3,5142.8,404.959
2026-02-25 23:15:00,1772061300000,5142.8,5152.7,5138.9,5147.0,899.341
2026-02-25 23:30:00,1772062200000,5147.0,5148.7,5140.1,5148.5,234.571
2026-02-25 23:45:00,1772063100000,5148.5,5153.3,5137.7,5139.8,415.8
2026-02-26 00:00:00,1772064000000,5139.8,5143.9,5132.1,5143.0,471.872
2026-02-26 00:15:00,1772064900000,5143.0,5159.5,5142.8,5159.4,260.16
2026-02-26 00:30:00,1772065800000,5159.4,5163.0,5154.4,5160.9,184.311
2026-02-26 00:45:00,1772066700000,5160.9,5164.2,5158.4,5161.8,110.466
2026-02-26 01:00:00,1772067600000,5161.8,5170.1,5156.8,5161.8,274.263
2026-02-26 01:15:00,1772068500000,5161.8,5167.9,5153.7,5154.4,98.073
2026-02-26 01:30:00,1772069400000,5154.4,5164.3,5152.9,5162.0,119.755
2026-02-26 01:45:00,1772070300000,5162.0,5166.7,5159.3,5164.8,459.049
2026-02-26 02:00:00,1772071200000,5164.8,5168.0,5156.1,5156.1,118.281
2026-02-26 02:15:00,1772072100000,5156.1,5162.5,5153.4,5153.8,175.647
2026-02-26 02:30:00,1772073000000,5153.8,5156.1,5148.2,5149.1,86.746
2026-02-26 02:45:00,1772073900000,5149.1,5158.4,5149.1,5155.9,75.338
2026-02-26 03:00:00,1772074800000,5155.9,5159.7,5155.5,5159.4,153.965
2026-02-26 03:15:00,1772075700000,5159.4,5165.2,5157.4,5160.7,130.97
2026-02-26 03:30:00,1772076600000,5160.7,5161.7,5158.0,5158.8,53.387
2026-02-26 03:45:00,1772077500000,5158.8,5164.7,5157.3,5164.5,172.572
2026-02-26 04:00:00,1772078400000,5164.5,5172.4,5164.5,5168.1,239.153
2026-02-26 04:15:00,1772079300000,5168.1,5168.9,5163.4,5165.6,102.327
2026-02-26 04:30:00,1772080200000,5165.6,5167.3,5164.3,5166.4,69.388
2026-02-26 04:45:00,1772081100000,5166.4,5166.4,5162.3,5164.7,113.106
2026-02-26 05:00:00,1772082000000,5164.7,5170.8,5162.2,5169.9,108.76
2026-02-26 05:15:00,1772082900000,5169.9,5173.5,5164.7,5169.7,832.552
2026-02-26 05:30:00,1772083800000,5169.7,5172.3,5166.9,5169.7,81.446
2026-02-26 05:45:00,1772084700000,5169.7,5169.7,5162.0,5167.1,153.021
2026-02-26 06:00:00,1772085600000,5167.1,5168.7,5163.2,5168.1,92.555
2026-02-26 06:15:00,1772086500000,5168.1,5168.1,5163.6,5163.7,95.027
2026-02-26 06:30:00,1772087400000,5163.7,5168.2,5163.7,5166.5,67.581
2026-02-26 06:45:00,1772088300000,5166.5,5166.8,5160.5,5163.0,97.227
2026-02-26 07:00:00,1772089200000,5163.0,5164.4,5153.0,5157.1,168.199
2026-02-26 07:15:00,1772090100000,5157.1,5160.3,5153.4,5155.9,153.405
2026-02-26 07:30:00,1772091000000,5155.9,5160.3,5155.6,5157.4,143.285
2026-02-26 07:45:00,1772091900000,5157.4,5162.4,5151.2,5161.0,805.971
2026-02-26 08:00:00,1772092800000,5161.0,5165.0,5153.9,5164.3,125.425
2026-02-26 08:15:00,1772093700000,5164.3,5165.1,5150.8,5152.2,120.323
2026-02-26 08:30:00,1772094600000,5152.2,5154.5,5145.2,5149.9,405.705
2026-02-26 08:45:00,1772095500000,5149.9,5157.2,5141.8,5153.8,260.613
2026-02-26 09:00:00,1772096400000,5153.8,5157.7,5149.3,5157.0,114.968
2026-02-26 09:15:00,1772097300000,5157.0,5157.6,5150.5,5155.7,101.35
2026-02-26 09:30:00,1772098200000,5155.7,5159.0,5154.9,5157.2,107.352
2026-02-26 09:45:00,1772099100000,5157.2,5164.0,5157.2,5161.7,94.376
2026-02-26 10:00:00,1772100000000,5161.7,5165.0,5161.2,5163.0,59.807
2026-02-26 10:15:00,1772100900000,5163.0,5163.2,5155.3,5155.3,95.321
2026-02-26 10:30:00,1772101800000,5155.3,5155.3,5149.1,5149.1,163.632
2026-02-26 10:45:00,1772102700000,5149.1,5150.9,5143.9,5147.1,223.691
2026-02-26 11:00:00,1772103600000,5147.1,5154.8,5146.4,5153.5,119.119
2026-02-26 11:15:00,1772104500000,5153.5,5153.5,5148.8,5149.3,141.573
2026-02-26 11:30:00,1772105400000,5149.3,5151.2,5147.2,5150.0,336.563
2026-02-26 11:45:00,1772106300000,5150.0,5150.1,5137.8,5141.4,204.547
2026-02-26 12:00:00,1772107200000,5141.4,5146.6,5135.0,5145.3,147.346
2026-02-26 12:15:00,1772108100000,5145.3,5156.4,5142.9,5156.1,194.882
2026-02-26 12:30:00,1772109000000,5156.1,5163.5,5155.4,5163.5,161.276
2026-02-26 12:45:00,1772109900000,5163.5,5164.7,5157.1,5160.4,133.723
2026-02-26 13:00:00,1772110800000,5160.4,5161.4,5146.5,5150.8,203.593
2026-02-26 13:15:00,1772111700000,5150.8,5155.2,5148.7,5152.7,99.8
2026-02-26 13:30:00,1772112600000,5152.7,5153.7,5142.2,5143.0,131.554
2026-02-26 13:45:00,1772113500000,5143.0,5148.2,5142.7,5143.9,89.524
2026-02-26 14:00:00,1772114400000,5143.9,5148.0,5140.0,5144.0,894.688
2026-02-26 14:15:00,1772115300000,5144.0,5150.0,5142.3,5148.8,121.464
2026-02-26 14:30:00,1772116200000,5148.8,5152.2,5121.1,5149.3,1278.35
2026-02-26 14:45:00,1772117100000,5149.3,5152.0,5142.5,5143.8,260.323
2026-02-26 15:00:00,1772118000000,5143.8,5151.0,5138.7,5141.7,143.272
2026-02-26 15:15:00,1772118900000,5141.7,5141.8,5109.4,5121.6,988.078
2026-02-26 15:30:00,1772119800000,5121.6,5155.0,5121.0,5152.1,531.729
2026-02-26 15:45:00,1772120700000,5152.1,5168.5,5152.1,5161.0,1073.509
2026-02-26 16:00:00,1772121600000,5161.0,5162.4,5150.2,5153.0,402.877
2026-02-26 16:15:00,1772122500000,5153.0,5160.7,5150.6,5156.7,147.662
2026-02-26 16:30:00,1772123400000,5156.7,5161.8,5154.6,5159.6,177.458
2026-02-26 16:45:00,1772124300000,5159.6,5161.3,5153.0,5156.3,269.453
2026-02-26 17:00:00,1772125200000,5156.3,5166.0,5155.4,5156.8,242.011
2026-02-26 17:15:00,1772126100000,5156.8,5158.0,5150.8,5151.0,138.986
2026-02-26 17:30:00,1772127000000,5151.0,5154.0,5149.1,5151.3,198.645
2026-02-26 17:45:00,1772127900000,5151.3,5152.1,5140.0,5145.0,236.845
2026-02-26 18:00:00,1772128800000,5145.0,5149.9,5141.1,5149.9,180.332
2026-02-26 18:15:00,1772129700000,5149.9,5154.7,5148.7,5153.9,85.632
2026-02-26 18:30:00,1772130600000,5153.9,5158.6,5138.0,5158.5,260.862
2026-02-26 18:45:00,1772131500000,5158.5,5161.5,5155.6,5156.8,66.162
2026-02-26 19:00:00,1772132400000,5156.8,5164.9,5156.7,5162.7,145.334
2026-02-26 19:15:00,1772133300000,5162.7,5165.3,5160.8,5161.2,82.578
2026-02-26 19:30:00,1772134200000,5161.2,5166.4,5159.2,5162.0,76.149
2026-02-26 19:45:00,1772135100000,5162.0,5170.0,5162.0,5163.3,146.931
2026-02-26 20:00:00,1772136000000,5163.3,5173.5,5163.0,5172.6,154.478
2026-02-26 20:15:00,1772136900000,5172.6,5173.6,5167.6,5168.7,157.608
2026-02-26 20:30:00,1772137800000,5168.7,5174.5,5167.3,5174.0,190.139
2026-02-26 20:45:00,1772138700000,5174.0,5175.9,5165.9,5172.3,92.018
2026-02-26 21:00:00,1772139600000,5172.3,5175.0,5171.7,5173.0,80.307
2026-02-26 21:15:00,1772140500000,5173.0,5173.0,5162.7,5163.4,77.744
2026-02-26 21:30:00,1772141400000,5163.4,5168.7,5162.5,5168.0,129.919
2026-02-26 21:45:00,1772142300000,5168.0,5168.0,5161.1,5162.3,72.649
2026-02-26 22:00:00,1772143200000,5162.3,5165.5,5162.0,5165.5,42.857
2026-02-26 22:15:00,1772144100000,5165.5,5167.1,5158.9,5160.6,76.548
2026-02-26 22:30:00,1772145000000,5160.6,5161.8,5157.5,5157.5,41.062
2026-02-26 22:45:00,1772145900000,5157.5,5163.8,5157.5,5162.3,26.627
2026-02-26 23:00:00,1772146800000,5162.3,5166.2,5154.3,5161.0,151.78
2026-02-26 23:15:00,1772147700000,5161.0,5165.1,5158.7,5161.6,54.077
2026-02-26 23:30:00,1772148600000,5161.6,5166.0,5159.2,5163.2,58.777
2026-02-26 23:45:00,1772149500000,5163.2,5165.2,5159.5,5161.4,52.322
2026-02-27 00:00:00,1772150400000,5161.4,5164.0,5156.6,5163.5,71.751
2026-02-27 00:15:00,1772151300000,5163.5,5171.5,5163.5,5166.5,122.803
2026-02-27 00:30:00,1772152200000,5166.5,5167.4,5148.9,5153.9,234.122
2026-02-27 00:45:00,1772153100000,5153.9,5157.4,5151.4,5155.8,324.132
2026-02-27 01:00:00,1772154000000,5155.8,5157.4,5147.5,5155.9,304.94
2026-02-27 01:15:00,1772154900000,5155.9,5159.2,5154.8,5154.9,101.945
2026-02-27 01:30:00,1772155800000,5154.9,5169.0,5153.0,5166.6,126.617
2026-02-27 01:45:00,1772156700000,5166.6,5171.9,5166.6,5171.8,170.179
2026-02-27 02:00:00,1772157600000,5171.8,5177.5,5170.1,5172.6,158.873
2026-02-27 02:15:00,1772158500000,5172.6,5173.3,5163.6,5163.6,130.61
2026-02-27 02:30:00,1772159400000,5163.6,5164.7,5156.1,5162.4,256.406
2026-02-27 02:45:00,1772160300000,5162.4,5163.3,5155.1,5163.3,54.28
2026-02-27 03:00:00,1772161200000,5163.3,5164.4,5161.3,5162.5,122.104
2026-02-27 03:15:00,1772162100000,5162.5,5167.3,5162.3,5166.3,77.443
2026-02-27 03:30:00,1772163000000,5166.3,5168.2,5164.0,5167.5,72.537
2026-02-27 03:45:00,1772163900000,5167.5,5170.7,5165.0,5165.0,63.516
2026-02-27 04:00:00,1772164800000,5165.0,5169.0,5164.8,5167.7,85.431
2026-02-27 04:15:00,1772165700000,5167.7,5169.7,5163.5,5168.4,54.998
2026-02-27 04:30:00,1772166600000,5168.4,5168.8,5166.7,5167.8,20.261
2026-02-27 04:45:00,1772167500000,5167.8,5168.0,5162.2,5162.6,44.583
2026-02-27 05:00:00,1772168400000,5162.6,5168.2,5162.6,5167.6,29.057
2026-02-27 05:15:00,1772169300000,5167.6,5174.3,5167.5,5174.3,48.517
2026-02-27 05:30:00,1772170200000,5174.3,5176.7,5170.9,5172.3,84.269
2026-02-27 05:45:00,1772171100000,5172.3,5181.1,5171.6,5179.1,253.12
2026-02-27 06:00:00,1772172000000,5179.1,5179.7,5175.5,5178.7,119.712
2026-02-27 06:15:00,1772172900000,5178.7,5180.6,5174.1,5174.9,101.568
2026-02-27 06:30:00,1772173800000,5174.9,5177.0,5173.6,5174.5,69.0
2026-02-27 06:45:00,1772174700000,5174.5,5174.5,5167.1,5168.3,134.404
2026-02-27 07:00:00,1772175600000,5168.3,5171.0,5165.0,5165.1,101.207
2026-02-27 07:15:00,1772176500000,5165.1,5168.1,5161.3,5162.2,347.608
2026-02-27 07:30:00,1772177400000,5162.2,5170.4,5159.3,5164.6,625.161
2026-02-27 07:45:00,1772178300000,5164.6,5166.4,5160.7,5160.7,163.796
2026-02-27 08:00:00,1772179200000,5160.7,5166.1,5160.7,5162.6,128.699
2026-02-27 08:15:00,1772180100000,5162.6,5163.9,5159.4,5162.0,107.936
2026-02-27 08:30:00,1772181000000,5162.0,5166.2,5161.6,5165.1,93.406
2026-02-27 08:45:00,1772181900000,5165.1,5169.0,5161.8,5163.4,331.305
2026-02-27 09:00:00,1772182800000,5163.4,5165.6,5160.0,5162.6,80.914
2026-02-27 09:15:00,1772183700000,5162.6,5167.1,5162.0,5163.6,412.065
2026-02-27 09:30:00,1772184600000,5163.6,5164.9,5162.5,5164.6,72.179
2026-02-27 09:45:00,1772185500000,5164.6,5165.8,5157.2,5159.6,143.772
2026-02-27 10:00:00,1772186400000,5159.6,5160.7,5153.5,5157.4,253.183
2026-02-27 10:15:00,1772187300000,5157.4,5165.2,5157.4,5158.1,258.412
2026-02-27 10:30:00,1772188200000,5158.1,5161.0,5154.3,5159.9,280.77
2026-02-27 10:45:00,1772189100000,5159.9,5162.4,5159.1,5161.0,196.327
2026-02-27 11:00:00,1772190000000,5161.0,5161.9,5157.3,5157.3,105.553
2026-02-27 11:15:00,1772190900000,5157.3,5162.1,5156.8,5161.4,137.957
2026-02-27 11:30:00,1772191800000,5161.4,5163.4,5160.7,5161.8,216.042
2026-02-27 11:45:00,1772192700000,5161.8,5169.8,5161.8,5169.5,104.301
2026-02-27 12:00:00,1772193600000,5169.5,5175.2,5169.5,5170.8,317.16
2026-02-27 12:15:00,1772194500000,5170.8,5175.3,5169.2,5171.6,411.279
2026-02-27 12:30:00,1772195400000,5171.6,5172.2,5168.4,5169.9,147.535
2026-02-27 12:45:00,1772196300000,5169.9,5172.2,5166.9,5172.2,580.421
2026-02-27 13:00:00,1772197200000,5172.2,5199.0,5171.7,5195.5,1544.147
2026-02-27 13:15:00,1772198100000,5195.5,5229.2,5193.6,5210.3,3878.826
2026-02-27 13:30:00,1772199000000,5210.3,5213.7,5190.6,5199.4,1259.062
2026-02-27 13:45:00,1772199900000,5199.4,5209.4,5194.2,5207.4,378.062
2026-02-27 14:00:00,1772200800000,5207.4,5213.4,5202.0,5211.8,575.309
2026-02-27 14:15:00,1772201700000,5211.8,5220.6,5208.4,5217.0,404.577
2026-02-27 14:30:00,1772202600000,5217.0,5218.6,5198.8,5210.6,656.428
2026-02-27 14:45:00,1772203500000,5210.6,5212.5,5200.5,5208.5,397.143
2026-02-27 15:00:00,1772204400000,5208.5,5224.7,5205.1,5223.1,440.011
2026-02-27 15:15:00,1772205300000,5223.1,5224.4,5200.5,5215.0,404.308
2026-02-27 15:30:00,1772206200000,5215.0,5220.1,5211.9,5215.4,146.056
2026-02-27 15:45:00,1772207100000,5215.4,5232.8,5214.6,5225.2,724.866
2026-02-27 16:00:00,1772208000000,5225.2,5242.7,5220.1,5241.4,476.355
2026-02-27 16:15:00,1772208900000,5241.4,5244.6,5209.5,5220.1,732.361
2026-02-27 16:30:00,1772209800000,5220.1,5223.5,5215.3,5220.7,344.74
2026-02-27 16:45:00,1772210700000,5220.7,5222.2,5213.5,5216.2,484.884
2026-02-27 17:00:00,1772211600000,5216.2,5222.2,5213.4,5216.5,171.311
2026-02-27 17:15:00,1772212500000,5216.5,5217.8,5210.9,5215.6,164.389
2026-02-27 17:30:00,1772213400000,5215.6,5220.6,5208.4,5219.1,457.871
2026-02-27 17:45:00,1772214300000,5219.1,5222.6,5217.6,5219.6,107.704
2026-02-27 18:00:00,1772215200000,5219.6,5224.0,5218.5,5218.5,202.451
2026-02-27 18:15:00,1772216100000,5218.5,5219.8,5208.9,5216.6,216.232
2026-02-27 18:30:00,1772217000000,5216.6,5225.5,5213.1,5225.2,83.053
2026-02-27 18:45:00,1772217900000,5225.2,5232.0,5224.7,5231.5,164.115
2026-02-27 19:00:00,1772218800000,5231.5,5237.0,5226.7,5233.3,278.954
2026-02-27 19:15:00,1772219700000,5233.3,5238.2,5231.8,5234.8,172.754
2026-02-27 19:30:00,1772220600000,5234.8,5238.0,5232.0,5233.0,103.616
2026-02-27 19:45:00,1772221500000,5233.0,5239.6,5232.9,5238.9,88.356
2026-02-27 20:00:00,1772222400000,5238.9,5241.2,5237.3,5240.5,178.248
2026-02-27 20:15:00,1772223300000,5240.5,5253.0,5240.0,5244.3,629.809
2026-02-27 20:30:00,1772224200000,5244.3,5249.4,5241.8,5247.4,167.338
2026-02-27 20:45:00,1772225100000,5247.4,5254.4,5247.2,5250.4,147.385
2026-02-27 21:00:00,1772226000000,5250.4,5251.9,5245.4,5247.6,336.884
2026-02-27 21:15:00,1772226900000,5247.6,5251.1,5245.2,5249.9,90.509
2026-02-27 21:30:00,1772227800000,5249.9,5261.2,5248.7,5260.1,125.768
2026-02-27 21:45:00,1772228700000,5260.1,5266.2,5258.0,5263.4,267.763
2026-02-27 22:00:00,1772229600000,5263.4,5265.9,5261.9,5265.8,151.361
2026-02-27 22:15:00,1772230500000,5265.8,5272.5,5265.8,5272.1,192.187
2026-02-27 22:30:00,1772231400000,5272.1,5272.9,5266.1,5270.9,214.634
2026-02-27 22:45:00,1772232300000,5270.9,5271.5,5264.2,5266.0,156.821
2026-02-27 23:00:00,1772233200000,5266.0,5266.1,5258.6,5265.4,153.471
2026-02-27 23:15:00,1772234100000,5265.4,5265.4,5260.0,5261.4,136.5
2026-02-27 23:30:00,1772235000000,5261.4,5261.7,5255.0,5257.1,253.957
2026-02-27 23:45:00,1772235900000,5257.1,5257.2,5255.7,5255.7,40.782
2026-02-28 00:00:00,1772236800000,5255.7,5256.3,5251.0,5256.3,183.121
2026-02-28 00:15:00,1772237700000,5256.3,5256.9,5254.6,5254.7,38.974
2026-02-28 00:30:00,1772238600000,5254.7,5258.7,5254.6,5257.9,82.099
2026-02-28 00:45:00,1772239500000,5257.9,5259.1,5254.2,5258.8,98.106
2026-02-28 01:00:00,1772240400000,5258.8,5267.2,5258.8,5266.8,192.878
2026-02-28 01:15:00,1772241300000,5266.8,5272.9,5266.7,5272.1,277.606
2026-02-28 01:30:00,1772242200000,5272.1,5273.9,5263.3,5268.0,841.526
2026-02-28 01:45:00,1772243100000,5268.0,5270.0,5266.9,5267.8,87.303
2026-02-28 02:00:00,1772244000000,5267.8,5270.7,5267.8,5269.3,25.563
2026-02-28 02:15:00,1772244900000,5269.3,5272.0,5268.4,5269.6,80.856
2026-02-28 02:30:00,1772245800000,5269.6,5269.6,5266.9,5268.9,55.363
2026-02-28 02:45:00,1772246700000,5268.9,5268.9,5266.3,5267.1,65.476
2026-02-28 03:00:00,1772247600000,5267.1,5268.4,5267.1,5268.4,20.713
2026-02-28 03:15:00,1772248500000,5268.4,5274.5,5268.3,5274.0,376.353
2026-02-28 03:30:00,1772249400000,5274.0,5274.8,5270.7,5272.9,105.514
2026-02-28 03:45:00,1772250300000,5272.9,5273.0,5270.9,5272.6,25.201
2026-02-28 04:00:00,1772251200000,5272.6,5273.5,5270.7,5273.4,59.4
2026-02-28 04:15:00,1772252100000,5273.4,5277.0,5272.1,5276.9,60.668
2026-02-28 04:30:00,1772253000000,5276.9,5277.6,5274.7,5277.6,51.227
2026-02-28 04:45:00,1772253900000,5277.6,5278.3,5274.7,5277.1,128.838
2026-02-28 05:00:00,1772254800000,5277.1,5277.2,5275.6,5275.6,36.132
2026-02-28 05:15:00,1772255700000,5275.6,5277.7,5275.0,5277.6,38.597
2026-02-28 05:30:00,1772256600000,5277.6,5279.8,5277.6,5279.8,33.375
2026-02-28 05:45:00,1772257500000,5279.8,5282.4,5279.7,5282.4,132.043
2026-02-28 06:00:00,1772258400000,5282.4,5283.0,5278.1,5278.1,108.021
2026-02-28 06:15:00,1772259300000,5278.1,5299.6,5277.1,5298.5,1372.625
2026-02-28 06:30:00,1772260200000,5298.5,5318.0,5295.3,5305.0,3525.686
2026-02-28 06:45:00,1772261100000,5305.0,5307.4,5280.2,5305.5,2126.065
2026-02-28 07:00:00,1772262000000,5305.5,5311.6,5289.1,5299.7,997.141
2026-02-28 07:15:00,1772262900000,5299.7,5304.7,5286.8,5298.6,1475.14
2026-02-28 07:30:00,1772263800000,5298.6,5320.0,5298.1,5309.2,1600.166
2026-02-28 07:45:00,1772264700000,5309.2,5318.3,5304.3,5315.7,1697.431
2026-02-28 08:00:00,1772265600000,5315.7,5335.0,5313.1,5333.5,1154.625
2026-02-28 08:15:00,1772266500000,5333.5,5351.5,5325.7,5349.2,1441.25
2026-02-28 08:30:00,1772267400000,5349.2,5352.2,5329.5,5351.7,1347.355
2026-02-28 08:45:00,1772268300000,5351.7,5368.8,5349.8,5367.3,1114.028
2026-02-28 09:00:00,1772269200000,5367.3,5379.3,5360.6,5365.9,1396.459
2026-02-28 09:15:00,1772270100000,5365.9,5399.0,5365.9,5394.4,2090.41
2026-02-28 09:30:00,1772271000000,5394.4,5428.0,5379.0,5426.7,3829.746
2026-02-28 09:45:00,1772271900000,5426.7,5453.7,5412.0,5442.1,3860.389
2026-02-28 10:00:00,1772272800000,5442.1,5470.7,5442.1,5461.2,2653.904
2026-02-28 10:15:00,1772273700000,5461.2,5461.2,5394.0,5410.2,5227.202
2026-02-28 10:30:00,1772274600000,5410.2,5437.1,5397.9,5434.9,1787.709
2026-02-28 10:45:00,1772275500000,5434.9,5442.4,5406.7,5414.6,1738.662
2026-02-28 11:00:00,1772276400000,5414.6,5425.4,5391.0,5393.5,1635.339
2026-02-28 11:15:00,1772277300000,5393.5,5405.8,5360.6,5386.7,2427.222
2026-02-28 11:30:00,1772278200000,5386.7,5386.7,5350.0,5378.3,2291.263
2026-02-28 11:45:00,1772279100000,5378.3,5392.1,5362.3,5373.2,1278.095
2026-02-28 12:00:00,1772280000000,5373.2,5405.5,5362.9,5398.8,2208.224
2026-02-28 12:15:00,1772280900000,5398.8,5419.5,5392.8,5399.5,1192.858
2026-02-28 12:30:00,1772281800000,5399.5,5399.8,5373.2,5381.9,2263.834
2026-02-28 12:45:00,1772282700000,5381.9,5395.0,5313.3,5326.9,3239.216
2026-02-28 13:00:00,1772283600000,5326.9,5350.0,5315.0,5336.7,2565.725
2026-02-28 13:15:00,1772284500000,5336.7,5359.9,5336.6,5347.3,1221.873
2026-02-28 13:30:00,1772285400000,5347.3,5370.7,5332.0,5332.8,1506.163
2026-02-28 13:45:00,1772286300000,5332.8,5332.8,5303.9,5313.3,2609.914
2026-02-28 14:00:00,1772287200000,5313.3,5321.6,5303.1,5316.2,1177.428
2026-02-28 14:15:00,1772288100000,5316.2,5333.1,5312.8,5329.3,1053.244
2026-02-28 14:30:00,1772289000000,5329.3,5338.6,5307.5,5330.3,986.873
2026-02-28 14:45:00,1772289900000,5330.3,5342.0,5326.6,5337.3,1285.271
2026-02-28 15:00:00,1772290800000,5337.3,5343.1,5332.0,5340.6,686.805
2026-02-28 15:15:00,1772291700000,5340.6,5354.0,5337.0,5347.3,793.664
2026-02-28 15:30:00,1772292600000,5347.3,5350.9,5337.3,5337.8,632.181
2026-02-28 15:45:00,1772293500000,5337.8,5347.5,5329.6,5331.0,1184.698
2026-02-28 16:00:00,1772294400000,5331.0,5349.2,5325.0,5340.9,1145.276
2026-02-28 16:15:00,1772295300000,5340.9,5344.3,5328.8,5340.4,717.616
2026-02-28 16:30:00,1772296200000,5340.4,5353.6,5337.2,5343.5,865.162
2026-02-28 16:45:00,1772297100000,5343.5,5360.0,5340.3,5344.2,1103.511
2026-02-28 17:00:00,1772298000000,5344.2,5346.2,5329.0,5329.1,422.494
2026-02-28 17:15:00,1772298900000,5329.1,5338.0,5323.0,5328.6,529.487
2026-02-28 17:30:00,1772299800000,5328.6,5346.8,5328.0,5346.8,328.349
2026-02-28 17:45:00,1772300700000,5346.8,5347.2,5339.9,5340.0,305.29
2026-02-28 18:00:00,1772301600000,5340.0,5344.0,5335.5,5335.7,234.692
2026-02-28 18:15:00,1772302500000,5335.7,5339.9,5335.4,5338.4,128.252
2026-02-28 18:30:00,1772303400000,5338.4,5338.4,5323.2,5328.5,342.365
2026-02-28 18:45:00,1772304300000,5328.5,5328.5,5311.1,5317.9,949.715
2026-02-28 19:00:00,1772305200000,5317.9,5343.0,5317.5,5339.4,773.802
2026-02-28 19:15:00,1772306100000,5339.4,5343.0,5335.4,5341.9,406.452
2026-02-28 19:30:00,1772307000000,5341.9,5341.9,5320.9,5321.0,424.242
2026-02-28 19:45:00,1772307900000,5321.0,5321.0,5310.0,5311.0,600.749
2026-02-28 20:00:00,1772308800000,5311.0,5325.6,5310.9,5316.8,583.352
2026-02-28 20:15:00,1772309700000,5316.8,5316.8,5290.6,5299.6,1388.947
2026-02-28 20:30:00,1772310600000,5299.6,5307.6,5299.0,5305.5,475.125
2026-02-28 20:45:00,1772311500000,5305.5,5305.5,5292.6,5297.8,317.609
2026-02-28 21:00:00,1772312400000,5297.8,5306.4,5297.7,5304.7,343.105
2026-02-28 21:15:00,1772313300000,5304.7,5316.9,5304.7,5316.3,214.405
2026-02-28 21:30:00,1772314200000,5316.3,5330.9,5314.5,5324.3,466.141
2026-02-28 21:45:00,1772315100000,5324.3,5328.3,5318.1,5318.8,213.727
2026-02-28 22:00:00,1772316000000,5318.8,5318.8,5306.9,5311.4,248.693
2026-02-28 22:15:00,1772316900000,5311.4,5313.5,5307.8,5312.6,200.306
2026-02-28 22:30:00,1772317800000,5312.6,5319.8,5303.8,5310.7,200.664
2026-02-28 22:45:00,1772318700000,5310.7,5315.6,5310.7,5311.5,115.047
2026-02-28 23:00:00,1772319600000,5311.5,5314.6,5308.8,5308.9,124.586
2026-02-28 23:15:00,1772320500000,5308.9,5314.2,5308.4,5310.2,77.624
2026-02-28 23:30:00,1772321400000,5310.2,5311.4,5296.7,5300.8,303.253
2026-02-28 23:45:00,1772322300000,5300.8,5305.5,5300.8,5303.6,245.177
2026-03-01 00:00:00,1772323200000,5303.6,5309.2,5302.9,5302.9,123.868
2026-03-01 00:15:00,1772324100000,5302.9,5317.7,5302.0,5317.7,153.24
2026-03-01 00:30:00,1772325000000,5317.7,5325.4,5316.0,5325.4,251.257
2026-03-01 00:45:00,1772325900000,5325.4,5325.4,5312.7,5317.1,532.235
2026-03-01 01:00:00,1772326800000,5317.1,5319.8,5309.4,5311.8,367.019
2026-03-01 01:15:00,1772327700000,5311.8,5326.2,5309.7,5318.0,659.544
2026-03-01 01:30:00,1772328600000,5318.0,5319.5,5312.5,5312.5,146.831
2026-03-01 01:45:00,1772329500000,5312.5,5312.6,5293.6,5294.7,645.771
2026-03-01 02:00:00,1772330400000,5294.7,5297.1,5280.1,5286.0,1151.366
2026-03-01 02:15:00,1772331300000,5286.0,5291.2,5280.7,5287.6,500.354
2026-03-01 02:30:00,1772332200000,5287.6,5289.1,5270.9,5273.5,905.181
2026-03-01 02:45:00,1772333100000,5273.5,5275.2,5262.5,5269.4,757.31
2026-03-01 03:00:00,1772334000000,5269.4,5273.3,5241.1,5241.9,1322.294
2026-03-01 03:15:00,1772334900000,5241.9,5261.7,5241.9,5258.3,698.399
2026-03-01 03:30:00,1772335800000,5258.3,5259.1,5245.7,5259.1,563.006
2026-03-01 03:45:00,1772336700000,5259.1,5273.5,5255.8,5271.2,439.973
2026-03-01 04:00:00,1772337600000,5271.2,5283.6,5271.1,5274.1,479.532
2026-03-01 04:15:00,1772338500000,5274.1,5285.6,5264.1,5285.5,532.209
2026-03-01 04:30:00,1772339400000,5285.5,5297.4,5284.9,5288.4,368.005
2026-03-01 04:45:00,1772340300000,5288.4,5291.4,5282.3,5286.8,107.546
2026-03-01 05:00:00,1772341200000,5286.8,5286.8,5281.6,5284.2,129.319
2026-03-01 05:15:00,1772342100000,5284.2,5285.1,5276.1,5278.0,230.27
2026-03-01 05:30:00,1772343000000,5278.0,5289.8,5276.1,5287.9,98.591
2026-03-01 05:45:00,1772343900000,5287.9,5291.4,5286.5,5289.6,155.145
2026-03-01 06:00:00,1772344800000,5289.6,5296.7,5287.6,5295.1,549.004
2026-03-01 06:15:00,1772345700000,5295.1,5295.1,5288.9,5289.1,142.105
2026-03-01 06:30:00,1772346600000,5289.1,5307.5,5288.4,5302.0,649.381
2026-03-01 06:45:00,1772347500000,5302.0,5302.0,5291.3,5292.7,365.56
2026-03-01 07:00:00,1772348400000,5292.7,5302.1,5291.8,5293.5,579.677
2026-03-01 07:15:00,1772349300000,5293.5,5296.9,5287.4,5292.5,285.706
2026-03-01 07:30:00,1772350200000,5292.5,5296.9,5289.0,5290.1,232.91
2026-03-01 07:45:00,1772351100000,5290.1,5296.5,5286.5,5293.4,153.392
2026-03-01 08:00:00,1772352000000,5293.4,5301.0,5293.4,5301.0,483.386
2026-03-01 08:15:00,1772352900000,5301.0,5304.7,5300.1,5302.6,501.314
2026-03-01 08:30:00,1772353800000,5302.6,5307.0,5302.0,5305.1,385.899
2026-03-01 08:45:00,1772354700000,5305.1,5307.1,5303.1,5306.4,277.812
2026-03-01 09:00:00,1772355600000,5306.4,5313.0,5306.4,5313.0,338.169
2026-03-01 09:15:00,1772356500000,5313.0,5317.7,5309.9,5317.7,367.179
2026-03-01 09:30:00,1772357400000,5317.7,5324.9,5315.6,5321.6,579.237
2026-03-01 09:45:00,1772358300000,5321.6,5323.8,5313.1,5323.3,478.605
2026-03-01 10:00:00,1772359200000,5323.3,5326.4,5322.3,5326.0,270.191
2026-03-01 10:15:00,1772360100000,5326.0,5345.0,5326.0,5336.6,851.346
2026-03-01 10:30:00,1772361000000,5336.6,5337.6,5310.9,5312.8,958.849
2026-03-01 10:45:00,1772361900000,5312.8,5322.8,5311.0,5321.5,396.869
2026-03-01 11:00:00,1772362800000,5321.5,5326.3,5317.4,5322.8,264.052
2026-03-01 11:15:00,1772363700000,5322.8,5330.0,5320.9,5326.8,293.075
2026-03-01 11:30:00,1772364600000,5326.8,5329.5,5314.5,5315.5,294.975
2026-03-01 11:45:00,1772365500000,5315.5,5323.7,5313.5,5323.7,195.466
2026-03-01 12:00:00,1772366400000,5323.7,5333.4,5323.7,5331.7,286.135
2026-03-01 12:15:00,1772367300000,5331.7,5337.2,5328.7,5337.2,388.203
2026-03-01 12:30:00,1772368200000,5337.2,5339.4,5319.1,5338.1,776.989
2026-03-01 12:45:00,1772369100000,5338.1,5340.2,5330.1,5337.0,242.896
2026-03-01 13:00:00,1772370000000,5337.0,5342.1,5331.3,5338.3,323.577
2026-03-01 13:15:00,1772370900000,5338.3,5341.3,5336.2,5338.3,430.955
2026-03-01 13:30:00,1772371800000,5338.3,5341.6,5331.3,5334.0,275.96
2026-03-01 13:45:00,1772372700000,5334.0,5339.0,5322.0,5322.5,765.625
2026-03-01 14:00:00,1772373600000,5322.5,5344.7,5322.0,5340.1,1007.654
2026-03-01 14:15:00,1772374500000,5340.1,5349.0,5336.4,5341.5,486.459
2026-03-01 14:30:00,1772375400000,5341.5,5344.0,5336.9,5343.2,156.684
2026-03-01 14:45:00,1772376300000,5343.2,5344.8,5338.3,5340.3,128.185
2026-03-01 15:00:00,1772377200000,5340.3,5343.6,5330.0,5333.3,358.689
2026-03-01 15:15:00,1772378100000,5333.3,5340.4,5328.1,5339.2,164.051
2026-03-01 15:30:00,1772379000000,5339.2,5342.6,5335.8,5339.9,153.903
2026-03-01 15:45:00,1772379900000,5339.9,5346.8,5339.3,5346.7,294.87
2026-03-01 16:00:00,1772380800000,5346.7,5359.8,5329.2,5336.2,978.44
2026-03-01 16:15:00,1772381700000,5336.2,5342.9,5331.1,5340.9,408.188
2026-03-01 16:30:00,1772382600000,5340.9,5345.8,5330.9,5338.6,432.36
2026-03-01 16:45:00,1772383500000,5338.6,5344.0,5334.2,5344.0,294.51
2026-03-01 17:00:00,1772384400000,5344.0,5347.5,5343.0,5344.7,251.386
2026-03-01 17:15:00,1772385300000,5344.7,5350.0,5342.3,5346.1,402.334
2026-03-01 17:30:00,1772386200000,5346.1,5347.0,5342.3,5346.4,138.245
2026-03-01 17:45:00,1772387100000,5346.4,5348.2,5345.7,5346.2,131.458
2026-03-01 18:00:00,1772388000000,5346.2,5348.3,5345.2,5347.4,308.901
2026-03-01 18:15:00,1772388900000,5347.4,5347.9,5343.9,5344.7,324.537
2026-03-01 18:30:00,1772389800000,5344.7,5346.4,5342.6,5345.0,178.801
2026-03-01 18:45:00,1772390700000,5345.0,5345.4,5342.9,5344.0,97.844
2026-03-01 19:00:00,1772391600000,5344.0,5346.9,5337.2,5337.6,344.743
2026-03-01 19:15:00,1772392500000,5337.6,5347.1,5336.1,5347.0,210.954
2026-03-01 19:30:00,1772393400000,5347.0,5348.0,5338.4,5344.6,217.646
2026-03-01 19:45:00,1772394300000,5344.6,5347.9,5342.5,5346.8,328.071
2026-03-01 20:00:00,1772395200000,5346.8,5363.5,5346.4,5349.0,1353.797
2026-03-01 20:15:00,1772396100000,5349.0,5350.1,5346.1,5349.2,398.526
2026-03-01 20:30:00,1772397000000,5349.2,5370.0,5347.7,5364.7,1538.588
2026-03-01 20:45:00,1772397900000,5364.7,5367.2,5346.4,5348.1,1117.619
2026-03-01 21:00:00,1772398800000,5348.1,5352.2,5346.2,5348.7,534.115
2026-03-01 21:15:00,1772399700000,5348.7,5352.0,5342.6,5346.0,533.346
2026-03-01 21:30:00,1772400600000,5346.0,5355.7,5343.5,5350.5,521.079
2026-03-01 21:45:00,1772401500000,5350.5,5352.2,5326.4,5347.2,1256.67
2026-03-01 22:00:00,1772402400000,5347.2,5358.6,5342.8,5345.6,479.633
2026-03-01 22:15:00,1772403300000,5345.6,5351.2,5330.0,5348.0,739.225
2026-03-01 22:30:00,1772404200000,5348.0,5360.8,5348.0,5356.0,391.632
2026-03-01 22:45:00,1772405100000,5356.0,5360.1,5344.4,5360.1,891.147
2026-03-01 23:00:00,1772406000000,5360.1,5368.3,5270.0,5330.3,6954.017
2026-03-01 23:15:00,1772406900000,5330.3,5337.5,5319.7,5332.2,1645.934
2026-03-01 23:30:00,1772407800000,5332.2,5370.0,5329.5,5364.4,1179.659
2026-03-01 23:45:00,1772408700000,5364.4,5369.9,5356.6,5363.6,1133.28
2026-03-02 00:00:00,1772409600000,5363.6,5367.2,5344.2,5355.5,1171.089
2026-03-02 00:15:00,1772410500000,5355.5,5355.5,5325.8,5340.7,953.756
2026-03-02 00:30:00,1772411400000,5340.7,5349.1,5335.0,5343.7,445.295
2026-03-02 00:45:00,1772412300000,5343.7,5344.8,5320.9,5326.3,582.1
2026-03-02 01:00:00,1772413200000,5326.3,5326.3,5296.4,5318.4,1360.027
2026-03-02 01:15:00,1772414100000,5318.4,5322.7,5279.6,5286.5,1006.649
2026-03-02 01:30:00,1772415000000,5286.5,5315.2,5285.0,5311.2,629.073
2026-03-02 01:45:00,1772415900000,5311.2,5314.5,5299.9,5302.5,413.141
2026-03-02 02:00:00,1772416800000,5302.5,5311.9,5294.4,5304.8,400.293
2026-03-02 02:15:00,1772417700000,5304.8,5314.9,5303.2,5307.8,414.107
2026-03-02 02:30:00,1772418600000,5307.8,5327.2,5305.4,5327.2,260.876
2026-03-02 02:45:00,1772419500000,5327.2,5327.2,5317.6,5322.2,267.825
2026-03-02 03:00:00,1772420400000,5322.2,5332.1,5320.8,5330.2,308.435
2026-03-02 03:15:00,1772421300000,5330.2,5333.9,5325.2,5329.6,270.062
2026-03-02 03:30:00,1772422200000,5329.6,5337.2,5327.9,5334.7,569.361
2026-03-02 03:45:00,1772423100000,5334.7,5339.2,5333.5,5339.1,506.658
2026-03-02 04:00:00,1772424000000,5339.1,5339.5,5327.4,5328.1,563.401
2026-03-02 04:15:00,1772424900000,5328.1,5337.9,5328.0,5335.8,315.218
2026-03-02 04:30:00,1772425800000,5335.8,5335.9,5318.9,5325.7,373.344
2026-03-02 04:45:00,1772426700000,5325.7,5329.3,5322.2,5326.6,200.772
2026-03-02 05:00:00,1772427600000,5326.6,5326.6,5316.3,5320.6,326.373
2026-03-02 05:15:00,1772428500000,5320.6,5322.9,5312.3,5319.7,193.584
2026-03-02 05:30:00,1772429400000,5319.7,5334.5,5319.4,5331.9,268.893
2026-03-02 05:45:00,1772430300000,5331.9,5337.3,5330.8,5336.9,263.367
2026-03-02 06:00:00,1772431200000,5336.9,5349.9,5334.4,5345.9,503.083
2026-03-02 06:15:00,1772432100000,5345.9,5352.0,5344.9,5351.9,373.735
2026-03-02 06:30:00,1772433000000,5351.9,5352.0,5344.9,5347.0,416.951
2026-03-02 06:45:00,1772433900000,5347.0,5360.7,5347.0,5357.9,461.994
2026-03-02 07:00:00,1772434800000,5357.9,5379.8,5355.6,5379.5,919.619
2026-03-02 07:15:00,1772435700000,5379.5,5391.2,5378.2,5380.9,829.424
2026-03-02 07:30:00,1772436600000,5380.9,5382.7,5372.8,5373.9,924.895
2026-03-02 07:45:00,1772437500000,5373.9,5385.7,5373.8,5379.8,621.552
2026-03-02 08:00:00,1772438400000,5379.8,5382.6,5373.4,5380.5,2171.165
2026-03-02 08:15:00,1772439300000,5380.5,5384.3,5372.4,5384.2,656.084
2026-03-02 08:30:00,1772440200000,5384.2,5386.2,5367.2,5371.5,558.6
2026-03-02 08:45:00,1772441100000,5371.5,5380.9,5361.6,5362.8,634.418
2026-03-02 09:00:00,1772442000000,5362.8,5370.8,5360.3,5367.6,572.443
2026-03-02 09:15:00,1772442900000,5367.6,5370.6,5360.8,5366.0,533.125
2026-03-02 09:30:00,1772443800000,5366.0,5376.0,5365.9,5371.3,851.737
2026-03-02 09:45:00,1772444700000,5371.3,5371.3,5361.9,5368.0,673.743
2026-03-02 10:00:00,1772445600000,5368.0,5373.7,5353.4,5371.1,1092.698
2026-03-02 10:15:00,1772446500000,5371.1,5371.1,5360.7,5366.4,785.035
2026-03-02 10:30:00,1772447400000,5366.4,5375.6,5363.4,5375.6,386.565
2026-03-02 10:45:00,1772448300000,5375.6,5376.2,5358.4,5364.7,376.467
2026-03-02 11:00:00,1772449200000,5364.7,5369.6,5357.1,5362.4,396.684
2026-03-02 11:15:00,1772450100000,5362.4,5370.4,5362.4,5366.5,570.731
2026-03-02 11:30:00,1772451000000,5366.5,5373.0,5364.4,5364.4,278.804
2026-03-02 11:45:00,1772451900000,5364.4,5364.5,5348.0,5359.2,565.345
2026-03-02 12:00:00,1772452800000,5359.2,5371.2,5353.2,5365.1,320.787
2026-03-02 12:15:00,1772453700000,5365.1,5369.2,5358.6,5366.9,315.555
2026-03-02 12:30:00,1772454600000,5366.9,5371.1,5361.6,5369.0,331.038
2026-03-02 12:45:00,1772455500000,5369.0,5371.0,5359.0,5369.6,304.334
2026-03-02 13:00:00,1772456400000,5369.6,5381.3,5356.7,5358.6,643.275
2026-03-02 13:15:00,1772457300000,5358.6,5381.2,5358.5,5373.9,754.185
2026-03-02 13:30:00,1772458200000,5373.9,5385.0,5363.1,5363.6,1134.08
2026-03-02 13:45:00,1772459100000,5363.6,5371.0,5361.9,5366.7,678.775
2026-03-02 14:00:00,1772460000000,5366.7,5367.1,5336.0,5346.8,1455.876
2026-03-02 14:15:00,1772460900000,5346.8,5348.8,5282.4,5308.9,3834.594
2026-03-02 14:30:00,1772461800000,5308.9,5331.3,5283.4,5321.9,2926.815
2026-03-02 14:45:00,1772462700000,5321.9,5325.7,5294.5,5305.0,1714.972
2026-03-02 15:00:00,1772463600000,5305.0,5318.8,5283.1,5305.7,1520.538
2026-03-02 15:15:00,1772464500000,5305.7,5307.1,5287.0,5296.2,1422.009
2026-03-02 15:30:00,1772465400000,5296.2,5313.6,5296.0,5304.9,708.538
2026-03-02 15:45:00,1772466300000,5304.9,5306.9,5264.7,5273.6,1951.022
2026-03-02 16:00:00,1772467200000,5273.6,5273.7,5216.7,5260.0,5305.85
2026-03-02 16:15:00,1772468100000,5260.0,5273.8,5242.1,5270.6,1188.116
2026-03-02 16:30:00,1772469000000,5270.6,5272.8,5243.2,5265.0,999.966
2026-03-02 16:45:00,1772469900000,5265.0,5268.9,5255.2,5255.2,726.916
2026-03-02 17:00:00,1772470800000,5255.2,5276.5,5253.5,5266.5,628.278
2026-03-02 17:15:00,1772471700000,5266.5,5281.4,5261.5,5274.3,560.568
2026-03-02 17:30:00,1772472600000,5274.3,5288.4,5272.5,5273.5,615.604
2026-03-02 17:45:00,1772473500000,5273.5,5279.7,5267.2,5276.3,375.49
2026-03-02 18:00:00,1772474400000,5276.3,5277.5,5258.4,5263.8,350.026
2026-03-02 18:15:00,1772475300000,5263.8,5275.6,5263.8,5268.5,240.505
2026-03-02 18:30:00,1772476200000,5268.5,5274.0,5262.1,5274.0,242.519
2026-03-02 18:45:00,1772477100000,5274.0,5287.4,5273.0,5286.0,350.586
2026-03-02 19:00:00,1772478000000,5286.0,5300.5,5284.6,5296.9,723.236
2026-03-02 19:15:00,1772478900000,5296.9,5301.4,5286.3,5298.9,304.319
2026-03-02 19:30:00,1772479800000,5298.9,5303.0,5292.4,5293.0,316.22
2026-03-02 19:45:00,1772480700000,5293.0,5301.1,5291.0,5298.4,276.526
2026-03-02 20:00:00,1772481600000,5298.4,5312.0,5296.4,5305.8,546.016
2026-03-02 20:15:00,1772482500000,5305.8,5315.5,5298.2,5303.8,568.888
2026-03-02 20:30:00,1772483400000,5303.8,5313.7,5302.4,5310.3,232.223
2026-03-02 20:45:00,1772484300000,5310.3,5310.4,5298.5,5301.0,358.02
2026-03-02 21:00:00,1772485200000,5301.0,5306.3,5300.7,5301.4,289.782
2026-03-02 21:15:00,1772486100000,5301.4,5306.5,5301.0,5301.9,164.324
2026-03-02 21:30:00,1772487000000,5301.9,5302.0,5294.2,5300.3,335.889
2026-03-02 21:45:00,1772487900000,5300.3,5300.4,5287.8,5288.1,213.842
2026-03-02 22:00:00,1772488800000,5288.1,5288.2,5281.5,5285.2,379.579
2026-03-02 22:15:00,1772489700000,5285.2,5295.0,5285.2,5290.9,112.906
2026-03-02 22:30:00,1772490600000,5290.9,5293.3,5287.0,5287.7,105.354
2026-03-02 22:45:00,1772491500000,5287.7,5288.6,5284.5,5287.0,74.941
2026-03-02 23:00:00,1772492400000,5287.0,5314.2,5287.0,5305.1,498.813
2026-03-02 23:15:00,1772493300000,5305.1,5308.3,5296.7,5304.3,148.412
2026-03-02 23:30:00,1772494200000,5304.3,5304.4,5297.8,5299.0,225.498
